shard,id,name,verdict,score,auto_lock,events,coverage_h,span_h,gaps_gt_2h,empty_desc,title_ar_pct,title_latin_pct,desc_ar_pct,feed_country,issues,warnings,preview_1,preview_2
provider-alkass,2023 Alkass 1.qa,2023 Alkass 1.qa,REVIEW,84,0,16,17.98,17.98,0,0,0.0,100.0,100.0,qa,,STALE_YEAR_IN_ID; ARABIC_PROVIDER_TITLE_AR_LOW=0%,The Council,Preview
provider-alkass,2023 Alkass 2.qa,2023 Alkass 2.qa,REVIEW,84,0,19,17.98,17.98,0,0,0.0,100.0,100.0,qa,,STALE_YEAR_IN_ID; ARABIC_PROVIDER_TITLE_AR_LOW=0%,Akhbar,Dawry Al Darajah Al Thanya Al Qatary
provider-alkass,2023 Alkass 3.qa,2023 Alkass 3.qa,REVIEW,84,0,19,21.98,22.5,0,0,0.0,100.0,100.0,qa,,STALE_YEAR_IN_ID; ARABIC_PROVIDER_TITLE_AR_LOW=0%,Akhbar,Dawry Al Darajah Al Thanya Al Qatary
provider-alkass,2023 Alkass 4.qa,2023 Alkass 4.qa,REVIEW,76,0,15,18.48,18.48,0,0,0.0,100.0,100.0,qa,,LONG_GT_6H=1; STALE_YEAR_IN_ID; ARABIC_PROVIDER_TITLE_AR_LOW=0%,Derby Tunis,Auto Mundial
provider-alkass,2023 Alkass 5.qa,2023 Alkass 5.qa,REVIEW,84,0,19,17.98,17.98,0,0,0.0,100.0,100.0,qa,,STALE_YEAR_IN_ID; ARABIC_PROVIDER_TITLE_AR_LOW=0%,NEWS,Second Division / Lusail VS Al Bidda
provider-alkass,2023 Alkass 6.qa,2023 Alkass 6.qa,REVIEW,92,0,43,45.47,46.5,0,0,100.0,0.0,100.0,qa,,STALE_YEAR_IN_ID,أخبار,دوري الدرجة الثانية القطري
provider-alkass,2023 Alkass 7.qa,2023 Alkass 7.qa,REVIEW,92,0,44,45.97,47.0,0,0,100.0,0.0,100.0,qa,,STALE_YEAR_IN_ID,ذا فوتبول ريفيو,معرض كتارا الدولي للصيد والصقور سهيل
provider-alkass,2023 Alkass 8.qa,2023 Alkass 8.qa,REVIEW,92,0,34,45.97,47.0,0,0,100.0,0.0,100.0,qa,,STALE_YEAR_IN_ID,سباق الهجن,دوري نجوم قطر
provider-alkass,AlkassFive.qa@SD,Alkass Five,PASS,100,1,13,16.0,16.0,0,0,100.0,0.0,100.0,qa,,,مهرجان يورك إيبور,بطولة آسيا للشباب لكرة اليد
provider-bein,4k_DIGITAL_Mono_AR.bein,4k_DIGITAL_Mono_AR,REVIEW,92,0,20,38.78,38.78,0,0,75.0,100.0,100.0,,,LOW_TITLE_DIVERSITY=20%; DUPLICATE_TIMELINE_GROUP=2; DUPLICATE_TIMELINE_UNRELATED,Sunderland v Arsenal - الدوري الإنجليزي الممتاز,Main Race - F1 Spanish Grand Prix - FIA Formula 1 World Championship
provider-bein,beIN Drama.eg,beIN Drama.eg,REVIEW,84,0,15,14.0,14.0,0,15,6.7,100.0,0.0,eg,,EMPTY_DESC=15(100%); PREMIUM_AR_DESC_LOW=0%,Darb Al Thahab,Mazad El Shar
provider-bein,BeIn Series HD 1.eg,BeIn Series HD 1.eg,REVIEW,84,0,14,14.0,14.0,0,14,0.0,85.7,0.0,eg,,EMPTY_DESC=14(100%); PREMIUM_AR_DESC_LOW=0%,Shark Tank,Matlock S2
provider-bein,beIN Series HD 2.eg,beIN Series HD 2.eg,REVIEW,84,0,17,14.42,14.42,0,17,0.0,100.0,0.0,eg,,EMPTY_DESC=17(100%); PREMIUM_AR_DESC_LOW=0%,Black Clover S3,Black Clover S3
provider-bein,beIN SPORTS 1.qa,beIN SPORTS 1.qa,PASS,100,1,38,46.67,46.67,0,0,86.8,100.0,100.0,qa,,,Philippines vs Uzbekistan - Football Women's - Asian Games Aichi-Nagoya 2026 - FBL03,Manchester United vs Manchester City - الدوري الإنجليزي الممتاز
provider-bein,beIN SPORTS EN 1.qa,beIN SPORTS EN 1.qa,PASS,100,1,40,47.0,47.0,0,0,77.5,100.0,100.0,qa,,,Coventry City vs Brighton - الدوري الإنجليزي الممتاز,Manchester United vs Manchester City - الدوري الإنجليزي الممتاز
provider-bein,beIN SPORTS EN 2.qa,beIN SPORTS EN 2.qa,PASS,100,1,36,48.75,48.75,0,0,27.8,100.0,100.0,qa,,,China vs Philippines - Basketball Men - Asian Games Aichi-Nagoya 2026 - BKB06,Chinese Taipei vs Vietnam - Football Women's - Asian Games Aichi-Nagoya 2026 - FBL01
provider-bein,bein SPORTS FTA DIGITAL.qa,bein SPORTS FTA DIGITAL.qa,PASS,100,1,27,47.17,47.67,0,0,0.0,100.0,100.0,qa,,,Bahrain vs Kazakhstan - Basketball Men - Asian Games Aichi-Nagoya 2026 -BKB05,China vs Philippines - Basketball Men - Asian Games Aichi-Nagoya 2026 - BKB06
provider-bein,beIN SPORTS MAX 1.qa,beIN SPORTS MAX 1.qa,NO_EPG,65,0,0,0.0,0.0,0,0,0.0,0.0,0.0,qa,NO_PROGRAMMES,,,
provider-bein,beIN SPORTS MAX 2.qa,beIN SPORTS MAX 2.qa,NO_EPG,65,0,0,0.0,0.0,0,0,0.0,0.0,0.0,qa,NO_PROGRAMMES,,,
provider-bein,beIN SPORTS MAX 3.qa,beIN SPORTS MAX 3.qa,NO_EPG,65,0,0,0.0,0.0,0,0,0.0,0.0,0.0,qa,NO_PROGRAMMES,,,
provider-bein,beIN SPORTS MAX 4.qa,beIN SPORTS MAX 4.qa,NO_EPG,65,0,0,0.0,0.0,0,0,0.0,0.0,0.0,qa,NO_PROGRAMMES,,,
provider-bein,beIN SPORTS MAX 5.qa,beIN SPORTS MAX 5.qa,NO_EPG,65,0,0,0.0,0.0,0,0,0.0,0.0,0.0,qa,NO_PROGRAMMES,,,
provider-bein,beIN SPORTS MAX 6.qa,beIN SPORTS MAX 6.qa,NO_EPG,65,0,0,0.0,0.0,0,0,0.0,0.0,0.0,qa,NO_PROGRAMMES,,,
provider-bein,beIN SPORTS NEWS.qa,beIN SPORTS NEWS.qa,PASS,100,1,79,46.0,46.0,0,0,31.6,100.0,100.0,qa,,,The Issue of The Day,Al Hassad
provider-bein,beIN SPORTS XTRA 04 bein.com.qa,beIN SPORTS XTRA 04 bein.com.qa,NO_EPG,65,0,0,0.0,0.0,0,0,0.0,0.0,0.0,qa,NO_PROGRAMMES,,,
provider-bein,beIN SPORTS XTRA 05 bein.com.qa,beIN SPORTS XTRA 05 bein.com.qa,NO_EPG,65,0,0,0.0,0.0,0,0,0.0,0.0,0.0,qa,NO_PROGRAMMES,,,
provider-bein,beIN SPORTS XTRA 3.qa,beIN SPORTS XTRA 3.qa,NO_EPG,65,0,0,0.0,0.0,0,0,0.0,0.0,0.0,qa,NO_PROGRAMMES,,,
provider-bein,beIN SPORTS XTRA 4.qa,beIN SPORTS XTRA 4.qa,NO_EPG,65,0,0,0.0,0.0,0,0,0.0,0.0,0.0,qa,NO_PROGRAMMES,,,
provider-bein,beIN SPORTS XTRA 5.qa,beIN SPORTS XTRA 5.qa,NO_EPG,65,0,0,0.0,0.0,0,0,0.0,0.0,0.0,qa,NO_PROGRAMMES,,,
provider-bein,beIN SPORTS XTRA 6.qa,beIN SPORTS XTRA 6.qa,NO_EPG,65,0,0,0.0,0.0,0,0,0.0,0.0,0.0,qa,NO_PROGRAMMES,,,
provider-bein,beIN SPORTS XTRA 7.qa,beIN SPORTS XTRA 7.qa,NO_EPG,65,0,0,0.0,0.0,0,0,0.0,0.0,0.0,qa,NO_PROGRAMMES,,,
provider-bein,beIN SPORTS XTRA 8.qa,beIN SPORTS XTRA 8.qa,NO_EPG,65,0,0,0.0,0.0,0,0,0.0,0.0,0.0,qa,NO_PROGRAMMES,,,
provider-bein,beIN SPORTS XTRA 9.qa,beIN SPORTS XTRA 9.qa,NO_EPG,65,0,0,0.0,0.0,0,0,0.0,0.0,0.0,qa,NO_PROGRAMMES,,,
provider-bein,beIN SPORTS-boxoffice-bein.com.qa,beIN SPORTS-boxoffice-bein.com.qa,PASS,100,1,28,46.97,48.0,0,0,0.0,100.0,100.0,qa,,,Operation Fortune: Ruse De Guerre,Enhanced
provider-bein,beIN SPORTS.qa,beIN SPORTS.qa,REVIEW,92,0,23,47.92,47.92,0,0,0.0,100.0,100.0,qa,,LONG_GT_6H=1,China vs Philippines - Basketball Men - Asian Games Aichi-Nagoya 2026 - BKB06,Chinese Taipei vs Vietnam - Football Women's - Asian Games Aichi-Nagoya 2026 - FBL01
provider-bein,bein.com-05.qa,bein.com-05.qa,NO_EPG,65,0,0,0.0,0.0,0,0,0.0,0.0,0.0,qa,NO_PROGRAMMES,,,
provider-bein,bein.com-06.qa,bein.com-06.qa,NO_EPG,65,0,0,0.0,0.0,0,0,0.0,0.0,0.0,qa,NO_PROGRAMMES,,,
provider-bein,bein.com-07.qa,bein.com-07.qa,NO_EPG,65,0,0,0.0,0.0,0,0,0.0,0.0,0.0,qa,NO_PROGRAMMES,,,
provider-bein,bein.com-08.qa,bein.com-08.qa,NO_EPG,65,0,0,0.0,0.0,0,0,0.0,0.0,0.0,qa,NO_PROGRAMMES,,,
provider-bein,beIN4K.qa@SD,beIN 4K,REVIEW,92,0,20,38.78,38.78,0,0,75.0,100.0,100.0,qa,,LOW_TITLE_DIVERSITY=20%; DUPLICATE_TIMELINE_GROUP=2; DUPLICATE_TIMELINE_UNRELATED,Sunderland v Arsenal - الدوري الإنجليزي الممتاز,Main Race - F1 Spanish Grand Prix - FIA Formula 1 World Championship
provider-bein,beIN_SPORTS3_DIGITAL_Mono_EN.bein,beIN_SPORTS3_DIGITAL_Mono_EN,REVIEW,92,0,12,27.0,49.0,1,0,0.0,100.0,100.0,,,GAPS_GT_2H=1/TOTAL=22.0h,Levante vs Barcelona,West Ham Utd vs Wrexham
provider-bein,beIN_SPORTS4_DIGITAL_Mono_EN.bein,beIN_SPORTS4_DIGITAL_Mono_EN,REVIEW,92,0,15,28.17,49.75,1,0,13.3,100.0,100.0,,,GAPS_GT_2H=1/TOTAL=21.6h,Portugal vs Costa Rica,Levante vs Barcelona
provider-bein,beIN_SPORTS5_DIGITAL_Mono_EN.bein,beIN_SPORTS5_DIGITAL_Mono_EN,PASS,100,1,18,42.25,42.25,0,0,5.6,100.0,100.0,,,,Korea Republic vs Ecuador,Auxerre vs Nice
provider-bein,beIN_SPORTS7_DIGITAL_Mono_EN.bein,beIN_SPORTS7_DIGITAL_Mono_EN,REVIEW,92,0,11,27.75,48.75,1,0,0.0,100.0,100.0,,,GAPS_GT_2H=1/TOTAL=21.0h,Aryna Sabalenka vs Elena Rybakina,Christian Harrison (USA) vs Xinran Sun (CHN) vs Neal Skupski (GBR) vs Kevin Krawietz (GER)
provider-bein,beIN_SPORTS_XTRA_06_bein.com_EN.bein,beIN_SPORTS_XTRA_06_bein.com_EN,NO_EPG,65,0,0,0.0,0.0,0,0,0.0,0.0,0.0,,NO_PROGRAMMES,,,
provider-bein,beIN_SPORTS_XTRA_07_bein.com_EN.bein,beIN_SPORTS_XTRA_07_bein.com_EN,NO_EPG,65,0,0,0.0,0.0,0,0,0.0,0.0,0.0,,NO_PROGRAMMES,,,
provider-bein,beIN_SPORTS_XTRA_08_Bein.com_EN.bein,beIN_SPORTS_XTRA_08_Bein.com_EN,NO_EPG,65,0,0,0.0,0.0,0,0,0.0,0.0,0.0,,NO_PROGRAMMES,,,
provider-bein,beIN_SPORTS_XTRA_Digital_09_Bein.com_EN.bein,beIN_SPORTS_XTRA_Digital_09_Bein.com_EN,NO_EPG,65,0,0,0.0,0.0,0,0,0.0,0.0,0.0,,NO_PROGRAMMES,,,
provider-bein,beINDrama1.qa@SD,بي إن دراما,REVIEW,84,0,15,14.0,14.0,0,1,100.0,6.7,100.0,qa,,EMPTY_DESC=1(7%); PREMIUM_TITLE_LATIN_LOW=7%,درب الذهب,مزاد الشر
provider-bein,beINGourmet.qa@SD,beINGOURMET,REVIEW,84,0,14,14.0,14.0,0,14,100.0,71.4,0.0,qa,,EMPTY_DESC=14(100%); PREMIUM_AR_DESC_LOW=0%,E7 | S1 عزابي,سوبر موم S1
provider-bein,beINMovies1Premiere.qa@SD,beINMOVIES1,REVIEW,76,0,20,38.52,38.52,0,20,100.0,0.0,0.0,qa,,EMPTY_DESC=20(100%); PREMIUM_TITLE_LATIN_LOW=0%; PREMIUM_AR_DESC_LOW=0%,هاي غراوند,قوة الطبيعة: الجفاف
provider-bein,beINMovies2Action.qa@SD,beINMOVIES2,REVIEW,76,0,21,39.02,39.02,0,21,100.0,0.0,0.0,qa,,EMPTY_DESC=21(100%); PREMIUM_TITLE_LATIN_LOW=0%; PREMIUM_AR_DESC_LOW=0%,رجال بملابس السوداء: دوليين,ظلال الشك
provider-bein,beINMovies3Drama.qa@SD,beINMOVIES3,REVIEW,76,0,21,39.23,39.23,0,21,100.0,14.3,0.0,qa,,EMPTY_DESC=21(100%); PREMIUM_TITLE_LATIN_LOW=14%; PREMIUM_AR_DESC_LOW=0%,إجازة تطوعية,عائلة آدامز
provider-bein,beINMovies4Family.qa@SD,beINMOVIES4,REVIEW,76,0,10,16.0,16.0,0,10,100.0,0.0,0.0,qa,,EMPTY_DESC=10(100%); PREMIUM_TITLE_LATIN_LOW=0%; PREMIUM_AR_DESC_LOW=0%,دورا ومدينة الذهب المفقودة,الموبتس يغزون مانهاتن
provider-bein,beINSeries1.qa@SD,beINSERIES1,REVIEW,84,0,15,14.0,14.0,0,15,100.0,86.7,0.0,qa,,EMPTY_DESC=15(100%); PREMIUM_AR_DESC_LOW=0%,E7 | S8 كل أمريكي,E19 | S2 وثيقة
provider-bein,beINSeries2.qa@SD,بي إن سيريس إتش...,PASS,100,1,14,12.0,12.0,0,0,100.0,100.0,100.0,qa,,,Dexter S6,From
provider-bein,beINSports2.qa@MENA,beINSPORTS2,REVIEW,92,0,25,50.25,50.25,0,0,84.0,100.0,100.0,qa,,LONG_GT_6H=1,Sheffield Utd vs Wolverhampton Wanderers - دوري البطولة الإنجليزية,North Korea vs Bangladesh - Football Women's - Asian Games Aichi-Nagoya 2026 - FBL02
provider-bein,beINSports3.qa@MENA,beINSPORTS3,PASS,100,1,27,48.12,48.12,0,0,96.3,100.0,100.0,qa,,,Le Mans vs Lens - الدوري الفرنسي,Real Sociedad vs Atletico Madrid - الدوري الإسباني
provider-bein,beINSports4.qa@MENA,beINSPORT4,PASS,100,1,26,46.13,46.13,0,0,73.1,100.0,100.0,qa,,,Portugal vs Costa Rica - FIFA U-20 Women World Cup,Auxerre vs Nice - الدوري الفرنسي
provider-bein,beINSports5.qa@MENA,beINSPORTS5,PASS,100,1,22,49.93,49.93,0,0,59.1,100.0,100.0,qa,,,Korea Republic vs Ecuador - FIFA U-20 Women World Cup,Celta Vigo vs Malaga - الدوري الإسباني
provider-bein,beINSports6.qa@MENA,beINSPORTS6,REVIEW,92,0,22,39.17,42.0,1,0,40.9,100.0,100.0,qa,,GAPS_GT_2H=1/TOTAL=2.8h,Trofeo Pirelli Race 1 - Hungaroring Round - Ferrari Challenge,Rennes vs Marseille - الدوري الفرنسي
provider-bein,beINSports7.qa@MENA,beINSPORTS7,PASS,100,1,20,49.5,49.5,0,0,0.0,100.0,100.0,qa,,,Aryna Sabalenka vs Elena Rybakina - Arthur Ashe Court - Tennis US Open 2026 - Women's Singles Final,Katerina Siniakova (CZE) / Taylor Townsend (USA) vs Ashlyn Krueger (USA) / Robin Montgomery (USA)
provider-bein,beINSports8.qa@MENA,beINSPORTS8,PASS,100,1,33,46.0,46.0,0,0,6.1,100.0,100.0,qa,,,Sprint Race - Madrid Round - FIA Formula 3 Championship,Feature Race 1 - Madrid Round - FIA Formula 3 Championship
provider-bein,beINSports9.qa@MENA,beINSPORTS9,PASS,100,1,35,46.8,46.8,0,0,0.0,100.0,100.0,qa,,,Longines Global Champions Tour - Madrid Jumping - LGCT GRAND PRIX,Longines Global Champions Tour - Cannes Jumping - Round 1 Competition Team
provider-bein,beINSportsMax1.qa@MENA,beINSPORTSMAX1,NO_EPG,65,0,0,0.0,0.0,0,0,0.0,0.0,0.0,qa,NO_PROGRAMMES,,,
provider-bein,beINSportsMax2.qa@MENA,beINSPORTSMAX2,NO_EPG,65,0,0,0.0,0.0,0,0,0.0,0.0,0.0,qa,NO_PROGRAMMES,,,
provider-bein,beINSportsMax3.qa@MENA,beINSPORTSMAX3,NO_EPG,65,0,0,0.0,0.0,0,0,0.0,0.0,0.0,qa,NO_PROGRAMMES,,,
provider-bein,beINSportsMax4.qa@MENA,beINSPORTSMAX4,NO_EPG,65,0,0,0.0,0.0,0,0,0.0,0.0,0.0,qa,NO_PROGRAMMES,,,
provider-bein,beINSportsMax5.qa@MENA,beINSPORTSMAX5,NO_EPG,65,0,0,0.0,0.0,0,0,0.0,0.0,0.0,qa,NO_PROGRAMMES,,,
provider-bein,beINSportsMax6.qa@MENA,beINSPORTSMAX6,NO_EPG,65,0,0,0.0,0.0,0,0,0.0,0.0,0.0,qa,NO_PROGRAMMES,,,
provider-bein,beINSportsXtra1.qa@SD,beIN SPORTS XTRA 1,NO_EPG,65,0,0,0.0,0.0,0,0,0.0,0.0,0.0,qa,NO_PROGRAMMES,,,
provider-bein,beINSportsXtra2.qa@SD,beIN SPORTS XTRA 2,NO_EPG,65,0,0,0.0,0.0,0,0,0.0,0.0,0.0,qa,NO_PROGRAMMES,,,
provider-bein,beINSPORTSXTRA3.qa,beINSPORTSXTRA3.qa,NO_EPG,65,0,0,0.0,0.0,0,0,0.0,0.0,0.0,qa,NO_PROGRAMMES,,,
provider-bein,NEWS_DIGITAL_Mono_AR.bein,NEWS_DIGITAL_Mono_AR,REVIEW,92,0,75,42.0,42.0,0,0,100.0,100.0,100.0,,,DUPLICATE_TIMELINE_GROUP=2,Al Hassad,News Bulletin - نشرة الأخبار
provider-bein,NEWS_DIGITAL_Mono_EN.bein,NEWS_DIGITAL_Mono_EN,REVIEW,92,0,75,42.0,42.0,0,0,33.3,100.0,100.0,,,DUPLICATE_TIMELINE_GROUP=2,Al Hassad,News Bulletin - نشرة الأخبار
provider-osn,Osn Ya Hala Aflam.eg,Osn Ya Hala Aflam.eg,REVIEW,84,0,15,25.42,25.42,0,15,0.0,100.0,0.0,eg,,EMPTY_DESC=15(100%); PREMIUM_AR_DESC_LOW=0%,Taslim Ahali,Ibn El Hajj Ahmad
provider-osn,OSN Ya Hala.eg,OSN Ya Hala.eg,REVIEW,84,0,34,25.58,25.58,0,34,0.0,100.0,0.0,eg,,EMPTY_DESC=34(100%); PREMIUM_AR_DESC_LOW=0%,Wa Baynaa Miead,W Ana Ahebak Baad
provider-osn,OSN.TV.ae,OSN TV,NO_EPG,65,0,0,0.0,0.0,0,0,0.0,0.0,0.0,ae,NO_PROGRAMMES,,,
provider-osn,OSNComedy.ae@SD,OSNtv Comedy,REVIEW,92,0,93,42.17,42.17,0,0,0.0,100.0,100.0,ae,,LOW_TITLE_DIVERSITY=14%,2 Broke Girls S6,2 Broke Girls S6
provider-osn,OSNKids.ae@SD,OSNtv Kids,REVIEW,92,0,214,42.32,42.32,0,0,0.0,100.0,100.0,ae,,LOW_TITLE_DIVERSITY=10%,Dino Pops,Team Hot Wheels
provider-osn,OSNMezze.ae@SD,OSNtv Mezze,REVIEW,92,0,42,42.0,42.0,0,0,0.0,100.0,100.0,ae,,LOW_TITLE_DIVERSITY=14%,MasterChef USA,Jason Athertons's Dubai Dishes
provider-osn,OSNMoviesAction.ae@SD,OSNtv Movies Action,PASS,100,1,22,44.0,44.0,0,0,4.5,95.5,100.0,ae,,,Greenland,Superman IV: The Quest for Peace
provider-osn,OSNMoviesHollywood.ae@SD,OSNtv Movies Hollywood,PASS,100,1,24,44.08,44.08,0,0,8.3,91.7,100.0,ae,,,Wonder Woman 1984,Jane Got a Gun
provider-osn,OSNMoviesPremiere.ae@SD,OSNtv Movies Premiere,PASS,100,1,23,45.58,45.58,0,0,0.0,100.0,100.0,ae,,,Zack Snyder's Justice League,The Little Things
provider-osn,OSNShowcase.ae@SD,OSNtv Showcase,PASS,100,1,64,42.83,42.83,0,0,0.0,100.0,100.0,ae,,,Luck,2 Dope Queens
provider-osn,OSNtv Crime.sa,OSNtv Crime.sa,REVIEW,84,0,57,47.17,47.17,0,25,0.0,100.0,100.0,sa,,EMPTY_DESC=25(44%); LOW_TITLE_DIVERSITY=14%,Law And Order,Murder In A Small Town
provider-osn,OSNtv Documentary.sa,OSNtv Documentary.sa,REVIEW,84,0,16,17.83,17.83,0,16,0.0,100.0,0.0,sa,,EMPTY_DESC=16(100%); PREMIUM_AR_DESC_LOW=0%,I'll Be Gone In The Dark,I'll Be Gone In The Dark
provider-osn,OSNtv iQIYI.sa,OSNtv iQIYI.sa,REVIEW,84,0,63,47.25,47.25,0,28,0.0,100.0,100.0,sa,,EMPTY_DESC=28(44%); LOW_TITLE_DIVERSITY=16%,My Unicorn Girl,Are You OK?
provider-osn,OSNtv Movies Comedy.sa,OSNtv Movies Comedy.sa,REVIEW,92,0,28,48.75,48.75,0,13,0.0,100.0,100.0,sa,,EMPTY_DESC=13(46%),Aloha,Magic in the Moonlight
provider-osn,OSNtv Movies Family.sa,OSNtv Movies Family.sa,REVIEW,92,0,34,47.92,47.92,0,15,0.0,100.0,100.0,sa,,EMPTY_DESC=15(44%),Dr. Seuss' The Lorax,Alvin And The Chipmunks: The Road Chip
provider-osn,OSNtv Movies Horror.sa,OSNtv Movies Horror.sa,REVIEW,92,0,29,49.17,49.17,0,13,0.0,100.0,100.0,sa,,EMPTY_DESC=13(45%),Final Destination,Keep Watching
provider-osn,OSNtv Now.sa,OSNtv Now.sa,REVIEW,92,0,61,47.0,47.0,0,26,0.0,100.0,100.0,sa,,EMPTY_DESC=26(43%),"My Mum, Your Dad UK",Red Bull Driftbrothers
provider-osn,OSNtv One.sa,OSNtv One.sa,REVIEW,92,0,70,47.42,47.42,0,30,0.0,100.0,100.0,sa,,EMPTY_DESC=30(43%),Suits: L.A.,Extended Family
provider-osn,OSNtv Pop Up.sa,OSNtv Pop Up.sa,REVIEW,76,0,236,46.48,46.48,0,106,0.0,100.0,100.0,sa,,EMPTY_DESC=106(45%); REPEATED_TITLE=78%; LOW_TITLE_DIVERSITY=1%,The Amazing World Of Gumball,The Amazing World Of Gumball
provider-osn,OSNtv Showcase Classics.sa,OSNtv Showcase Classics.sa,REVIEW,92,0,59,47.0,47.0,0,26,0.0,100.0,100.0,sa,,EMPTY_DESC=26(44%),The Righteous Gemstones,True Blood
provider-osn,OSNYahala.ae@SD,OSNtv Yahala,REVIEW,92,0,56,42.25,42.25,0,0,0.0,100.0,100.0,ae,,LOW_TITLE_DIVERSITY=16%,Wa Baynaa Miead,W Ana Ahebak Ba'd
provider-osn,OSNYahalaAflam.ae@SD,OSNtv Yahala Aflam,PASS,100,1,26,43.42,43.42,0,0,3.8,96.2,100.0,ae,,,Taslim Ahali,Ibn El Hajj Ahmad
provider-osn,OSNYahalaBilArabi.ae@SD,OSNtv Yahala Bil Arabi,PASS,100,1,49,42.0,42.0,0,0,0.0,100.0,100.0,ae,,,Deep in Love,Sharab Al Toot AKA One Love
provider-mbc,Al Arabiya Business.sa,Al Arabiya Business.sa,REVIEW,92,0,46,47.0,47.0,0,0,100.0,52.2,100.0,sa,,LOW_TITLE_DIVERSITY=15%,فتح السوق,نبض السوق
provider-mbc,Al Arabiya.sa,Al Arabiya.sa,REVIEW,84,0,78,48.0,48.0,0,4,100.0,0.0,100.0,sa,,EMPTY_DESC=4(5%); LOW_TITLE_DIVERSITY=19%,صباح العربية,الأخبار
provider-mbc,Alarabiya.ae@SD,العربية,PASS,100,1,49,30.0,30.0,0,0,100.0,2.0,100.0,ae,,,صباح العربية,أخبار العربية
provider-mbc,AlArabiyaBusiness.ae@SD,العربية Business,REVIEW,84,0,15,15.0,29.0,1,2,100.0,0.0,100.0,ae,,EMPTY_DESC=2(13%); GAPS_GT_2H=1/TOTAL=14.0h,فتح السوق,نبض السوق
provider-mbc,AlArabiyaEnglish.sa@SD,AL Arabiya English,NO_EPG,65,0,0,0.0,0.0,0,0,0.0,0.0,0.0,sa,NO_PROGRAMMES,,,
provider-mbc,AlarabiyaPortrait.ae@SD,Al Arabiya,PASS,100,1,69,43.0,43.0,0,0,100.0,2.9,100.0,ae,,,صباح العربية,أخبار العربية
provider-mbc,AlArabiyaPrograms.ae,العربية برامج,NO_EPG,65,0,0,0.0,0.0,0,0,0.0,0.0,0.0,ae,NO_PROGRAMMES,,,
provider-mbc,EN:.MBC1.Iraq.sa,EN: MBC Iraq,REVIEW,68,0,88,47.08,49.25,1,88,0.0,100.0,0.0,sa,,EMPTY_DESC=88(100%); LOW_TITLE_DIVERSITY=15%; GAPS_GT_2H=1/TOTAL=2.2h; ARABIC_PROVIDER_TITLE_AR_LOW=0%,Teebah,A'elati Tarbah
provider-mbc,EN:.MBC1.Masr.sa,EN: MBC1 Masr,REVIEW,76,0,81,49.48,49.52,0,81,1.2,100.0,0.0,sa,,EMPTY_DESC=81(100%); LOW_TITLE_DIVERSITY=17%; ARABIC_PROVIDER_TITLE_AR_LOW=1%,El Hekaya Ma' Amr Adib,TV guide is not available
provider-mbc,MBC Egypt.eg,MBC Egypt.eg,REVIEW,84,0,21,27.67,27.67,0,21,0.0,100.0,0.0,eg,,EMPTY_DESC=21(100%); ARABIC_PROVIDER_TITLE_AR_LOW=0%,Alhikaya mae Amr Adib,Kalam Al Nas
provider-mbc,MBC Maser 2.sa,MBC Maser 2.sa,PASS,100,1,43,46.5,46.5,0,0,76.7,23.3,100.0,sa,,,قصر النيل,صباحك مصري
provider-mbc,MBC Maser.sa,MBC Maser.sa,PASS,100,1,39,47.28,47.28,0,0,79.5,20.5,94.9,sa,,,الحكاية مع عمرو أديب,كلام الناس
provider-mbc,MBC MASR 2.sa,MBC MASR 2.sa,PASS,100,1,43,46.45,46.45,0,0,100.0,0.0,100.0,sa,,,قصر النيل,صباحك مصري
provider-mbc,MBC Masr Drama.eg,MBC Masr Drama.eg,REVIEW,76,0,30,24.58,24.58,0,30,0.0,100.0,0.0,eg,,EMPTY_DESC=30(100%); LOW_TITLE_DIVERSITY=20%; ARABIC_PROVIDER_TITLE_AR_LOW=0%,Bahar,Fekra B'million Geneh
provider-mbc,MBC Plus eLife HD.sa,MBC Plus eLife HD.sa,PASS,100,1,49,46.5,46.5,0,0,100.0,4.1,100.0,sa,,,حارة القبة,هيا الروح
provider-mbc,MBC Plus Variety HD.sa,MBC Plus Variety HD.sa,PASS,100,1,59,48.05,48.05,0,0,100.0,0.0,100.0,sa,,,آكشن زون,بلانت آكشن
provider-mbc,MBC VARIETY.sa,MBC VARIETY.sa,PASS,100,1,59,48.05,48.05,0,0,100.0,0.0,100.0,sa,,,أكشن زون,بلانيت آكشن
provider-mbc,MBC.eg,MBC.eg,REVIEW,84,0,28,24.5,24.5,0,28,14.3,85.7,0.0,eg,,EMPTY_DESC=28(100%); ARABIC_PROVIDER_TITLE_AR_LOW=14%,Tozluyaka,Ali Klay
provider-mbc,MBC1.ae@SD,MBC1,REVIEW,92,0,57,47.35,47.35,0,0,100.0,3.5,100.0,ae,,PLACEHOLDER=1,ست شباب,أصدقاء العمر
provider-mbc,MBC1USA.us@SD,MBC1,REVIEW,84,0,60,43.15,43.15,0,13,100.0,3.3,100.0,,,EMPTY_DESC=13(22%); PLACEHOLDER=13,النويلاتي,نادينا
provider-mbc,MBC2.ae@SD,MBC2,PASS,100,1,34,46.48,46.48,0,0,100.0,14.7,100.0,ae,,,سكووب مع ريا,باتمان بيغينز
provider-mbc,MBC3.ae@SD,MBC3,PASS,100,1,154,46.23,46.23,0,0,100.0,48.7,100.0,ae,,,بو باترول ريسكيو نايتس,أهلا سمسم
provider-mbc,MBC3USA.us@SD,MBC3,REVIEW,76,0,185,42.12,42.12,0,16,100.0,58.9,100.0,,,EMPTY_DESC=16(9%); PLACEHOLDER=16; LOW_TITLE_DIVERSITY=9%,Fantasy Patrol: The Chronicles,Fantasy Patrol: The Chronicles
provider-mbc,MBC4.ae@SD,MBC4,PASS,100,1,63,46.17,46.17,0,0,100.0,4.8,100.0,ae,,,المتوحش,ورود وذنوب
provider-mbc,MBC5.ae@SD,MBC5,PASS,100,1,36,30.33,30.33,0,0,100.0,0.0,100.0,ae,,,معلش إحنا بنتبهدل,أنا بنت أبي
provider-mbc,MBCAction.ae@SD,MBC Action,PASS,100,1,73,46.48,46.48,0,0,100.0,35.6,100.0,ae,,,Kingdom,Kingdom
provider-mbc,MBCBollywood.ae@SD,MBC Bollywood,PASS,100,1,44,48.0,48.0,0,0,100.0,0.0,100.0,ae,,,بارينيتي,بارينيتي
provider-mbc,MBCDrama.ae@SD,MBC Drama,PASS,100,1,62,46.45,46.45,0,0,100.0,0.0,100.0,ae,,,اللعبة,الهيبة
provider-mbc,MBCDramaUSA.us@SD,MBC Drama,REVIEW,76,0,57,30.0,30.0,0,27,100.0,0.0,100.0,,,EMPTY_DESC=27(47%); PLACEHOLDER=27; LOW_TITLE_DIVERSITY=12%,مسار إجباري,جدول البرامج غير متاح
provider-mbc,MBCIraq.iq@SD,MBC Iraq,PASS,100,1,55,46.93,46.93,0,0,98.2,1.8,100.0,iq,,,طيبة,عائلتي تربح
provider-mbc,MBCMasr.eg@SD,MBC Masr,PASS,100,1,39,43.18,43.18,0,0,100.0,0.0,100.0,eg,,,الست موناليزا,ما حدش فاهم حاجه
provider-mbc,MBCMasr2.eg@SD,MBC Masr2,REVIEW,76,0,76,43.67,43.67,0,36,100.0,0.0,100.0,eg,,EMPTY_DESC=36(47%); PLACEHOLDER=36; LOW_TITLE_DIVERSITY=13%,قصر النيل,جدول البرامج غير متاح
provider-mbc,MBCMasrDrama.sa@SD,مصر دراما,REVIEW,76,0,52,23.82,23.82,0,23,100.0,0.0,100.0,sa,,EMPTY_DESC=23(44%); PLACEHOLDER=23; LOW_TITLE_DIVERSITY=15%,باهار,جدول البرامج غير متاح
provider-mbc,MBCMasrUSA.us@SD,MBC Masr,PASS,100,1,27,30.3,30.3,0,0,100.0,0.0,100.0,,,,الست موناليزا,ما حدش فاهم حاجه
provider-mbc,MBCMax.ae@SD,MBC MAX,PASS,100,1,33,46.17,46.17,0,0,100.0,9.1,100.0,ae,,,نيو ييرز إيف,كريزي، ستيوبد، لوف
provider-mbc,MBCMood.sa@HD,MBC Mood,REVIEW,92,0,10,41.95,42.97,0,0,100.0,0.0,100.0,sa,,LONG_GT_6H=1,عيش المود,فيديو كليب
provider-mbc,MBCPersia.ae@SD,MBC Persia,REVIEW,84,0,77,42.55,42.55,0,15,100.0,5.2,100.0,ae,,EMPTY_DESC=15(19%); PLACEHOLDER=15,نيران الحسد,نيران الحسد
provider-mbc,MBCPlusDrama.sa@SD,MBC Plus Drama,REVIEW,92,0,62,46.45,46.45,0,0,98.4,1.6,100.0,sa,,LOW_TITLE_DIVERSITY=19%,اللعبة: ليفل الوحش,الهيبة: جبل
provider-mbc,Wanasah.ae@SD,وناسه,NO_EPG,65,0,0,0.0,0.0,0,0,0.0,0.0,0.0,ae,NO_PROGRAMMES,,,
provider-mbc,Wanasah.sa,Wanasah.sa,REVIEW,84,0,47,47.0,47.0,0,0,100.0,0.0,100.0,sa,,REPEATED_TITLE=100%; LOW_TITLE_DIVERSITY=2%,وناسة,وناسة
provider-rotana,Rotana + HD.sa,Rotana + HD.sa,PASS,100,1,45,47.25,47.25,0,0,100.0,0.0,100.0,sa,,,روتانا سبورت مع وليد:الحلقة 31,الرجل الأخطر
provider-rotana,Rotana Aflam +.sa,Rotana Aflam +.sa,PASS,100,1,30,48.0,48.0,0,0,100.0,0.0,100.0,sa,,,بني آدم,العرضحالجي
provider-rotana,Rotana Cinema + US.sa,Rotana Cinema + US.sa,PASS,100,1,29,48.0,48.0,0,0,100.0,0.0,100.0,sa,,,الجمعة الأخيرة,عشان خارجين
provider-rotana,Rotana Cinema HD.sa,Rotana Cinema HD.sa,PASS,100,1,26,48.0,48.0,0,0,100.0,0.0,100.0,sa,,,عفريت ترانزيت,عسل إسود
provider-rotana,Rotana Cinema Masr.sa,Rotana Cinema Masr.sa,PASS,100,1,26,48.0,48.0,0,0,100.0,0.0,100.0,sa,,,كده رضا,ساعة ونص
provider-rotana,Rotana Classic HD.sa,Rotana Classic HD.sa,PASS,100,1,32,47.0,47.0,0,0,100.0,0.0,100.0,sa,,,أبو كرتونة,بلبل أفندي
provider-rotana,Rotana Clip.sa,Rotana Clip.sa,REVIEW,84,0,47,47.0,47.0,0,0,100.0,0.0,100.0,sa,,REPEATED_TITLE=100%; LOW_TITLE_DIVERSITY=2%,أغاني وڤيديو كليب,أغاني وڤيديو كليب
provider-rotana,Rotana Comedy.sa,Rotana Comedy.sa,PASS,100,1,24,48.0,48.0,0,0,100.0,0.0,100.0,sa,,,إزاي أنساك,طأطأ وريكا وكاظم بيه
provider-rotana,Rotana Drama.eg,Rotana Drama.eg,PASS,100,1,47,47.0,47.0,0,0,100.0,0.0,100.0,eg,,,دنيا تانية:الحلقة 28,قلوب من ماء:الحلقة 28
provider-rotana,Rotana Khalejia.eg,Rotana Khalejia.eg,REVIEW,84,0,27,25.0,25.0,0,27,40.7,59.3,0.0,eg,,EMPTY_DESC=27(100%); ARABIC_PROVIDER_TITLE_AR_LOW=41%,Qabl wa Baad,برنامج يا هلا
provider-rotana,Rotana Khalijia HD.sa,Rotana Khalijia HD.sa,PASS,100,1,51,46.25,46.25,0,0,100.0,0.0,100.0,sa,,,قبل وبعد:الحلقة 13,يا هلا
provider-rotana,Rotana Kids.sa,Rotana Kids.sa,PASS,100,1,157,46.25,46.25,0,0,100.0,0.0,100.0,sa,,,سابرينا: سيكرتس أوف إيه تينيج ويتش:الحلقة 15,ذا فيكسيز:الحلقة 95
provider-rotana,Rotana M+ HD.sa,Rotana M+ HD.sa,REVIEW,84,0,47,47.0,47.0,0,0,100.0,100.0,100.0,sa,,REPEATED_TITLE=100%; LOW_TITLE_DIVERSITY=2%,روتانا M+ HD,روتانا M+ HD
provider-rotana,Rotana Music HD.sa,Rotana Music HD.sa,REVIEW,84,0,47,47.0,47.0,0,0,100.0,0.0,100.0,sa,,REPEATED_TITLE=100%; LOW_TITLE_DIVERSITY=2%,موسيقى,موسيقى
provider-rotana,Rotana.Cinema.Egypt.ae,Rotana Cinema Egypt,REVIEW,84,0,27,50.0,50.0,0,27,0.0,100.0,0.0,ae,,EMPTY_DESC=27(100%); ARABIC_PROVIDER_TITLE_AR_LOW=0%,Savage Raghda,That Will Do
provider-rotana,Rotana.Cinema.KSA.ae,Rotana Cinema KSA,REVIEW,84,0,27,50.0,50.0,0,27,0.0,100.0,0.0,ae,,EMPTY_DESC=27(100%); ARABIC_PROVIDER_TITLE_AR_LOW=0%,Ghost In Transit,Bittersweet
provider-rotana,Rotana.Tarab.Jordan.ae,Rotana Tarab Jordan,NO_EPG,65,0,0,0.0,0.0,0,0,0.0,0.0,0.0,ae,NO_PROGRAMMES,,,
provider-rotana,RotanaCinemaEgypt.eg@SD,روتانا سينما مصر,PASS,100,1,22,40.0,40.0,0,0,100.0,0.0,100.0,eg,,,ساعة ونص,الكنز الحقيقة والخيال
provider-rotana,RotanaCinemaKSA.sa@SD,روتانا سينما السعودية,PASS,100,1,22,40.0,40.0,0,0,100.0,0.0,100.0,sa,,,مهمة صعبة جدآ,هيبتا
provider-rotana,RotanaClassic.sa@SD,روتانا كلاسيك,PASS,100,1,28,40.0,40.0,0,0,100.0,0.0,100.0,sa,,,بلبل أفندي,خلف الكواليس و نجوم كلاسيك
provider-rotana,RotanaComedy.sa@SD,روتانا كوميدي,PASS,100,1,20,40.0,40.0,0,0,100.0,0.0,100.0,sa,,,ابن القنصل,البدلة
provider-rotana,RotanaDrama.sa@SD,روتانا دراما,REVIEW,92,0,39,39.0,39.0,0,0,100.0,0.0,100.0,sa,,LOW_TITLE_DIVERSITY=18%,الكندوش الجزء الثاني,وتقابل حبيب
provider-rotana,RotanaKhalijia.sa@SD,روتانا خليجية,PASS,100,1,44,39.0,39.0,0,0,100.0,0.0,100.0,sa,,,قطع وريد,في الصورة الموسم ٧
provider-adm,Abu Dhabi.sa,Abu Dhabi.sa,PASS,100,1,62,47.5,47.5,0,0,100.0,0.0,100.0,sa,,,موجات,غوردن رامزي: المجهول
provider-adm,AbuDhabiSports1.ae@SD,AD Sports 1 HD,PASS,100,1,48,47.5,47.5,0,0,100.0,2.1,100.0,ae,,,90 دقيقة,مونديال السيارات الرياضية
provider-adm,AbuDhabiTV.ae@SD,Abu Dhabi TV HD,REVIEW,92,0,28,18.97,18.97,0,1,100.0,21.4,100.0,ae,,EMPTY_DESC=1(4%),موجات,غوردون رامزي: أنتشارتد
provider-adm,AD Sports 2.sa,AD Sports 2.sa,PASS,100,1,47,47.25,47.25,0,0,100.0,0.0,100.0,sa,,,أسرار الرياضة,كأس فاطمة بنت مبارك للكرة الطائرة:نادي سموحة × سلوى صباح
provider-adm,AD Sports Premium 1.sa,AD Sports Premium 1.sa,REVIEW,84,0,47,47.25,47.25,0,0,34.0,66.0,100.0,sa,,LOW_TITLE_DIVERSITY=19%; ARABIC_PROVIDER_TITLE_AR_LOW=34%,مجلة الدوري الإيطالي:الجولة 4,الدوري الإيطالي:ساسولو × يوفنتوس
provider-adm,AD Sports Premium 2.sa,AD Sports Premium 2.sa,REVIEW,76,0,41,47.25,47.25,0,0,24.4,75.6,100.0,sa,,REPEATED_TITLE=76%; LOW_TITLE_DIVERSITY=17%; ARABIC_PROVIDER_TITLE_AR_LOW=24%,الدوري الإيطالي:نابولي × بولونيا,الدوري الإيطالي:ليتشي × مونزا
provider-adm,Al Emarat.sa,Al Emarat.sa,PASS,100,1,47,47.0,47.0,0,0,100.0,0.0,100.0,sa,,,صباح الإمارات,عين الذيب
provider-adm,en:.AD.Sports.Extra.ae,en: AD Sports Extra,REVIEW,68,0,49,49.0,49.0,0,49,0.0,100.0,0.0,ae,,EMPTY_DESC=49(100%); REPEATED_TITLE=100%; LOW_TITLE_DIVERSITY=2%; ARABIC_PROVIDER_TITLE_AR_LOW=0%,Abu Dhabi Sports Asia 2,Abu Dhabi Sports Asia 2
provider-adm,en:.YAS.TV.Extra.ae,en: YAS TV Extra,REVIEW,68,0,49,49.0,49.0,0,49,0.0,100.0,0.0,ae,,EMPTY_DESC=49(100%); REPEATED_TITLE=100%; LOW_TITLE_DIVERSITY=2%; ARABIC_PROVIDER_TITLE_AR_LOW=0%,Abu Dhabi Sports Asia 1,Abu Dhabi Sports Asia 1
provider-adm,Majid.Kids.TV.HD.ae,Majid Kids TV HD,NO_EPG,65,0,0,0.0,0.0,0,0,0.0,0.0,0.0,ae,NO_PROGRAMMES,,,
provider-adm,Majid.sa,Majid.sa,REVIEW,92,0,226,46.17,46.17,0,0,100.0,0.0,100.0,sa,,LOW_TITLE_DIVERSITY=8%,بيلفورآند لوبين,أمونة المزيونة
provider-adm,Nat.Geo.Abu.Dhabi.HD.ae,Nat Geo Abu Dhabi HD,REVIEW,84,0,66,48.75,48.75,0,66,0.0,100.0,0.0,ae,,EMPTY_DESC=66(100%); ARABIC_PROVIDER_TITLE_AR_LOW=0%,Great Migrations,Science Of Stupid
provider-adm,Yas.TV.HD.ae,Yas TV HD,REVIEW,68,0,37,50.18,50.18,0,37,0.0,100.0,0.0,ae,,LONG_GT_6H=2; SHORT_LT_2M=1; EMPTY_DESC=37(100%); ARABIC_PROVIDER_TITLE_AR_LOW=0%,UAE President's Cup Flat Races,UAE President Show Jumping Cup
provider-dmi,Dubai One.sa,Dubai One.sa,PASS,100,1,38,47.5,47.5,0,0,100.0,2.6,100.0,sa,,,بلاكبيرد,دبي آي أون دبي وان
provider-dmi,Dubai Sports 2.sa,Dubai Sports 2.sa,PASS,100,1,41,47.92,47.92,0,0,100.0,0.0,100.0,sa,,,ويمينز سوبر ليغ T20:وست هام يونايتد × لندن سيتي لايونسيس,بطولة العالم للزوارق السريعة:جائزة إيطاليا الكبرى – إقليم سردينيا
provider-dmi,Dubai Sports HD.sa,Dubai Sports HD.sa,PASS,100,1,45,48.08,48.08,0,0,100.0,55.6,100.0,sa,,,الدوري الهولندي للسيدات:هيرنفين × أياكس,أخبار الرياضة
provider-dmi,Dubai.Racing.1.HD.ae,Dubai Racing 1 HD,REVIEW,84,0,32,49.03,49.03,0,32,0.0,100.0,0.0,ae,,EMPTY_DESC=32(100%); ARABIC_PROVIDER_TITLE_AR_LOW=0%,Race From Racing Tv,Darley America Virtual Stallion
provider-dmi,Dubai.Racing.2.ae,Dubai Racing 2,REVIEW,84,0,42,50.15,50.15,0,42,0.0,100.0,0.0,ae,,EMPTY_DESC=42(100%); ARABIC_PROVIDER_TITLE_AR_LOW=0%,Our Fields,The Inside Line
provider-dmi,Dubai.Racing.ae,Dubai Racing,REVIEW,84,0,8,30.63,30.63,0,8,100.0,100.0,0.0,ae,,LONG_GT_6H=2; EMPTY_DESC=8(100%),Inside Dalham Hall Stud,Endurance Horse Race 120 Km CEIO 2 Abu Dhabi 03/01/2026 Highlight
provider-dmi,Dubai.Sports.1.ae,Dubai Sports 1,REVIEW,92,0,43,46.25,46.25,0,43,100.0,100.0,0.0,ae,,EMPTY_DESC=43(100%),SC Heerenveen vs Ajax (Dutch Women Eredivisie – R4),News Sports 2026: Ep 246
provider-dmi,Dubai.Zaman.ae,Dubai Zaman,REVIEW,92,0,62,43.25,43.5,0,54,100.0,98.4,100.0,ae,,EMPTY_DESC=54(87%),Seen Jeem 1995(1): Ep  25,Maa Ussamah Atyab 2007 ep 136
provider-dmi,DubaiTV.ae@SD,Dubai TV HD,PASS,100,1,50,42.5,42.5,0,0,100.0,2.0,100.0,ae,,,بابا,إخواتي
provider-dmi,DubaiZaman.ae@SD,دبي زمان,REVIEW,92,0,51,45.0,45.0,0,32,100.0,0.0,100.0,ae,,EMPTY_DESC=32(63%),برنامج,برنامج مع أسامة أطيب
provider-dmi,Noor.DubaiTV.ae,Noor DubaiTV,REVIEW,92,0,63,44.5,44.5,0,55,100.0,100.0,100.0,ae,,EMPTY_DESC=55(87%),بين الخطر: Ep  14,بلسم 2026: Ep 124
provider-dmi,Sama Dubai.sa,Sama Dubai.sa,PASS,100,1,59,47.0,47.0,0,0,100.0,22.0,100.0,sa,,,بصمات,ورثة بن عاقول:الحلقة 22
provider-dmi,SamaDubai.ae@SD,سما دبي,REVIEW,92,0,55,45.0,45.0,0,25,100.0,0.0,100.0,ae,,EMPTY_DESC=25(45%),سنوات الجريش,برنامج عليكم بالعافية
provider-art,Alfa Al Safwa.sa,Alfa Al Safwa.sa,REVIEW,92,0,47,26.02,26.02,0,47,100.0,0.0,0.0,sa,,EMPTY_DESC=47(100%),إيلاف قريش: رحلة الشتاء والصيف,بريطانيا والتاج
provider-art,Alfa Al Yawm HD.sa,Alfa Al Yawm HD.sa,REVIEW,92,0,31,27.0,27.0,0,31,100.0,0.0,0.0,sa,,EMPTY_DESC=31(100%),القاهرة اليوم,سلّم عالكلّ
provider-art,Alfa Cinema 1.sa,Alfa Cinema 1.sa,REVIEW,92,0,15,28.02,28.02,0,15,100.0,0.0,0.0,sa,,EMPTY_DESC=15(100%),حلم العمر,زي النهاردة
provider-art,Alfa Cinema 2.sa,Alfa Cinema 2.sa,REVIEW,92,0,13,26.0,26.0,0,13,100.0,0.0,0.0,sa,,EMPTY_DESC=13(100%),يوم بلا غد,رسالة من إمرأة مجهولة
provider-art,Alfa Fann.sa,Alfa Fann.sa,REVIEW,92,0,172,25.92,25.92,0,172,100.0,0.0,0.0,sa,,EMPTY_DESC=172(100%),فوق الشوك,عنّابي
provider-art,Alfa Music HD.sa,Alfa Music HD.sa,REVIEW,92,0,363,25.65,25.65,0,363,97.5,2.5,0.0,sa,,EMPTY_DESC=363(100%),ميتسوبيشي,يا ويل حالي
provider-art,Alfa Series +2 HD.sa,Alfa Series +2 HD.sa,REVIEW,92,0,21,20.0,20.0,0,21,100.0,0.0,0.0,sa,,EMPTY_DESC=21(100%),جزيرة غمام,عيلة الملك
provider-art,Alfa Series HD.sa,Alfa Series HD.sa,REVIEW,92,0,28,27.0,27.0,0,28,100.0,0.0,0.0,sa,,EMPTY_DESC=28(100%),راجعين يا هوى,سمرا
provider-art,Alfa.Cinema.ae,Alfa Cinema,NO_EPG,65,0,0,0.0,0.0,0,0,0.0,0.0,0.0,ae,NO_PROGRAMMES,,,
provider-art,Alfa.Drama.ae,Alfa Drama,NO_EPG,65,0,0,0.0,0.0,0,0,0.0,0.0,0.0,ae,NO_PROGRAMMES,,,
provider-art,Alfa.Hekayat.ae,Alfa Hekayat,NO_EPG,65,0,0,0.0,0.0,0,0,0.0,0.0,0.0,ae,NO_PROGRAMMES,,,
provider-starz,en:.STARZPLAY.Cricket.1.ae,en: STARZPLAY Cricket 1,REVIEW,92,0,45,50.0,50.0,0,45,0.0,100.0,0.0,ae,,EMPTY_DESC=45(100%),ICC Men's ODI World Cup 2023: Australia vs Sri Lanka - Kick-Off Classics,ICC Men's T20 World Cup 2024: Namibia vs Oman - Kick-Off Classics
provider-starz,en:.StarzPlay.Rugby.-.Live.ae,en: StarzPlay Rugby - Live,REVIEW,84,0,16,53.12,53.12,0,16,0.0,100.0,0.0,ae,,LONG_GT_6H=1; EMPTY_DESC=16(100%),Wales U20 vs. Georgia U20 - World Rugby Under 20 Championship,South Africa vs. England - Nations Championship 2026
provider-starz,en:.STARZPLAY.Sports.1.ae,en: STARZPLAY Sports 1,REVIEW,76,0,49,49.0,49.0,0,49,0.0,100.0,0.0,ae,,EMPTY_DESC=49(100%); REPEATED_TITLE=100%; LOW_TITLE_DIVERSITY=2%,StarzPLAY Sports 1,StarzPLAY Sports 1
provider-starz,en:.STARZPLAY.Sports.2.ae,en: STARZPLAY Sports 2,REVIEW,76,0,49,49.0,49.0,0,49,0.0,100.0,0.0,ae,,EMPTY_DESC=49(100%); REPEATED_TITLE=100%; LOW_TITLE_DIVERSITY=2%,StarzPLAY Sports 2,StarzPLAY Sports 2
provider-starz,STARZPLAY Sports.sa,STARZPLAY Sports.sa,REVIEW,84,0,43,48.0,48.0,0,0,100.0,0.0,100.0,sa,,REPEATED_TITLE=77%; LOW_TITLE_DIVERSITY=19%,يو إف سي فايت نايت:سيلفا × ديلغادو - البطاقة الرئيسية,يو إف سي فايت نايت:سيلفا × ديلغادو - البطاقة الرئيسية
mena-eg,Aghapy.TV.ae,Aghapy TV,NO_EPG,57,0,0,0.0,0.0,0,0,0.0,0.0,0.0,ae,NO_PROGRAMMES,FOREIGN_FEED_ID=AE_EXPECTED=EG,,
mena-eg,Al Hayat.sa,Al Hayat.sa,REVIEW,76,0,47,47.0,47.0,0,0,100.0,0.0,100.0,sa,,REPEATED_TITLE=100%; LOW_TITLE_DIVERSITY=2%; FOREIGN_FEED_ID=SA_EXPECTED=EG,الحياة,الحياة
mena-eg,Al Kahera Wal Nas TV 2.eg,Al Kahera Wal Nas TV 2.eg,REVIEW,92,0,12,14.0,14.0,0,12,33.3,66.7,0.0,eg,,EMPTY_DESC=12(100%),Al Nas Al Hulwa,Zawaj Bil Ikrah
mena-eg,Al Kahera Wal Nas TV.eg,Al Kahera Wal Nas TV.eg,REVIEW,92,0,13,15.8,15.8,0,13,61.5,46.2,0.0,eg,,EMPTY_DESC=13(100%),برنامج حديث القاهرة,El Zoga 18
mena-eg,Al Kahera Walnas 2.sa,Al Kahera Walnas 2.sa,REVIEW,76,0,47,47.0,47.0,0,0,100.0,0.0,100.0,sa,,REPEATED_TITLE=100%; LOW_TITLE_DIVERSITY=2%; FOREIGN_FEED_ID=SA_EXPECTED=EG,القاهرة والناس 2,القاهرة والناس 2
mena-eg,Al Kahera Walnas.sa,Al Kahera Walnas.sa,REVIEW,76,0,47,47.0,47.0,0,0,100.0,0.0,100.0,sa,,REPEATED_TITLE=100%; LOW_TITLE_DIVERSITY=2%; FOREIGN_FEED_ID=SA_EXPECTED=EG,القاهرة والناس,القاهرة والناس
mena-eg,Al Masriya.sa,Al Masriya.sa,REVIEW,76,0,47,47.0,47.0,0,0,100.0,0.0,100.0,sa,,REPEATED_TITLE=100%; LOW_TITLE_DIVERSITY=2%; FOREIGN_FEED_ID=SA_EXPECTED=EG,المصرية,المصرية
mena-eg,Al Nahar Drama.sa,Al Nahar Drama.sa,REVIEW,84,0,35,47.0,47.0,0,0,100.0,0.0,100.0,sa,,LOW_TITLE_DIVERSITY=20%; FOREIGN_FEED_ID=SA_EXPECTED=EG,السبع بنات,أبو العروسة
mena-eg,Al Nahar TV.sa,Al Nahar TV.sa,REVIEW,92,0,58,47.0,47.0,0,0,100.0,0.0,87.9,sa,,FOREIGN_FEED_ID=SA_EXPECTED=EG,برنامج الصورة مع لميس الحديدي,حكاية عقار
mena-eg,Al Nahar.sa,Al Nahar.sa,REVIEW,92,0,56,47.17,47.17,0,0,100.0,3.6,100.0,sa,,FOREIGN_FEED_ID=SA_EXPECTED=EG,الصورة,بصمتنا
mena-eg,Al.Ahly.TV.HD.ae,Al Ahly TV HD,NO_EPG,57,0,0,0.0,0.0,0,0,0.0,0.0,0.0,ae,NO_PROGRAMMES,FOREIGN_FEED_ID=AE_EXPECTED=EG,,
mena-eg,Al.Askandria.5.ae,Al Askandria 5,NO_EPG,57,0,0,0.0,0.0,0,0,0.0,0.0,0.0,ae,NO_PROGRAMMES,FOREIGN_FEED_ID=AE_EXPECTED=EG,,
mena-eg,Al.Kahera.3.ae,Al Kahera 3,NO_EPG,57,0,0,0.0,0.0,0,0,0.0,0.0,0.0,ae,NO_PROGRAMMES,FOREIGN_FEED_ID=AE_EXPECTED=EG,,
mena-eg,AL.Kahera.Al.Kobra.ae,AL Kahera Al Kobra,NO_EPG,57,0,0,0.0,0.0,0,0,0.0,0.0,0.0,ae,NO_PROGRAMMES,FOREIGN_FEED_ID=AE_EXPECTED=EG,,
mena-eg,Al.Kahera.Wal.Nas.2.ae,Al Kahera Wal Nas 2,REVIEW,84,0,44,50.07,50.07,0,44,0.0,100.0,0.0,ae,,EMPTY_DESC=44(100%); FOREIGN_FEED_ID=AE_EXPECTED=EG,The Doctor,The Good People
mena-eg,Al.Kahera.Wal.Nas.ae,Al Kahera Wal Nas,REVIEW,76,0,51,48.97,48.97,0,51,0.0,100.0,0.0,ae,,EMPTY_DESC=51(100%); LOW_TITLE_DIVERSITY=20%; FOREIGN_FEED_ID=AE_EXPECTED=EG; DUPLICATE_TIMELINE_GROUP=2; DUPLICATE_TIMELINE_UNRELATED,Jealousy,Jealousy
mena-eg,Al.Masriyah.ae,Al Masriyah,REVIEW,84,0,47,48.5,48.5,0,47,0.0,100.0,0.0,ae,,EMPTY_DESC=47(100%); FOREIGN_FEED_ID=AE_EXPECTED=EG; DUPLICATE_TIMELINE_GROUP=4,The Good In People,Al Imam Al Tayyeb
mena-eg,Al.Nada.TV.ae,Al Nada TV,NO_EPG,57,0,0,0.0,0.0,0,0,0.0,0.0,0.0,ae,NO_PROGRAMMES,FOREIGN_FEED_ID=AE_EXPECTED=EG,,
mena-eg,Al.Nahar.Noor.ae,Al Nahar Noor,NO_EPG,57,0,0,0.0,0.0,0,0,0.0,0.0,0.0,ae,NO_PROGRAMMES,FOREIGN_FEED_ID=AE_EXPECTED=EG,,
mena-eg,Al.Oula.ae,Al Oula,REVIEW,84,0,50,51.0,51.0,0,50,0.0,100.0,0.0,ae,,EMPTY_DESC=50(100%); FOREIGN_FEED_ID=AE_EXPECTED=EG,Good Morning Egypt,News Brief
mena-eg,Al.Qahera.News.ae,Al Qahera News,NO_EPG,57,0,0,0.0,0.0,0,0,0.0,0.0,0.0,ae,NO_PROGRAMMES,FOREIGN_FEED_ID=AE_EXPECTED=EG,,
mena-eg,Al.Saeedah.ae,Al Saeedah,NO_EPG,57,0,0,0.0,0.0,0,0,0.0,0.0,0.0,ae,NO_PROGRAMMES,FOREIGN_FEED_ID=AE_EXPECTED=EG,,
mena-eg,Al.Shams.TV.ae,Al Shams TV,REVIEW,84,0,47,48.5,48.5,0,47,0.0,100.0,0.0,ae,,EMPTY_DESC=47(100%); FOREIGN_FEED_ID=AE_EXPECTED=EG; DUPLICATE_TIMELINE_GROUP=4,The Good In People,Al Imam Al Tayyeb
mena-eg,Al.Wathaeqya.ae,Al Wathaeqya,NO_EPG,57,0,0,0.0,0.0,0,0,0.0,0.0,0.0,ae,NO_PROGRAMMES,FOREIGN_FEED_ID=AE_EXPECTED=EG,,
mena-eg,Alfath.TV.ae,Alfath TV,NO_EPG,57,0,0,0.0,0.0,0,0,0.0,0.0,0.0,ae,NO_PROGRAMMES,FOREIGN_FEED_ID=AE_EXPECTED=EG,,
mena-eg,AlHadath.Alyoum.ae,AlHadath Alyoum,NO_EPG,57,0,0,0.0,0.0,0,0,0.0,0.0,0.0,ae,NO_PROGRAMMES,FOREIGN_FEED_ID=AE_EXPECTED=EG,,
mena-eg,Alhayat TV.eg,Alhayat TV.eg,REVIEW,92,0,21,26.0,26.0,0,21,57.1,42.9,0.0,eg,,EMPTY_DESC=21(100%),Sharie Sherif 4,برنامج كورة كل يوم
mena-eg,AlhayatTV.eg@SD,الحياة,REVIEW,84,0,30,35.0,43.0,1,18,100.0,0.0,100.0,eg,,EMPTY_DESC=18(60%); GAPS_GT_2H=1/TOTAL=8.0h,برنامج مطبخ الحياة,برنامج كورة كل يوم
mena-eg,AlKaheraWalNas.eg@SD,القاهرة والناس,REVIEW,92,0,10,12.97,12.97,0,6,100.0,10.0,100.0,eg,,EMPTY_DESC=6(60%),برنامج مي شو,الزوجة ١٨
mena-eg,AlKaheraWalNas2.eg@SD,القاهرة والناس 2,REVIEW,92,0,12,14.0,14.0,0,4,100.0,0.0,100.0,eg,,EMPTY_DESC=4(33%),الناس الحلوة,زواج بالإكراه
mena-eg,AlMasriyah.eg@SD,المصرية,REVIEW,92,0,36,39.0,39.0,0,16,100.0,0.0,100.0,eg,,EMPTY_DESC=16(44%); DUPLICATE_TIMELINE_GROUP=2; DUPLICATE_TIMELINE_UNRELATED,صباح الخير يا مصر,نيللي وشريهان
mena-eg,AlNahar.eg@SD,النهار,REVIEW,84,0,40,36.0,42.5,1,21,100.0,7.5,100.0,eg,,EMPTY_DESC=21(52%); GAPS_GT_2H=1/TOTAL=6.5h,الضوء الشارد,برنامج أكلة بيتي
mena-eg,AlNaharDrama.eg@SD,النهار دراما,REVIEW,84,0,36,36.0,42.0,1,0,100.0,0.0,100.0,eg,,LOW_TITLE_DIVERSITY=17%; GAPS_GT_2H=1/TOTAL=6.0h,السبع بنات,السبع بنات
mena-eg,AlSaeedah.eg,AlSaeedah.eg,REVIEW,92,0,27,25.0,25.0,0,27,70.4,29.6,0.0,eg,,EMPTY_DESC=27(100%),برنامج,برنامج دليل رحلة مع القرآن
mena-eg,AlSaeedah.eg@SD,السعيدة,REVIEW,92,0,42,38.0,38.0,0,26,100.0,0.0,100.0,eg,,EMPTY_DESC=26(62%),برنامج,برنامج دليل رحلة مع القرآن
mena-eg,Aswan.ae,Aswan,NO_EPG,57,0,0,0.0,0.0,0,0,0.0,0.0,0.0,ae,NO_PROGRAMMES,FOREIGN_FEED_ID=AE_EXPECTED=EG,,
mena-eg,Bakous.Alexandaria.ae,Bakous Alexandaria,NO_EPG,57,0,0,0.0,0.0,0,0,0.0,0.0,0.0,ae,NO_PROGRAMMES,FOREIGN_FEED_ID=AE_EXPECTED=EG,,
mena-eg,CBC Drama.sa,CBC Drama.sa,REVIEW,76,0,47,47.0,47.0,0,0,100.0,100.0,100.0,sa,,REPEATED_TITLE=100%; LOW_TITLE_DIVERSITY=2%; FOREIGN_FEED_ID=SA_EXPECTED=EG,CBC دراما,CBC دراما
mena-eg,CBC Extra News.sa,CBC Extra News.sa,REVIEW,76,0,47,47.0,47.0,0,0,100.0,100.0,100.0,sa,,REPEATED_TITLE=100%; LOW_TITLE_DIVERSITY=2%; FOREIGN_FEED_ID=SA_EXPECTED=EG,CBC إكسترا نيوز,CBC إكسترا نيوز
mena-eg,CBC Sofra.sa,CBC Sofra.sa,REVIEW,76,0,47,47.0,47.0,0,0,100.0,100.0,100.0,sa,,REPEATED_TITLE=100%; LOW_TITLE_DIVERSITY=2%; FOREIGN_FEED_ID=SA_EXPECTED=EG,CBC سفرة,CBC سفرة
mena-eg,CBC.eg@SD,سي بي سي,REVIEW,84,0,29,36.0,43.0,1,10,100.0,0.0,100.0,eg,,EMPTY_DESC=10(34%); GAPS_GT_2H=1/TOTAL=7.0h,كان ياما كان,فيلم عربي
mena-eg,CBC.sa,CBC.sa,REVIEW,76,0,47,47.0,47.0,0,0,0.0,100.0,100.0,sa,,REPEATED_TITLE=100%; LOW_TITLE_DIVERSITY=2%; FOREIGN_FEED_ID=SA_EXPECTED=EG,CBC,CBC
mena-eg,CBCDrama.eg@SD,سي بي سي دراما,REVIEW,84,0,36,36.0,42.0,1,0,100.0,0.0,100.0,eg,,LOW_TITLE_DIVERSITY=19%; GAPS_GT_2H=1/TOTAL=6.0h,بيت الرفاعي,خطوط حمراء
mena-eg,Cima.eg,Cima.eg,REVIEW,92,0,25,50.0,50.0,0,25,0.0,100.0,0.0,eg,,EMPTY_DESC=25(100%); DUPLICATE_TIMELINE_GROUP=2; DUPLICATE_TIMELINE_UNRELATED,The Apple And The Skull,Al Sharabya
mena-eg,Cima.eg@SD,سيما,REVIEW,92,0,18,36.0,42.0,1,0,100.0,0.0,100.0,eg,,GAPS_GT_2H=1/TOTAL=6.0h,نور العيون,العسكري شبراوي
mena-eg,DMC.Drama.ae,DMC Drama,REVIEW,76,0,47,49.0,49.0,0,47,0.0,100.0,0.0,ae,,EMPTY_DESC=47(100%); LOW_TITLE_DIVERSITY=17%; FOREIGN_FEED_ID=AE_EXPECTED=EG,Mr. Omar,Man's Shadow
mena-eg,DMC.eg@SD,DMC HD,PASS,100,1,34,43.5,43.5,0,0,100.0,47.1,100.0,eg,,,DMC HD,DMC HD
mena-eg,DMCDrama.eg@SD,دي إم سي دراما,REVIEW,92,0,41,45.0,45.0,0,0,100.0,0.0,100.0,eg,,LOW_TITLE_DIVERSITY=20%,ضل راجل,سفر الأحلام
mena-eg,Egyptian TV.eg,Egyptian TV.eg,REVIEW,92,0,23,27.0,27.0,0,23,56.5,43.5,0.0,eg,,EMPTY_DESC=23(100%); DUPLICATE_TIMELINE_GROUP=2; DUPLICATE_TIMELINE_UNRELATED,Sabah El Khair Ya Masr,Nelly W Sherihan
mena-eg,El.Mehwar.HD.ae,El Mehwar HD,REVIEW,84,0,45,49.5,49.5,0,45,0.0,100.0,0.0,ae,,EMPTY_DESC=45(100%); FOREIGN_FEED_ID=AE_EXPECTED=EG,New Evening,Morals Of Life
mena-eg,El.Moled.ae,El Moled,NO_EPG,57,0,0,0.0,0.0,0,0,0.0,0.0,0.0,ae,NO_PROGRAMMES,FOREIGN_FEED_ID=AE_EXPECTED=EG,,
mena-eg,ElMehwarChannel.eg@SD,المحور,REVIEW,92,0,12,15.0,15.0,0,7,100.0,0.0,100.0,eg,,EMPTY_DESC=7(58%),برنامج مساء جديد,برنامج الناس يتسائلون
mena-eg,EN:.Masrah.Masr.Channel.sa,EN: Masrah Masr Channel,REVIEW,68,0,38,49.6,49.63,0,38,0.0,100.0,0.0,sa,,EMPTY_DESC=38(100%); REPEATED_TITLE=100%; LOW_TITLE_DIVERSITY=3%; FOREIGN_FEED_ID=SA_EXPECTED=EG,Masrah Masr,Masrah Masr
mena-eg,ERTU1.eg@SD,قناة مصر الأولى,REVIEW,92,0,36,39.0,39.0,0,16,100.0,0.0,100.0,eg,,EMPTY_DESC=16(44%); DUPLICATE_TIMELINE_GROUP=2; DUPLICATE_TIMELINE_UNRELATED,صباح الخير يا مصر,نيللي وشريهان
mena-eg,Extra.live.ae,Extra live,NO_EPG,57,0,0,0.0,0.0,0,0,0.0,0.0,0.0,ae,NO_PROGRAMMES,FOREIGN_FEED_ID=AE_EXPECTED=EG,,
mena-eg,Extra.News.HD.ae,Extra News HD,REVIEW,76,0,65,49.0,49.0,0,65,0.0,100.0,0.0,ae,,EMPTY_DESC=65(100%); LOW_TITLE_DIVERSITY=18%; FOREIGN_FEED_ID=AE_EXPECTED=EG,This Morning,News Coverage
mena-eg,Huda.TV.ae,Huda TV,NO_EPG,57,0,0,0.0,0.0,0,0,0.0,0.0,0.0,ae,NO_PROGRAMMES,FOREIGN_FEED_ID=AE_EXPECTED=EG,,
mena-eg,Koogi.TV.ae,Koogi TV,NO_EPG,57,0,0,0.0,0.0,0,0,0.0,0.0,0.0,ae,NO_PROGRAMMES,FOREIGN_FEED_ID=AE_EXPECTED=EG,,
mena-eg,Madrasetna.1.ae,Madrasetna 1,NO_EPG,57,0,0,0.0,0.0,0,0,0.0,0.0,0.0,ae,NO_PROGRAMMES,FOREIGN_FEED_ID=AE_EXPECTED=EG,,
mena-eg,Madrasetna.2.ae,Madrasetna 2,NO_EPG,57,0,0,0.0,0.0,0,0,0.0,0.0,0.0,ae,NO_PROGRAMMES,FOREIGN_FEED_ID=AE_EXPECTED=EG,,
mena-eg,Madrasetna.3.ae,Madrasetna 3,NO_EPG,57,0,0,0.0,0.0,0,0,0.0,0.0,0.0,ae,NO_PROGRAMMES,FOREIGN_FEED_ID=AE_EXPECTED=EG,,
mena-eg,MasperoZaman.eg@SD,ماسبيرو زمان,REVIEW,92,0,50,38.0,38.0,0,16,100.0,0.0,100.0,eg,,EMPTY_DESC=16(32%),يوميات ونيس ج1,برنامج قصة قصيرة
mena-eg,Matrouh.ae,Matrouh,NO_EPG,57,0,0,0.0,0.0,0,0,0.0,0.0,0.0,ae,NO_PROGRAMMES,FOREIGN_FEED_ID=AE_EXPECTED=EG,,
mena-eg,Mazzika.ae,Mazzika,NO_EPG,57,0,0,0.0,0.0,0,0,0.0,0.0,0.0,ae,NO_PROGRAMMES,FOREIGN_FEED_ID=AE_EXPECTED=EG,,
mena-eg,Mehwar.eg,Mehwar.eg,REVIEW,92,0,12,15.0,15.0,0,12,58.3,41.7,0.0,eg,,EMPTY_DESC=12(100%),برنامج مساء جديد,برنامج الناس يتسائلون
mena-eg,Mekameleen.ae,Mekameleen,NO_EPG,57,0,0,0.0,0.0,0,0,0.0,0.0,0.0,ae,NO_PROGRAMMES,FOREIGN_FEED_ID=AE_EXPECTED=EG,,
mena-eg,Misr.Al.Zeraeey.ae,Misr Al Zeraeey,NO_EPG,57,0,0,0.0,0.0,0,0,0.0,0.0,0.0,ae,NO_PROGRAMMES,FOREIGN_FEED_ID=AE_EXPECTED=EG,,
mena-eg,Misr.AlBalad.ae,Misr AlBalad,NO_EPG,57,0,0,0.0,0.0,0,0,0.0,0.0,0.0,ae,NO_PROGRAMMES,FOREIGN_FEED_ID=AE_EXPECTED=EG,,
mena-eg,Misr.Quran.Kareem.ae,Misr Quran Kareem,NO_EPG,57,0,0,0.0,0.0,0,0,0.0,0.0,0.0,ae,NO_PROGRAMMES,FOREIGN_FEED_ID=AE_EXPECTED=EG,,
mena-eg,MixBelAraby.eg@SD,ميكس بالعربي,REVIEW,84,0,35,36.0,42.0,1,1,100.0,48.6,100.0,eg,,EMPTY_DESC=1(3%); GAPS_GT_2H=1/TOTAL=6.0h,فاطمة ج2,A Miracle 2
mena-eg,Nile Drama.eg,Nile Drama.eg,REVIEW,84,0,57,49.0,49.0,0,57,0.0,100.0,0.0,eg,,EMPTY_DESC=57(100%); LOW_TITLE_DIVERSITY=16%; DUPLICATE_TIMELINE_GROUP=2,Garden City Ladies,Raafat Al Hajan
mena-eg,Nile Life.eg,Nile Life.eg,REVIEW,92,0,24,26.0,26.0,0,24,62.5,37.5,0.0,eg,,EMPTY_DESC=24(100%),Naharuk Saeid,برنامج سبوت لايت
mena-eg,Nile.Cinema.ae,Nile Cinema,REVIEW,84,0,27,50.0,50.0,0,27,0.0,100.0,0.0,ae,,EMPTY_DESC=27(100%); FOREIGN_FEED_ID=AE_EXPECTED=EG,Devil's Path,Master Seen
mena-eg,Nile.Comedy.ae,Nile Comedy,REVIEW,76,0,57,49.0,49.0,0,57,0.0,100.0,0.0,ae,,EMPTY_DESC=57(100%); LOW_TITLE_DIVERSITY=16%; FOREIGN_FEED_ID=AE_EXPECTED=EG; DUPLICATE_TIMELINE_GROUP=2,Garden City Ladies,Raafat Al Hajan
mena-eg,Nile.Culture.ae,Nile Culture,NO_EPG,57,0,0,0.0,0.0,0,0,0.0,0.0,0.0,ae,NO_PROGRAMMES,FOREIGN_FEED_ID=AE_EXPECTED=EG,,
mena-eg,Nile.Family.ae,Nile Family,REVIEW,76,0,49,49.0,49.0,0,49,0.0,100.0,0.0,ae,,EMPTY_DESC=49(100%); LOW_TITLE_DIVERSITY=14%; FOREIGN_FEED_ID=AE_EXPECTED=EG,Trying Hard,Seven Girls
mena-eg,Nile.News.ae,Nile News,NO_EPG,57,0,0,0.0,0.0,0,0,0.0,0.0,0.0,ae,NO_PROGRAMMES,FOREIGN_FEED_ID=AE_EXPECTED=EG,,
mena-eg,Nile.Sport.ae,Nile Sport,NO_EPG,57,0,0,0.0,0.0,0,0,0.0,0.0,0.0,ae,NO_PROGRAMMES,FOREIGN_FEED_ID=AE_EXPECTED=EG,,
mena-eg,Nile.TV.ae,Nile TV,REVIEW,76,0,91,48.5,48.5,0,91,0.0,100.0,0.0,ae,,EMPTY_DESC=91(100%); LOW_TITLE_DIVERSITY=18%; FOREIGN_FEED_ID=AE_EXPECTED=EG; DUPLICATE_TIMELINE_GROUP=2; DUPLICATE_TIMELINE_UNRELATED,Newshour,Bigger Than Five
mena-eg,NileDrama.eg@SD,نايل دراما,PASS,100,1,12,12.0,12.0,0,0,100.0,0.0,100.0,eg,,,رأفت الهجان ج1,حلم الجنوبي
mena-eg,NileLife.eg@SD,نايل لايف,REVIEW,92,0,37,38.0,38.0,0,23,100.0,0.0,100.0,eg,,EMPTY_DESC=23(62%),نهارك سعيد,برنامج سبوت لايت
mena-eg,North.Sinai.ae,North Sinai,NO_EPG,57,0,0,0.0,0.0,0,0,0.0,0.0,0.0,ae,NO_PROGRAMMES,FOREIGN_FEED_ID=AE_EXPECTED=EG,,
mena-eg,On.Drama.ae,On Drama,REVIEW,76,0,47,49.5,49.5,0,47,0.0,100.0,0.0,ae,,EMPTY_DESC=47(100%); LOW_TITLE_DIVERSITY=17%; FOREIGN_FEED_ID=AE_EXPECTED=EG; DUPLICATE_TIMELINE_GROUP=2; DUPLICATE_TIMELINE_UNRELATED,Still Have A Dream,Fly Us My Heart
mena-eg,On.E.HD.ae,On E HD,REVIEW,84,0,37,49.0,49.0,0,37,0.0,100.0,0.0,ae,,EMPTY_DESC=37(100%); FOREIGN_FEED_ID=AE_EXPECTED=EG,Satisfied,Al Kabir Awi
mena-eg,On.Time.Sports.HD.ae,On Time Sports HD,REVIEW,68,0,34,42.5,43.0,0,34,0.0,100.0,0.0,ae,,EMPTY_DESC=34(100%); PLACEHOLDER=1; GENERIC_GUIDE=3%; FOREIGN_FEED_ID=AE_EXPECTED=EG; DUPLICATE_TIMELINE_GROUP=7,ON Time Stadium,Sport TV Magazine
mena-eg,OnDrama.eg@SD,أون دراما,REVIEW,84,0,36,36.0,42.0,1,0,100.0,0.0,100.0,eg,,LOW_TITLE_DIVERSITY=19%; GAPS_GT_2H=1/TOTAL=6.0h,ولسه بحلم بيوم,أب ولكن
mena-eg,OnE.eg@SD,أون إي,REVIEW,92,0,38,45.0,45.0,0,16,100.0,5.3,100.0,eg,,EMPTY_DESC=16(42%),الكبير أوي ج7,أب ولكن
mena-eg,Sada El Balad 2.eg,Sada El Balad 2.eg,REVIEW,92,0,19,25.0,25.0,0,19,94.7,15.8,0.0,eg,,EMPTY_DESC=19(100%),برنامج على مسؤليتي,Sabah Albalad
mena-eg,Sada El Balad Drama.eg,Sada El Balad Drama.eg,REVIEW,84,0,49,49.0,49.0,0,49,0.0,100.0,0.0,eg,,EMPTY_DESC=49(100%); LOW_TITLE_DIVERSITY=14%,The Vow,The Coachman
mena-eg,Sada El Balad.eg,Sada El Balad.eg,REVIEW,92,0,21,26.0,26.0,0,21,61.9,38.1,0.0,eg,,EMPTY_DESC=21(100%),Sabah Albalad,برنامج على مسؤليتي
mena-eg,SadaElbalad.eg@SD,صدى البلد,REVIEW,84,0,30,36.0,42.0,1,17,100.0,0.0,100.0,eg,,EMPTY_DESC=17(57%); GAPS_GT_2H=1/TOTAL=6.0h,برنامج الماتش,دلع بنات
mena-eg,SadaElbalad2.eg@SD,صدى البلد 2,REVIEW,92,0,34,45.0,45.0,0,32,100.0,5.9,100.0,eg,,EMPTY_DESC=32(94%),برنامج على مسؤليتي,صباح البلد
mena-eg,SadaElbaladDrama.eg@SD,صدى البلد دراما,PASS,100,1,12,12.0,12.0,0,0,100.0,0.0,100.0,eg,,,العربجي,دلع بنات
mena-eg,South.Sinai.ae,South Sinai,NO_EPG,57,0,0,0.0,0.0,0,0,0.0,0.0,0.0,ae,NO_PROGRAMMES,FOREIGN_FEED_ID=AE_EXPECTED=EG,,
mena-eg,TeN.eg@SD,تن,REVIEW,84,0,35,36.0,42.0,1,11,100.0,0.0,100.0,eg,,EMPTY_DESC=11(31%); GAPS_GT_2H=1/TOTAL=6.0h,نشرة الأخبار,انحراف
mena-eg,The.Kingdom.Sat.ae,The Kingdom Sat,NO_EPG,57,0,0,0.0,0.0,0,0,0.0,0.0,0.0,ae,NO_PROGRAMMES,FOREIGN_FEED_ID=AE_EXPECTED=EG,,
mena-eg,Watan.TV.ae,Watan TV,NO_EPG,57,0,0,0.0,0.0,0,0,0.0,0.0,0.0,ae,NO_PROGRAMMES,FOREIGN_FEED_ID=AE_EXPECTED=EG,,
mena-eg,Zamalek.TV.ae,Zamalek TV,NO_EPG,57,0,0,0.0,0.0,0,0,0.0,0.0,0.0,ae,NO_PROGRAMMES,FOREIGN_FEED_ID=AE_EXPECTED=EG,,
mena-eg,Zee.Alwan.Egypt.ae,Zee Alwan Egypt,NO_EPG,57,0,0,0.0,0.0,0,0,0.0,0.0,0.0,ae,NO_PROGRAMMES,FOREIGN_FEED_ID=AE_EXPECTED=EG,,
mena-sa,AbdulmajeedAbdullah.sa@SD,عبدالمجيد عبدالله,NO_EPG,65,0,0,0.0,0.0,0,0,0.0,0.0,0.0,sa,NO_PROGRAMMES,,,
mena-sa,Aflam.sa@SD,أفلام,REVIEW,92,0,6,6.43,6.43,0,1,100.0,50.0,100.0,sa,,EMPTY_DESC=1(17%),جاءنا البيان التالي,ولد وبنت
mena-sa,Al Quran Al Kareem TV HD.sa,Al Quran Al Kareem TV HD.sa,REVIEW,76,0,17,17.98,17.98,0,17,0.0,100.0,0.0,sa,,EMPTY_DESC=17(100%); REPEATED_TITLE=100%; LOW_TITLE_DIVERSITY=6%,Al Quran Al Kareem HD,Al Quran Al Kareem HD
mena-sa,Al Resalah.sa,Al Resalah.sa,PASS,100,1,120,47.33,47.33,0,0,100.0,0.0,100.0,sa,,,دعوة,من أخلاقه تعلمنا
mena-sa,Al.Majd.ae,Al Majd,NO_EPG,57,0,0,0.0,0.0,0,0,0.0,0.0,0.0,ae,NO_PROGRAMMES,FOREIGN_FEED_ID=AE_EXPECTED=SA,,
mena-sa,Al.Majd.Holy.Quran.ae,Al Majd Holy Quran,NO_EPG,57,0,0,0.0,0.0,0,0,0.0,0.0,0.0,ae,NO_PROGRAMMES,FOREIGN_FEED_ID=AE_EXPECTED=SA,,
mena-sa,Al.Sahraa.TV.ae,Al Sahraa TV,NO_EPG,57,0,0,0.0,0.0,0,0,0.0,0.0,0.0,ae,NO_PROGRAMMES,FOREIGN_FEED_ID=AE_EXPECTED=SA,,
mena-sa,AlEkhbariya.sa@SD,الإخبارية,NO_EPG,65,0,0,0.0,0.0,0,0,0.0,0.0,0.0,sa,NO_PROGRAMMES,,,
mena-sa,AlHadath.sa@SD,الحدث,REVIEW,76,0,41,29.0,29.0,0,6,100.0,0.0,100.0,sa,,EMPTY_DESC=6(15%); REPEATED_TITLE=78%; LOW_TITLE_DIVERSITY=10%,03-10-2022,أخبار الحدث
mena-sa,AlQuranAlKareemTV.sa@SD,القرآن الكريم,NO_EPG,65,0,0,0.0,0.0,0,0,0.0,0.0,0.0,sa,NO_PROGRAMMES,,,
mena-sa,AlResalah.sa@SD,الرساله,REVIEW,92,0,31,15.0,15.0,0,1,100.0,0.0,100.0,sa,,EMPTY_DESC=1(3%),علمني رسول الله,جمال البيان النبوي
mena-sa,AlSaudiya.sa@SD,السعودية,REVIEW,92,0,51,38.83,38.83,0,22,100.0,0.0,100.0,sa,,EMPTY_DESC=22(43%),ديرتنا,صباح السعودية
mena-sa,AlSaudiyaAlaan.sa@SD,السعودية الآن,NO_EPG,65,0,0,0.0,0.0,0,0,0.0,0.0,0.0,sa,NO_PROGRAMMES,,,
mena-sa,AlSunnahAlNabawiyahTV.sa@SD,السنة النبوية,NO_EPG,65,0,0,0.0,0.0,0,0,0.0,0.0,0.0,sa,NO_PROGRAMMES,,,
mena-sa,AsharqDiscovery.sa@SD,الشرق ديسكفري,REVIEW,84,0,101,42.83,42.83,0,52,100.0,1.0,100.0,sa,,EMPTY_DESC=52(51%); PLACEHOLDER=50,ورشة تخريب السيارات,جدول البرامج غير متاح
mena-sa,AsharqDocumentary.sa@SD,Asharq Documentary,REVIEW,84,0,13,52.0,52.0,0,0,100.0,0.0,100.0,sa,,REPEATED_TITLE=100%; LOW_TITLE_DIVERSITY=8%,الشرق الوثائقية,الشرق الوثائقية
mena-sa,AsharqNews.sa@SD,الشرق,PASS,100,1,38,29.0,29.0,0,0,100.0,0.0,100.0,sa,,,التجارة الآسيوية,حكايا وناس
mena-sa,BabAlHara.sa@SD,قناة باب الحارة,NO_EPG,65,0,0,0.0,0.0,0,0,0.0,0.0,0.0,sa,NO_PROGRAMMES,,,
mena-sa,BigTimePlus.sa@SD,Big Time Plus,NO_EPG,65,0,0,0.0,0.0,0,0,0.0,0.0,0.0,sa,NO_PROGRAMMES,,,
mena-sa,Bin.Othaimeen.ae,Bin Othaimeen,NO_EPG,57,0,0,0.0,0.0,0,0,0.0,0.0,0.0,ae,NO_PROGRAMMES,FOREIGN_FEED_ID=AE_EXPECTED=SA,,
mena-sa,Fairuz.sa@HD,فيروز,REVIEW,84,0,661,41.97,41.97,0,661,100.0,0.0,0.0,sa,,EMPTY_DESC=661(100%); LOW_TITLE_DIVERSITY=5%,عودك رنان,شتي يادنيا
mena-sa,GoalZone.sa,Goal Zone,NO_EPG,65,0,0,0.0,0.0,0,0,0.0,0.0,0.0,sa,NO_PROGRAMMES,,,
mena-sa,IqraaArabic.sa,إقرأ,NO_EPG,65,0,0,0.0,0.0,0,0,0.0,0.0,0.0,sa,NO_PROGRAMMES,,,
mena-sa,KSA Now.sa,KSA Now.sa,REVIEW,84,0,47,47.0,47.0,0,0,100.0,0.0,100.0,sa,,REPEATED_TITLE=100%; LOW_TITLE_DIVERSITY=2%,السعودية الآن,السعودية الآن
mena-sa,KSA.sports.2.HD.ae,KSA sports 2 HD,NO_EPG,57,0,0,0.0,0.0,0,0,0.0,0.0,0.0,ae,NO_PROGRAMMES,FOREIGN_FEED_ID=AE_EXPECTED=SA,,
mena-sa,KSA.Sports.3.HD.ae,KSA Sports 3 HD,REVIEW,68,0,34,42.5,43.0,0,34,0.0,100.0,0.0,ae,,EMPTY_DESC=34(100%); PLACEHOLDER=1; GENERIC_GUIDE=3%; FOREIGN_FEED_ID=AE_EXPECTED=SA; DUPLICATE_TIMELINE_GROUP=7,ON Time Stadium,Sport TV Magazine
mena-sa,KSASports1.sa@SD,KSA Sports 1 HD,REVIEW,84,0,85,42.5,42.5,0,5,100.0,5.9,100.0,sa,,EMPTY_DESC=5(6%); LOW_TITLE_DIVERSITY=12%,منوعات,باسكتبول
mena-sa,LBC.sa,LBC.sa,PASS,100,1,41,47.0,47.0,0,0,90.2,9.8,100.0,sa,,,بنات همام:الحلقة 13,أثينا:الحلقة 13
mena-sa,LBC.sa@SD,إل بي سي,REVIEW,92,0,36,41.0,41.0,0,1,100.0,0.0,100.0,sa,,EMPTY_DESC=1(3%),العهد,يلا نحكي 4
mena-sa,MajidAlMohandis.sa@SD,ماجد المهندس,NO_EPG,65,0,0,0.0,0.0,0,0,0.0,0.0,0.0,sa,NO_PROGRAMMES,,,
mena-sa,Maraya.sa@HD,قناة مرايا,REVIEW,92,0,7,5.83,5.83,0,0,100.0,0.0,100.0,sa,,SPARSE_COVERAGE=5.8h,حديث المرايا الحلقة 14,مرايا 97 الحلقة 21
mena-sa,Masah.sa@SD,ماسة,REVIEW,92,0,52,45.0,45.0,0,46,100.0,0.0,100.0,sa,,EMPTY_DESC=46(88%),برنامج,برنامج
mena-sa,MohammedAbdo.sa@SD,محمد عبده,NO_EPG,65,0,0,0.0,0.0,0,0,0.0,0.0,0.0,sa,NO_PROGRAMMES,,,
mena-sa,MoviesAction.sa@SD,Movies Action,PASS,100,1,16,29.58,29.58,0,0,100.0,100.0,100.0,sa,,,The Courier,12 Strong
mena-sa,MoviesThriller.sa@SD,Movies Thriller,PASS,100,1,16,31.42,31.42,0,0,100.0,100.0,100.0,sa,,,A Simple Favor,Ben Is Back
mena-sa,Oyoun.Al.Watan.TV.ae,Oyoun Al Watan TV,NO_EPG,57,0,0,0.0,0.0,0,0,0.0,0.0,0.0,ae,NO_PROGRAMMES,FOREIGN_FEED_ID=AE_EXPECTED=SA,,
mena-sa,RabehSaqer.sa@HD,رابح صقر,REVIEW,84,0,430,41.97,41.97,0,430,100.0,0.0,0.0,sa,,EMPTY_DESC=430(100%); LOW_TITLE_DIVERSITY=16%,مغروره,غربة زمن
mena-sa,RashidAlMajed.sa@SD,راشد الماجد,NO_EPG,65,0,0,0.0,0.0,0,0,0.0,0.0,0.0,sa,NO_PROGRAMMES,,,
mena-sa,Saudi 1.sa,Saudi 1.sa,PASS,100,1,67,46.17,46.17,0,0,100.0,0.0,100.0,sa,,,ديرتنا,صباح السعودية
mena-sa,Saudi Quran.sa,Saudi Quran.sa,REVIEW,84,0,47,47.0,47.0,0,0,100.0,0.0,100.0,sa,,REPEATED_TITLE=100%; LOW_TITLE_DIVERSITY=2%,القرآن الكريم,القرآن الكريم
mena-sa,Saudi Sports 1.sa,Saudi Sports 1.sa,REVIEW,84,0,47,47.0,47.0,0,0,100.0,0.0,100.0,sa,,REPEATED_TITLE=96%; LOW_TITLE_DIVERSITY=4%,السعودية الرياضية 1,السعودية الرياضية 1
mena-sa,Saudi Sports 2.sa,Saudi Sports 2.sa,REVIEW,84,0,47,47.0,47.0,0,0,0.0,100.0,100.0,sa,,REPEATED_TITLE=100%; LOW_TITLE_DIVERSITY=2%,Saudi Sports 2,Saudi Sports 2
mena-sa,Saudi Sports 3.sa,Saudi Sports 3.sa,REVIEW,84,0,47,47.0,47.0,0,0,0.0,100.0,100.0,sa,,REPEATED_TITLE=100%; LOW_TITLE_DIVERSITY=2%,Saudi Sports 3,Saudi Sports 3
mena-sa,Saudi Sunnah.sa,Saudi Sunnah.sa,REVIEW,84,0,47,47.0,47.0,0,0,100.0,0.0,100.0,sa,,REPEATED_TITLE=100%; LOW_TITLE_DIVERSITY=2%,أحاديث نبوية شريفة,أحاديث نبوية شريفة
mena-sa,Saudi.Al.Ekhbariya.HD.ae,Saudi Al Ekhbariya HD,REVIEW,76,0,105,49.0,49.0,0,105,0.0,100.0,0.0,ae,,EMPTY_DESC=105(100%); LOW_TITLE_DIVERSITY=16%; FOREIGN_FEED_ID=AE_EXPECTED=SA,Today's Show,News
mena-sa,Saudi.HD.ae,Saudi HD,REVIEW,84,0,62,48.5,48.5,0,62,0.0,100.0,0.0,ae,,EMPTY_DESC=62(100%); FOREIGN_FEED_ID=AE_EXPECTED=SA,TV Program,Saudi Street
mena-sa,Saudi.Quran.TV.HD.ae,Saudi Quran TV HD,NO_EPG,57,0,0,0.0,0.0,0,0,0.0,0.0,0.0,ae,NO_PROGRAMMES,FOREIGN_FEED_ID=AE_EXPECTED=SA,,
mena-sa,Saudi.Sunna.TV.HD.ae,Saudi Sunna TV HD,NO_EPG,57,0,0,0.0,0.0,0,0,0.0,0.0,0.0,ae,NO_PROGRAMMES,FOREIGN_FEED_ID=AE_EXPECTED=SA,,
mena-sa,Saudi.Thikrayat.ae,Saudi Thikrayat,REVIEW,84,0,68,49.0,49.0,0,68,0.0,100.0,0.0,ae,,EMPTY_DESC=68(100%); FOREIGN_FEED_ID=AE_EXPECTED=SA,Living In The Wind,Salvation
mena-sa,Saudia.Alaan.TV.ae,Saudia Alaan TV,NO_EPG,57,0,0,0.0,0.0,0,0,0.0,0.0,0.0,ae,NO_PROGRAMMES,FOREIGN_FEED_ID=AE_EXPECTED=SA,,
mena-sa,SaudiThaqafiyaTV.sa@SD,الثقافية,NO_EPG,65,0,0,0.0,0.0,0,0,0.0,0.0,0.0,sa,NO_PROGRAMMES,,,
mena-sa,Saudiya TV.eg,Saudiya TV.eg,REVIEW,84,0,34,25.0,25.0,0,34,41.2,58.8,0.0,eg,,EMPTY_DESC=34(100%); FOREIGN_FEED_ID=EG_EXPECTED=SA,Deyrtna,Sabah Al Saudia
mena-sa,SBC.sa@SD,SBC,PASS,100,1,51,47.0,47.0,0,0,100.0,0.0,100.0,sa,,,ولاد ناس,مطبخ ضحى
mena-sa,Tarab.sa@SD,طرب,NO_EPG,65,0,0,0.0,0.0,0,0,0.0,0.0,0.0,sa,NO_PROGRAMMES,,,
mena-sa,ThikrayatTV.sa@SD,ذكريات,REVIEW,84,0,55,45.5,45.5,0,14,100.0,0.0,100.0,sa,,EMPTY_DESC=14(25%); LOW_TITLE_DIVERSITY=20%,الخروج من الدائرة / الخلاص,ريمي الفتى الشريد
mena-sa,Zad.TV.ae,Zad TV,NO_EPG,57,0,0,0.0,0.0,0,0,0.0,0.0,0.0,ae,NO_PROGRAMMES,FOREIGN_FEED_ID=AE_EXPECTED=SA,,
mena-ae,Ajman.TV.HD.ae,Ajman TV HD,NO_EPG,65,0,0,0.0,0.0,0,0,0.0,0.0,0.0,ae,NO_PROGRAMMES,,,
mena-ae,Al.Mashhad.ae,Al Mashhad,NO_EPG,65,0,0,0.0,0.0,0,0,0.0,0.0,0.0,ae,NO_PROGRAMMES,,,
mena-ae,Al.Qamar.TV.ae,Al Qamar TV,NO_EPG,65,0,0,0.0,0.0,0,0,0.0,0.0,0.0,ae,NO_PROGRAMMES,,,
mena-ae,AlDafrahTV.ae@SD,الظفرة,REVIEW,92,0,49,45.0,45.0,0,11,100.0,0.0,100.0,ae,,EMPTY_DESC=11(22%),إكس لانس,نشميات من البادية
mena-ae,AlSharqiyaMinKabla.ae@SD,الشرقية,REVIEW,92,0,21,14.0,14.0,0,10,100.0,0.0,100.0,ae,,EMPTY_DESC=10(48%),ولاية بطيخ 9,الچنة
mena-ae,Baynounah.TV.HD.ae,Baynounah TV HD,NO_EPG,65,0,0,0.0,0.0,0,0,0.0,0.0,0.0,ae,NO_PROGRAMMES,,,
mena-ae,CartoonNetworkArabic.ae@SD,CN Arabia,REVIEW,92,0,74,42.25,42.25,0,2,100.0,0.0,100.0,ae,,EMPTY_DESC=2(3%),بوغز بوني بيلدرز,كرايغ أوف ذا كريك
mena-ae,China.Arab.TV.ae,China Arab TV,NO_EPG,65,0,0,0.0,0.0,0,0,0.0,0.0,0.0,ae,NO_PROGRAMMES,,,
mena-ae,CNBC.Arabiya.ae,CNBC Arabiya,REVIEW,84,0,90,48.25,48.25,0,90,100.0,100.0,0.0,ae,,EMPTY_DESC=90(100%); LOW_TITLE_DIVERSITY=16%; DUPLICATE_TIMELINE_GROUP=2,كليك,عن كثب
mena-ae,Emarat.HD.ae,Emarat HD,REVIEW,92,0,65,48.92,48.92,0,65,0.0,100.0,0.0,ae,,EMPTY_DESC=65(100%),Coexistance,Good Intention
mena-ae,Emirates.eg,Emirates.eg,REVIEW,84,0,35,25.0,25.0,0,35,40.0,60.0,0.0,eg,,EMPTY_DESC=35(100%); FOREIGN_FEED_ID=EG_EXPECTED=AE,برنامج صباح الإمارات,Ayn Al Theeb
mena-ae,Fujairah TV.sa,Fujairah TV.sa,REVIEW,76,0,47,47.0,47.0,0,0,100.0,0.0,100.0,sa,,REPEATED_TITLE=100%; LOW_TITLE_DIVERSITY=2%; FOREIGN_FEED_ID=SA_EXPECTED=AE,الفجيرة,الفجيرة
mena-ae,Fujairah.eg,Fujairah.eg,REVIEW,84,0,27,25.5,25.5,0,27,51.9,48.1,0.0,eg,,EMPTY_DESC=27(100%); FOREIGN_FEED_ID=EG_EXPECTED=AE,برنامج صباح الخير يا وطن,برنامج
mena-ae,FujairahTV.ae@SD,الفجيرة,REVIEW,84,0,38,36.0,42.0,1,11,100.0,0.0,100.0,ae,,EMPTY_DESC=11(29%); GAPS_GT_2H=1/TOTAL=6.0h,المصيدة,فارس بلا جواز
mena-ae,NickelodeonArabia.ae@SD,Nickelodeon HD,REVIEW,92,0,122,42.33,42.33,0,0,100.0,0.0,100.0,ae,,LOW_TITLE_DIVERSITY=15%,ذا لاود هاوس,ذا لاود هاوس
mena-ae,NickJrArabia.ae@SD,Nick Jr HD,REVIEW,92,0,145,42.25,42.25,0,0,100.0,0.0,100.0,ae,,LOW_TITLE_DIVERSITY=11%,دير سكواد,دورا
mena-ae,NicktoonsArabia.ae@SD,NickToons HD,REVIEW,92,0,127,42.33,42.33,0,0,100.0,0.8,100.0,ae,,LOW_TITLE_DIVERSITY=18%,سبونجبوب سكويربانتس,سبونجبوب سكويربانتس
mena-ae,Sharjah Quran.sa,Sharjah Quran.sa,REVIEW,76,0,47,47.0,47.0,0,0,100.0,0.0,100.0,sa,,REPEATED_TITLE=100%; LOW_TITLE_DIVERSITY=2%; FOREIGN_FEED_ID=SA_EXPECTED=AE,القرآن الكريم الشارقة,القرآن الكريم الشارقة
mena-ae,Sharjah Sports.sa,Sharjah Sports.sa,REVIEW,76,0,47,47.0,47.0,0,0,100.0,0.0,100.0,sa,,REPEATED_TITLE=100%; LOW_TITLE_DIVERSITY=2%; FOREIGN_FEED_ID=SA_EXPECTED=AE,الشارقة الرياضية,الشارقة الرياضية
mena-ae,Sharjah TV.sa,Sharjah TV.sa,REVIEW,76,0,47,47.0,47.0,0,0,100.0,0.0,100.0,sa,,REPEATED_TITLE=100%; LOW_TITLE_DIVERSITY=2%; FOREIGN_FEED_ID=SA_EXPECTED=AE,الشارقة,الشارقة
mena-ae,Sharjah.HD.ae,Sharjah HD,REVIEW,92,0,59,49.0,49.0,0,59,0.0,100.0,0.0,ae,,EMPTY_DESC=59(100%),Al Sharjah Morning,Advisory Opinions
mena-ae,Sharjah.Quran.TV.ae,Sharjah Quran TV,NO_EPG,65,0,0,0.0,0.0,0,0,0.0,0.0,0.0,ae,NO_PROGRAMMES,,,
mena-ae,SharjahTV.ae@SD,الشارقة,REVIEW,92,0,18,11.0,11.0,0,15,100.0,0.0,100.0,ae,,EMPTY_DESC=15(83%),برنامج صباح الشارقة,برنامج فتاوى
mena-ae,SkyNewsArabia.ae@SD,Sky News Arabia HD,REVIEW,84,0,62,42.0,42.0,0,0,100.0,72.6,100.0,ae,,REPEATED_TITLE=73%; LOW_TITLE_DIVERSITY=13%,برنامج الصباح,Sky News عربية HD
mena-ae,SpacetoonArabic.ae@SD,Spacetoon,NO_EPG,65,0,0,0.0,0.0,0,0,0.0,0.0,0.0,ae,NO_PROGRAMMES,,,
mena-ae,StarMoviesMiddleEast.ae@SD,Star Movies Middle East,REVIEW,92,0,9,15.0,15.0,0,9,100.0,0.0,0.0,ae,,EMPTY_DESC=9(100%),نوتدرام أون فاير,إيكوز أوف وور
mena-ae,StarWorldMiddleEast.ae@SD,Star World Middle East,REVIEW,92,0,57,10.53,10.53,0,57,100.0,73.7,0.0,ae,,EMPTY_DESC=57(100%),E19 | S2 دودلبو,E20 | S2 دودلبو
mena-ae,Zayed.Quran.ae,Zayed Quran,NO_EPG,65,0,0,0.0,0.0,0,0,0.0,0.0,0.0,ae,NO_PROGRAMMES,,,
mena-ae,ZeeAlwan.ae@SD,زي ألوان,PASS,100,1,12,12.0,12.0,0,0,100.0,66.7,100.0,ae,,,Jamai No. 1,Kundali Bhagya
mena-qa,Al.Jazeera.Documentary.HD.ae,Al Jazeera Documentary HD,NO_EPG,57,0,0,0.0,0.0,0,0,0.0,0.0,0.0,ae,NO_PROGRAMMES,FOREIGN_FEED_ID=AE_EXPECTED=QA,,
mena-qa,Al.Jazeera.English.HD.ae,Al Jazeera English HD,NO_EPG,57,0,0,0.0,0.0,0,0,0.0,0.0,0.0,ae,NO_PROGRAMMES,FOREIGN_FEED_ID=AE_EXPECTED=QA,,
mena-qa,Al.Jazeera.HD.ae,Al Jazeera HD,NO_EPG,57,0,0,0.0,0.0,0,0,0.0,0.0,0.0,ae,NO_PROGRAMMES,FOREIGN_FEED_ID=AE_EXPECTED=QA,,
mena-qa,Al.Jazeera.Mobasher.2.HD.ae,Al Jazeera Mobasher 2 HD,REVIEW,76,0,62,49.0,49.0,0,62,0.0,100.0,0.0,ae,,EMPTY_DESC=62(100%); LOW_TITLE_DIVERSITY=14%; FOREIGN_FEED_ID=AE_EXPECTED=QA; DUPLICATE_TIMELINE_GROUP=3,News,Morning Show
mena-qa,Al.Jazeera.Mobasher.HD.ae,Al Jazeera Mobasher HD,REVIEW,76,0,62,49.0,49.0,0,62,0.0,100.0,0.0,ae,,EMPTY_DESC=62(100%); LOW_TITLE_DIVERSITY=14%; FOREIGN_FEED_ID=AE_EXPECTED=QA; DUPLICATE_TIMELINE_GROUP=3,News,Morning Show
mena-qa,Al.Maaref.TV.ae,Al Maaref TV,NO_EPG,57,0,0,0.0,0.0,0,0,0.0,0.0,0.0,ae,NO_PROGRAMMES,FOREIGN_FEED_ID=AE_EXPECTED=QA,,
mena-qa,Al.Rayyan.Al.Qadeem.HD.ae,Al Rayyan Al Qadeem HD,REVIEW,84,0,51,49.0,49.0,0,51,0.0,100.0,0.0,ae,,EMPTY_DESC=51(100%); FOREIGN_FEED_ID=AE_EXPECTED=QA,Lovely,Bandar's Adventures In Qatar
mena-qa,Al.Rayyan.HD.ae,Al Rayyan HD,REVIEW,84,0,49,50.0,50.0,0,49,0.0,100.0,0.0,ae,,EMPTY_DESC=49(100%); FOREIGN_FEED_ID=AE_EXPECTED=QA; DUPLICATE_TIMELINE_GROUP=2; DUPLICATE_TIMELINE_UNRELATED,Greetings,The Friends
mena-qa,AlArabyTV.qa@SD,Al Araby TV,REVIEW,92,0,53,42.0,42.0,0,0,100.0,0.0,100.0,qa,,LOW_TITLE_DIVERSITY=17%,هذا النهار,الأخبار
mena-qa,AlArabyTV2.qa@SD,Al Araby 2,PASS,100,1,51,42.0,42.0,0,0,100.0,0.0,100.0,qa,,,أفضل فنون العمارة,عالم التوابل الساحر
mena-qa,Aljazeera-Documentary-1.qa,Aljazeera-Documentary-1.qa,REVIEW,84,0,55,43.97,46.0,0,55,100.0,0.0,0.0,qa,,EMPTY_DESC=55(100%); LOW_TITLE_DIVERSITY=16%,نيوز,نيوز
mena-qa,AlJazeera.Arabic.net,AlJazeera Arabic,REVIEW,76,0,43,49.0,49.0,0,43,100.0,100.0,0.0,,,EMPTY_DESC=43(100%); REPEATED_TITLE=86%; LOW_TITLE_DIVERSITY=7%,نشرة الأخبار,نشرة الأخبار
mena-qa,AlJazeera.English.net,AlJazeera English,REVIEW,92,0,75,48.5,48.5,0,75,0.0,100.0,0.0,,,EMPTY_DESC=75(100%),NEWS 30min,All Hail The Military : The Spectator - Scrolling Through an Age of Doom
mena-qa,AlJazeera.qa@Arabic,Al Jazeera Arabic,REVIEW,76,0,34,42.0,42.0,0,2,100.0,0.0,100.0,qa,,EMPTY_DESC=2(6%); REPEATED_TITLE=88%; LOW_TITLE_DIVERSITY=9%,نشرة الأخبار,نشرة الأخبار
mena-qa,AlJazeera2.qa@HD,Al Jazeera 2,REVIEW,84,0,20,12.0,30.0,1,1,100.0,0.0,100.0,qa,,EMPTY_DESC=1(5%); GAPS_GT_2H=1/TOTAL=18.0h,نشرة الأخبار,شبكات
mena-qa,Baraem.qa@SD,BaraemTV,REVIEW,84,0,65,15.0,15.0,0,65,100.0,81.5,0.0,qa,,SHORT_LT_2M=2; EMPTY_DESC=65(100%),Baraem Night Loop EP 7,Baraem Night Loop EP 7
mena-qa,BeJunior.qa@SD,Be Junior,REVIEW,92,0,56,44.97,46.5,0,56,100.0,0.0,0.0,qa,,EMPTY_DESC=56(100%),9/11 رييونايتيد,كار إس أو إس
mena-qa,FoxActionMoviesMENA.hk@SD,Fox Action Movies MENA,REVIEW,84,0,7,14.02,14.02,0,7,100.0,0.0,0.0,,,EMPTY_DESC=7(100%); REPEATED_TITLE=100%,الفايكنغ الأخير,الفايكنغ الأخير
mena-qa,FoxMoviesMiddleEast.us@SD,Fox Movies Middle East,REVIEW,76,0,9,13.52,13.52,0,9,100.0,0.0,0.0,,,EMPTY_DESC=9(100%); REPEATED_TITLE=100%; LOW_TITLE_DIVERSITY=11%,سمكة البوت بوت,سمكة البوت بوت
mena-qa,Hola.Qatar.ae,Hola Qatar,NO_EPG,57,0,0,0.0,0.0,0,0,0.0,0.0,0.0,ae,NO_PROGRAMMES,FOREIGN_FEED_ID=AE_EXPECTED=QA,,
mena-qa,Qatar.2.HD.ae,Qatar 2 HD,REVIEW,84,0,89,48.75,48.75,0,89,0.0,100.0,0.0,ae,,EMPTY_DESC=89(100%); FOREIGN_FEED_ID=AE_EXPECTED=QA,From Several Perspectives,Sports Files
mena-qa,Qatar.R.Quran.2.ae,Qatar R Quran 2,NO_EPG,57,0,0,0.0,0.0,0,0,0.0,0.0,0.0,ae,NO_PROGRAMMES,FOREIGN_FEED_ID=AE_EXPECTED=QA,,
mena-qa,Qatar.R.Quran.ae,Qatar R Quran,NO_EPG,57,0,0,0.0,0.0,0,0,0.0,0.0,0.0,ae,NO_PROGRAMMES,FOREIGN_FEED_ID=AE_EXPECTED=QA,,
mena-qa,Qatar.TV.HD.ae,Qatar TV HD,REVIEW,76,0,53,57.25,57.25,0,53,0.0,100.0,0.0,ae,,LONG_GT_6H=3; EMPTY_DESC=53(100%); FOREIGN_FEED_ID=AE_EXPECTED=QA,Soil,In The Morning
mena-qa,Sout.Al.Islam.Doha.ae,Sout Al Islam Doha,NO_EPG,57,0,0,0.0,0.0,0,0,0.0,0.0,0.0,ae,NO_PROGRAMMES,FOREIGN_FEED_ID=AE_EXPECTED=QA,,
mena-qa,Sout.Al.Rayyan.ae,Sout Al Rayyan,NO_EPG,57,0,0,0.0,0.0,0,0,0.0,0.0,0.0,ae,NO_PROGRAMMES,FOREIGN_FEED_ID=AE_EXPECTED=QA,,
mena-qa,Sout.Alkhaleej.2.ae,Sout Alkhaleej 2,NO_EPG,57,0,0,0.0,0.0,0,0,0.0,0.0,0.0,ae,NO_PROGRAMMES,FOREIGN_FEED_ID=AE_EXPECTED=QA,,
mena-qa,Sout.Alkhaleej.3.ae,Sout Alkhaleej 3,NO_EPG,57,0,0,0.0,0.0,0,0,0.0,0.0,0.0,ae,NO_PROGRAMMES,FOREIGN_FEED_ID=AE_EXPECTED=QA,,
mena-qa,Sout.Alkhaleej.4.ae,Sout Alkhaleej 4,NO_EPG,57,0,0,0.0,0.0,0,0,0.0,0.0,0.0,ae,NO_PROGRAMMES,FOREIGN_FEED_ID=AE_EXPECTED=QA,,
mena-qa,Sout.Alkhaleej.Europe.ae,Sout Alkhaleej Europe,NO_EPG,57,0,0,0.0,0.0,0,0,0.0,0.0,0.0,ae,NO_PROGRAMMES,FOREIGN_FEED_ID=AE_EXPECTED=QA,,
mena-kw,Al.Anwar.TV.ae,Al Anwar TV,NO_EPG,57,0,0,0.0,0.0,0,0,0.0,0.0,0.0,ae,NO_PROGRAMMES,FOREIGN_FEED_ID=AE_EXPECTED=KW,,
mena-kw,Al.Rai.TV.ae,Al Rai TV,NO_EPG,57,0,0,0.0,0.0,0,0,0.0,0.0,0.0,ae,NO_PROGRAMMES,FOREIGN_FEED_ID=AE_EXPECTED=KW,,
mena-kw,AlraiTV.kw@SD,Al Rai TV,REVIEW,84,0,78,42.67,42.67,0,49,100.0,0.0,100.0,kw,,EMPTY_DESC=49(63%); LOW_TITLE_DIVERSITY=4%,سيُعلن لاحقًا,سيُعلن لاحقًا
mena-kw,KTV Channel 1 HD.sa,KTV Channel 1 HD.sa,REVIEW,84,0,59,26.0,26.0,0,59,100.0,0.0,0.0,sa,,EMPTY_DESC=59(100%); FOREIGN_FEED_ID=SA_EXPECTED=KW,العالم هذا الصباح,صباح الخير يا كويت
mena-kw,Kuwait.Al.Akhbar.ae,Kuwait Al Akhbar,NO_EPG,57,0,0,0.0,0.0,0,0,0.0,0.0,0.0,ae,NO_PROGRAMMES,FOREIGN_FEED_ID=AE_EXPECTED=KW,,
mena-kw,Kuwait.Classical.ae,Kuwait Classical,NO_EPG,57,0,0,0.0,0.0,0,0,0.0,0.0,0.0,ae,NO_PROGRAMMES,FOREIGN_FEED_ID=AE_EXPECTED=KW,,
mena-kw,Kuwait.Easy.ae,Kuwait Easy,NO_EPG,57,0,0,0.0,0.0,0,0,0.0,0.0,0.0,ae,NO_PROGRAMMES,FOREIGN_FEED_ID=AE_EXPECTED=KW,,
mena-kw,Kuwait.Holy.Quran.ae,Kuwait Holy Quran,NO_EPG,57,0,0,0.0,0.0,0,0,0.0,0.0,0.0,ae,NO_PROGRAMMES,FOREIGN_FEED_ID=AE_EXPECTED=KW,,
mena-kw,Kuwait.Shaabyia.ae,Kuwait Shaabyia,NO_EPG,57,0,0,0.0,0.0,0,0,0.0,0.0,0.0,ae,NO_PROGRAMMES,FOREIGN_FEED_ID=AE_EXPECTED=KW,,
mena-kw,Kuwait.Sport.HD.ae,Kuwait Sport HD,REVIEW,68,0,34,42.5,43.0,0,34,0.0,100.0,0.0,ae,,EMPTY_DESC=34(100%); PLACEHOLDER=1; GENERIC_GUIDE=3%; FOREIGN_FEED_ID=AE_EXPECTED=KW; DUPLICATE_TIMELINE_GROUP=7,ON Time Stadium,Sport TV Magazine
mena-kw,Kuwait.Super.ae,Kuwait Super,NO_EPG,57,0,0,0.0,0.0,0,0,0.0,0.0,0.0,ae,NO_PROGRAMMES,FOREIGN_FEED_ID=AE_EXPECTED=KW,,
mena-kw,Kuwait.TV.1.HD.ae,Kuwait TV 1 HD,REVIEW,84,0,63,50.17,50.17,0,63,0.0,100.0,0.0,ae,,EMPTY_DESC=63(100%); FOREIGN_FEED_ID=AE_EXPECTED=KW,The Field With Hemdan,Sadaf
mena-kw,Kuwait.TV.2.HD.ae,Kuwait TV 2 HD,NO_EPG,57,0,0,0.0,0.0,0,0,0.0,0.0,0.0,ae,NO_PROGRAMMES,FOREIGN_FEED_ID=AE_EXPECTED=KW,,
mena-kw,Kuwait.TV.Sport.Plus.HD.ae,Kuwait TV Sport Plus HD,REVIEW,68,0,34,42.5,43.0,0,34,0.0,100.0,0.0,ae,,EMPTY_DESC=34(100%); PLACEHOLDER=1; GENERIC_GUIDE=3%; FOREIGN_FEED_ID=AE_EXPECTED=KW; DUPLICATE_TIMELINE_GROUP=7,ON Time Stadium,Sport TV Magazine
mena-bh,Bahrain Sports TV.sa,Bahrain Sports TV.sa,REVIEW,76,0,47,47.0,47.0,0,0,100.0,0.0,100.0,sa,,REPEATED_TITLE=100%; LOW_TITLE_DIVERSITY=2%; FOREIGN_FEED_ID=SA_EXPECTED=BH,البحرين الرياضية,البحرين الرياضية
mena-bh,Bahrain TV.sa,Bahrain TV.sa,REVIEW,76,0,60,26.53,26.53,0,56,100.0,0.0,100.0,sa,,SHORT_LT_2M=1; EMPTY_DESC=56(93%); FOREIGN_FEED_ID=SA_EXPECTED=BH,نشرة الأخبار,قصيدة آنست مجدك
mena-bh,Bahrain.International.ae,Bahrain International,NO_EPG,57,0,0,0.0,0.0,0,0,0.0,0.0,0.0,ae,NO_PROGRAMMES,FOREIGN_FEED_ID=AE_EXPECTED=BH,,
mena-bh,BahrainTV.bh@SD,Bahrain TV,PASS,100,1,96,42.07,42.07,0,0,100.0,0.0,100.0,bh,,,نشرة الأخبار,قصيدة آنست مجدك
mena-bh,LuaLua.TV.HD.ae,LuaLua TV HD,NO_EPG,57,0,0,0.0,0.0,0,0,0.0,0.0,0.0,ae,NO_PROGRAMMES,FOREIGN_FEED_ID=AE_EXPECTED=BH,,
mena-om,Alistiqama.TV.ae,Alistiqama TV,NO_EPG,57,0,0,0.0,0.0,0,0,0.0,0.0,0.0,ae,NO_PROGRAMMES,FOREIGN_FEED_ID=AE_EXPECTED=OM,,
mena-om,Oman Al Thakafeyah.sa,Oman Al Thakafeyah.sa,REVIEW,92,0,98,46.42,46.42,0,0,100.0,0.0,100.0,sa,,FOREIGN_FEED_ID=SA_EXPECTED=OM,أفضل الأسواق على الأرض,حواضر إسلامية
mena-om,Oman Mubasher.sa,Oman Mubasher.sa,REVIEW,92,0,94,46.23,46.23,0,0,100.0,0.0,100.0,sa,,FOREIGN_FEED_ID=SA_EXPECTED=OM,قهوة الصباح,الأخبار
mena-om,Oman Sport.sa,Oman Sport.sa,REVIEW,92,0,32,48.0,48.0,0,0,100.0,0.0,100.0,sa,,FOREIGN_FEED_ID=SA_EXPECTED=OM,الدكة,كأس العالم لخماسيات الهوكي - عمان
mena-om,Oman.eg,Oman.eg,REVIEW,84,0,46,25.0,25.0,0,46,58.7,41.3,0.0,eg,,EMPTY_DESC=46(100%); FOREIGN_FEED_ID=EG_EXPECTED=OM,برنامج قهوة الصباح,نشرة أخبار الحادية عشر
mena-om,Oman.TV.Culture.HD.ae,Oman TV Culture HD,NO_EPG,57,0,0,0.0,0.0,0,0,0.0,0.0,0.0,ae,NO_PROGRAMMES,FOREIGN_FEED_ID=AE_EXPECTED=OM,,
mena-om,Oman.TV.Mubasher.HD.ae,Oman TV Mubasher HD,REVIEW,84,0,49,50.0,50.0,0,49,0.0,100.0,0.0,ae,,EMPTY_DESC=49(100%); FOREIGN_FEED_ID=AE_EXPECTED=OM; DUPLICATE_TIMELINE_GROUP=2; DUPLICATE_TIMELINE_UNRELATED,Greetings,The Friends
mena-om,Oman.TV.Sport.HD.ae,Oman TV Sport HD,REVIEW,68,0,34,42.5,43.0,0,34,0.0,100.0,0.0,ae,,EMPTY_DESC=34(100%); PLACEHOLDER=1; GENERIC_GUIDE=3%; FOREIGN_FEED_ID=AE_EXPECTED=OM; DUPLICATE_TIMELINE_GROUP=7,ON Time Stadium,Sport TV Magazine
mena-om,OmanSportsTV.om,قناة عمان الرياضية,REVIEW,92,0,28,38.08,38.08,0,28,100.0,0.0,0.0,om,,EMPTY_DESC=28(100%),عمان × الإمارات - كأس الخليج الــ26 - الكويت 2024,الحدث - S2 - 2026 - الحلقة 10
mena-om,OmanTV.om,قناة عمان العامة,REVIEW,92,0,78,38.82,38.9,0,78,100.0,3.8,0.0,om,,EMPTY_DESC=78(100%); DUPLICATE_TIMELINE_GROUP=2,برنامج قهوة الصباح,نشرة أخبار الحادية عشر
mena-om,OmanTV.om@SD,Oman TV,PASS,100,1,80,42.48,42.48,0,0,100.0,0.0,100.0,om,,,قهوة الصباح,نشرة أخبار الحادية عشر
mena-om,OmanTVCultural.om,قناة عمان الثقافية,REVIEW,92,0,79,38.58,38.75,0,79,100.0,0.0,0.0,om,,EMPTY_DESC=79(100%),البرنامج الثقافي - أفضل الأسواق على الأرض - الحلقة 16,برنامج - حواضر اسلامية - الحلقة 14
mena-om,OmanTVMubashir.om,قناة عمان مباشر,REVIEW,92,0,78,38.82,38.9,0,78,100.0,3.8,0.0,om,,EMPTY_DESC=78(100%); DUPLICATE_TIMELINE_GROUP=2,برنامج قهوة الصباح,نشرة أخبار الحادية عشر
mena-jo,Al Mamlaka TV.sa,Al Mamlaka TV.sa,REVIEW,84,0,87,47.0,47.0,0,0,96.6,3.4,100.0,sa,,LOW_TITLE_DIVERSITY=15%; FOREIGN_FEED_ID=SA_EXPECTED=JO,الأخبار,برنامج وثائقي
mena-jo,AmmanTV.jo@SD,عَمان,REVIEW,84,0,35,36.0,42.5,1,26,100.0,2.9,100.0,jo,,EMPTY_DESC=26(74%); GAPS_GT_2H=1/TOTAL=6.5h,برنامج وثائقي كليك,برنامج بهار ونار
mena-jo,Azhari.TV.ae,Azhari TV,NO_EPG,57,0,0,0.0,0.0,0,0,0.0,0.0,0.0,ae,NO_PROGRAMMES,FOREIGN_FEED_ID=AE_EXPECTED=JO,,
mena-jo,Jordan TV.sa,Jordan TV.sa,REVIEW,76,0,47,47.0,47.0,0,0,100.0,0.0,100.0,sa,,REPEATED_TITLE=100%; LOW_TITLE_DIVERSITY=2%; FOREIGN_FEED_ID=SA_EXPECTED=JO,التلفزيون الأردني,التلفزيون الأردني
mena-jo,Jordan.sama.ae,Jordan sama,NO_EPG,57,0,0,0.0,0.0,0,0,0.0,0.0,0.0,ae,NO_PROGRAMMES,FOREIGN_FEED_ID=AE_EXPECTED=JO,,
mena-jo,Jordan.Sport.HD.ae,Jordan Sport HD,REVIEW,68,0,34,42.5,43.0,0,34,0.0,100.0,0.0,ae,,EMPTY_DESC=34(100%); PLACEHOLDER=1; GENERIC_GUIDE=3%; FOREIGN_FEED_ID=AE_EXPECTED=JO; DUPLICATE_TIMELINE_GROUP=7,ON Time Stadium,Sport TV Magazine
mena-jo,JordanTV.jo@SD,الأردن,REVIEW,92,0,63,46.0,46.0,0,38,100.0,0.0,100.0,jo,,EMPTY_DESC=38(60%),برنامج يوم جديد,برنامج الو دكتور
mena-jo,Kaifa.TV.ae,Kaifa TV,NO_EPG,57,0,0,0.0,0.0,0,0,0.0,0.0,0.0,ae,NO_PROGRAMMES,FOREIGN_FEED_ID=AE_EXPECTED=JO,,
mena-jo,Karameesh.ae,Karameesh,NO_EPG,57,0,0,0.0,0.0,0,0,0.0,0.0,0.0,ae,NO_PROGRAMMES,FOREIGN_FEED_ID=AE_EXPECTED=JO,,
mena-jo,Quran.Kareem.Jordan.ae,Quran Kareem Jordan,NO_EPG,57,0,0,0.0,0.0,0,0,0.0,0.0,0.0,ae,NO_PROGRAMMES,FOREIGN_FEED_ID=AE_EXPECTED=JO,,
mena-jo,RoyaComedy.jo@SD,Roya Comedy,REVIEW,92,0,90,39.55,39.55,0,0,100.0,0.0,100.0,jo,,LOW_TITLE_DIVERSITY=16%,يوميات مدير عام,يوميات مدير عام
mena-jo,RoyaKids.jo@SD,Roya Kids,REVIEW,76,0,60,39.28,39.28,0,5,100.0,10.0,100.0,jo,,SHORT_LT_2M=4; EMPTY_DESC=5(8%); LOW_TITLE_DIVERSITY=13%,الموسم الثامن,فترة الاطفال - هل تعلم مع لونا؟
mena-jo,RoyaKitchen.jo@SD,Roya Kitchen,REVIEW,92,0,128,39.12,39.13,0,0,100.0,0.0,100.0,jo,,LOW_TITLE_DIVERSITY=7%,مطبخ رؤيا - نصائح صحية,مطبخ رؤيا
mena-jo,RoyaNews.jo@SD,Roya News,REVIEW,84,0,57,39.33,39.33,0,7,100.0,0.0,100.0,jo,,EMPTY_DESC=7(12%); LOW_TITLE_DIVERSITY=19%,حكي سياسي - الموسم الثالث,موجز الأخبار
mena-jo,RoyaTV.jo@SD,Roya TV,PASS,100,1,34,40.0,40.0,0,0,100.0,0.0,100.0,jo,,,دنيا يا دنيا,مطبخ رؤيا
mena-jo,Toyor.Aljanah.TV.ae,Toyor Aljanah TV,NO_EPG,57,0,0,0.0,0.0,0,0,0.0,0.0,0.0,ae,NO_PROGRAMMES,FOREIGN_FEED_ID=AE_EXPECTED=JO,,
mena-lb,Aghani Aghani.sa,Aghani Aghani.sa,REVIEW,76,0,47,47.0,47.0,0,0,100.0,0.0,100.0,sa,,REPEATED_TITLE=100%; LOW_TITLE_DIVERSITY=2%; FOREIGN_FEED_ID=SA_EXPECTED=LB,أغاني,أغاني
mena-lb,Al Jadeed TV.eg,Al Jadeed TV.eg,REVIEW,84,0,15,15.0,15.0,0,15,46.7,53.3,0.0,eg,,EMPTY_DESC=15(100%); FOREIGN_FEED_ID=EG_EXPECTED=LB,برنامج صباح اليوم,موجزالأخبار
mena-lb,Al.Iman.TV.ae,Al Iman TV,NO_EPG,57,0,0,0.0,0.0,0,0,0.0,0.0,0.0,ae,NO_PROGRAMMES,FOREIGN_FEED_ID=AE_EXPECTED=LB,,
mena-lb,Al.Ittihad.TV.ae,Al Ittihad TV,NO_EPG,57,0,0,0.0,0.0,0,0,0.0,0.0,0.0,ae,NO_PROGRAMMES,FOREIGN_FEED_ID=AE_EXPECTED=LB,,
mena-lb,Al.Mayadeen.HD.ae,Al Mayadeen HD,NO_EPG,57,0,0,0.0,0.0,0,0,0.0,0.0,0.0,ae,NO_PROGRAMMES,FOREIGN_FEED_ID=AE_EXPECTED=LB,,
mena-lb,AlJadeed.lb@SD,الجديد,REVIEW,92,0,15,15.0,15.0,0,6,100.0,0.0,100.0,lb,,EMPTY_DESC=6(40%),برنامج صباح اليوم,موجزالأخبار
mena-lb,Beirut.Aflam.ae,Beirut Aflam,NO_EPG,57,0,0,0.0,0.0,0,0,0.0,0.0,0.0,ae,NO_PROGRAMMES,FOREIGN_FEED_ID=AE_EXPECTED=LB,,
mena-lb,Beirut.Alyoom.ae,Beirut Alyoom,NO_EPG,57,0,0,0.0,0.0,0,0,0.0,0.0,0.0,ae,NO_PROGRAMMES,FOREIGN_FEED_ID=AE_EXPECTED=LB,,
mena-lb,Beirut.Cinema.ae,Beirut Cinema,NO_EPG,57,0,0,0.0,0.0,0,0,0.0,0.0,0.0,ae,NO_PROGRAMMES,FOREIGN_FEED_ID=AE_EXPECTED=LB,,
mena-lb,Beirut.Drama.ae,Beirut Drama,NO_EPG,57,0,0,0.0,0.0,0,0,0.0,0.0,0.0,ae,NO_PROGRAMMES,FOREIGN_FEED_ID=AE_EXPECTED=LB,,
mena-lb,LanaTV.lb@SD,ال تي في,REVIEW,92,0,12,12.0,12.0,0,2,100.0,8.3,100.0,lb,,EMPTY_DESC=2(17%),كذب أبيض,كسر عضم ج2: السراديب
mena-lb,LBCI.eg,LBCI.eg,REVIEW,84,0,26,26.0,26.0,0,26,46.2,65.4,0.0,eg,,EMPTY_DESC=26(100%); FOREIGN_FEED_ID=EG_EXPECTED=LB; DUPLICATE_TIMELINE_GROUP=2,برنامج شمس الصباح,Naharukum Saeid
mena-lb,LBCInternational.lb@SD,إل بي سي آي,REVIEW,84,0,36,37.0,44.0,1,16,100.0,13.9,100.0,lb,,EMPTY_DESC=16(44%); GAPS_GT_2H=1/TOTAL=7.0h,نهاركم سعيد,برنامج صباحي morning talk
mena-lb,MTV.lb@SD,MTV Lebanon,REVIEW,92,0,16,46.92,46.92,0,0,100.0,100.0,100.0,lb,,LONG_GT_6H=2,ALIVE,Midday News
mena-lb,Nabaa.TV.ae,Nabaa TV,NO_EPG,57,0,0,0.0,0.0,0,0,0.0,0.0,0.0,ae,NO_PROGRAMMES,FOREIGN_FEED_ID=AE_EXPECTED=LB,,
mena-lb,Nour.Koddass.ae,Nour Koddass,NO_EPG,57,0,0,0.0,0.0,0,0,0.0,0.0,0.0,ae,NO_PROGRAMMES,FOREIGN_FEED_ID=AE_EXPECTED=LB,,
mena-lb,Noursat.TV.ae,Noursat TV,NO_EPG,57,0,0,0.0,0.0,0,0,0.0,0.0,0.0,ae,NO_PROGRAMMES,FOREIGN_FEED_ID=AE_EXPECTED=LB,,
mena-lb,Suboro.TV.ae,Suboro TV,NO_EPG,57,0,0,0.0,0.0,0,0,0.0,0.0,0.0,ae,NO_PROGRAMMES,FOREIGN_FEED_ID=AE_EXPECTED=LB,,
mena-iq,Afaq.TV.ae,Afaq TV,NO_EPG,57,0,0,0.0,0.0,0,0,0.0,0.0,0.0,ae,NO_PROGRAMMES,FOREIGN_FEED_ID=AE_EXPECTED=IQ,,
mena-iq,Al.Anbar.ae,Al Anbar,NO_EPG,57,0,0,0.0,0.0,0,0,0.0,0.0,0.0,ae,NO_PROGRAMMES,FOREIGN_FEED_ID=AE_EXPECTED=IQ,,
mena-iq,Al.Ayyam.TV.ae,Al Ayyam TV,NO_EPG,57,0,0,0.0,0.0,0,0,0.0,0.0,0.0,ae,NO_PROGRAMMES,FOREIGN_FEED_ID=AE_EXPECTED=IQ,,
mena-iq,Al.Eshraq.TV.ae,Al Eshraq TV,NO_EPG,57,0,0,0.0,0.0,0,0,0.0,0.0,0.0,ae,NO_PROGRAMMES,FOREIGN_FEED_ID=AE_EXPECTED=IQ,,
mena-iq,Al.Fallujah.TV.ae,Al Fallujah TV,NO_EPG,57,0,0,0.0,0.0,0,0,0.0,0.0,0.0,ae,NO_PROGRAMMES,FOREIGN_FEED_ID=AE_EXPECTED=IQ,,
mena-iq,Al.Forat.ae,Al Forat,NO_EPG,57,0,0,0.0,0.0,0,0,0.0,0.0,0.0,ae,NO_PROGRAMMES,FOREIGN_FEED_ID=AE_EXPECTED=IQ,,
mena-iq,Al.Iraqiya.HD.ae,Al Iraqiya HD,REVIEW,84,0,61,49.0,49.0,0,61,0.0,100.0,0.0,ae,,EMPTY_DESC=61(100%); FOREIGN_FEED_ID=AE_EXPECTED=IQ; DUPLICATE_TIMELINE_GROUP=2,People Talks,Melon City Show
mena-iq,Al.Iraqiya.Kurd.ae,Al Iraqiya Kurd,NO_EPG,57,0,0,0.0,0.0,0,0,0.0,0.0,0.0,ae,NO_PROGRAMMES,FOREIGN_FEED_ID=AE_EXPECTED=IQ,,
mena-iq,Al.Iraqiya.News.HD.ae,Al Iraqiya News HD,REVIEW,76,0,49,49.0,49.0,0,49,0.0,100.0,0.0,ae,,EMPTY_DESC=49(100%); LOW_TITLE_DIVERSITY=12%; FOREIGN_FEED_ID=AE_EXPECTED=IQ; DUPLICATE_TIMELINE_GROUP=2,Summary,A Red Highlight
mena-iq,Al.Iraqiya.Sport.HD.ae,Al Iraqiya Sport HD,NO_EPG,57,0,0,0.0,0.0,0,0,0.0,0.0,0.0,ae,NO_PROGRAMMES,FOREIGN_FEED_ID=AE_EXPECTED=IQ,,
mena-iq,Al.Iraqiya.Turkuman.ae,Al Iraqiya Turkuman,NO_EPG,57,0,0,0.0,0.0,0,0,0.0,0.0,0.0,ae,NO_PROGRAMMES,FOREIGN_FEED_ID=AE_EXPECTED=IQ,,
mena-iq,Al.Kafeel.ae,Al Kafeel,NO_EPG,57,0,0,0.0,0.0,0,0,0.0,0.0,0.0,ae,NO_PROGRAMMES,FOREIGN_FEED_ID=AE_EXPECTED=IQ,,
mena-iq,Al.Naeem.TV.ae,Al Naeem TV,NO_EPG,57,0,0,0.0,0.0,0,0,0.0,0.0,0.0,ae,NO_PROGRAMMES,FOREIGN_FEED_ID=AE_EXPECTED=IQ,,
mena-iq,Al.Najaf.Al.Ashraf.TV.ae,Al Najaf Al Ashraf TV,NO_EPG,57,0,0,0.0,0.0,0,0,0.0,0.0,0.0,ae,NO_PROGRAMMES,FOREIGN_FEED_ID=AE_EXPECTED=IQ,,
mena-iq,Al.Rasheed.TV.HD.ae,Al Rasheed TV HD,REVIEW,84,0,50,49.0,49.0,0,50,0.0,100.0,0.0,ae,,EMPTY_DESC=50(100%); FOREIGN_FEED_ID=AE_EXPECTED=IQ; DUPLICATE_TIMELINE_GROUP=2; DUPLICATE_TIMELINE_UNRELATED,Silk,Their Issues
mena-iq,Al.Salam.TV.ae,Al Salam TV,NO_EPG,57,0,0,0.0,0.0,0,0,0.0,0.0,0.0,ae,NO_PROGRAMMES,FOREIGN_FEED_ID=AE_EXPECTED=IQ,,
mena-iq,Al.sharqiya.News.HD.ae,Al sharqiya News HD,REVIEW,76,0,49,49.0,49.0,0,49,0.0,100.0,0.0,ae,,EMPTY_DESC=49(100%); LOW_TITLE_DIVERSITY=12%; FOREIGN_FEED_ID=AE_EXPECTED=IQ; DUPLICATE_TIMELINE_GROUP=2,Summary,A Red Highlight
mena-iq,Al.Sharqiya.TV.HD.ae,Al Sharqiya TV HD,REVIEW,84,0,61,49.0,49.0,0,61,0.0,100.0,0.0,ae,,EMPTY_DESC=61(100%); FOREIGN_FEED_ID=AE_EXPECTED=IQ; DUPLICATE_TIMELINE_GROUP=2,People Talks,Melon City Show
mena-iq,Al.Sumaria.TV.ae,Al Sumaria TV,REVIEW,84,0,64,49.5,49.5,0,64,0.0,100.0,0.0,ae,,EMPTY_DESC=64(100%); FOREIGN_FEED_ID=AE_EXPECTED=IQ,Welcome Simsim,Leader's Chair
mena-iq,Alahad.TV.HD.ae,Alahad TV HD,NO_EPG,57,0,0,0.0,0.0,0,0,0.0,0.0,0.0,ae,NO_PROGRAMMES,FOREIGN_FEED_ID=AE_EXPECTED=IQ,,
mena-iq,Alghadeer.TV.ae,Alghadeer TV,NO_EPG,57,0,0,0.0,0.0,0,0,0.0,0.0,0.0,ae,NO_PROGRAMMES,FOREIGN_FEED_ID=AE_EXPECTED=IQ,,
mena-iq,AlIraqia.iq@SD,العراقية,REVIEW,84,0,45,36.0,42.0,1,26,100.0,4.4,100.0,iq,,EMPTY_DESC=26(58%); GAPS_GT_2H=1/TOTAL=6.0h,ضوء أسود,برنامج وقفة مرورية
mena-iq,Alrasheed.eg,Alrasheed.eg,REVIEW,84,0,25,25.0,25.0,0,25,92.0,8.0,0.0,eg,,EMPTY_DESC=25(100%); FOREIGN_FEED_ID=EG_EXPECTED=IQ,برنامج مع مصطفي لطيف,برنامج يوم جديد
mena-iq,AlRasheedTV.iq@SD,الرشيد,REVIEW,84,0,37,36.0,42.0,1,33,100.0,10.8,100.0,iq,,EMPTY_DESC=33(89%); GAPS_GT_2H=1/TOTAL=6.0h,برنامج مع مصطفي لطيف,برنامج مع ياسر عامر
mena-iq,Alshaaer.TV.ae,Alshaaer TV,NO_EPG,57,0,0,0.0,0.0,0,0,0.0,0.0,0.0,ae,NO_PROGRAMMES,FOREIGN_FEED_ID=AE_EXPECTED=IQ,,
mena-iq,Alsumaria.eg,Alsumaria.eg,REVIEW,84,0,13,14.67,14.67,0,13,46.2,69.2,0.0,eg,,EMPTY_DESC=13(100%); FOREIGN_FEED_ID=EG_EXPECTED=IQ,Madi Ya Madi 1,Moodi Qeta'a Min Zahab
mena-iq,Alsumaria.iq@SD,السومرية,REVIEW,92,0,13,14.67,14.67,0,6,100.0,15.4,100.0,iq,,EMPTY_DESC=6(46%),ماضي يا ماضي ج 1,موضي قطعة من ذهب
mena-iq,Altaleaa.TV.ae,Altaleaa TV,NO_EPG,57,0,0,0.0,0.0,0,0,0.0,0.0,0.0,ae,NO_PROGRAMMES,FOREIGN_FEED_ID=AE_EXPECTED=IQ,,
mena-iq,Amozhgary.TV.ae,Amozhgary TV,NO_EPG,57,0,0,0.0,0.0,0,0,0.0,0.0,0.0,ae,NO_PROGRAMMES,FOREIGN_FEED_ID=AE_EXPECTED=IQ,,
mena-iq,Baghdad.TV.ae,Baghdad TV,NO_EPG,57,0,0,0.0,0.0,0,0,0.0,0.0,0.0,ae,NO_PROGRAMMES,FOREIGN_FEED_ID=AE_EXPECTED=IQ,,
mena-iq,Bangawaz.TV.ae,Bangawaz TV,NO_EPG,57,0,0,0.0,0.0,0,0,0.0,0.0,0.0,ae,NO_PROGRAMMES,FOREIGN_FEED_ID=AE_EXPECTED=IQ,,
mena-iq,Dijlah TV.eg,Dijlah TV.eg,REVIEW,84,0,24,25.0,25.0,0,24,91.7,8.3,0.0,eg,,EMPTY_DESC=24(100%); FOREIGN_FEED_ID=EG_EXPECTED=IQ,برنامج قضاياهم,برنامج صباح دجلة
mena-iq,Dijlah.Zaman.ae,Dijlah Zaman,REVIEW,84,0,25,50.0,50.0,0,25,0.0,100.0,0.0,ae,,EMPTY_DESC=25(100%); FOREIGN_FEED_ID=AE_EXPECTED=IQ; DUPLICATE_TIMELINE_GROUP=2; DUPLICATE_TIMELINE_UNRELATED,The Lovely Bus Conductors,My Daughters And I
mena-iq,DijlahTV.iq@SD,دجلة,REVIEW,92,0,43,45.0,45.0,0,38,100.0,0.0,100.0,iq,,EMPTY_DESC=38(88%),برنامج قضاياهم,برنامج صباح دجلة
mena-iq,Gali.Kurdistan.HD.ae,Gali Kurdistan HD,NO_EPG,57,0,0,0.0,0.0,0,0,0.0,0.0,0.0,ae,NO_PROGRAMMES,FOREIGN_FEED_ID=AE_EXPECTED=IQ,,
mena-iq,Imam.Hussein.TV.2.ae,Imam Hussein TV 2,NO_EPG,57,0,0,0.0,0.0,0,0,0.0,0.0,0.0,ae,NO_PROGRAMMES,FOREIGN_FEED_ID=AE_EXPECTED=IQ,,
mena-iq,Iraq.24.HD.ae,Iraq 24 HD,NO_EPG,57,0,0,0.0,0.0,0,0,0.0,0.0,0.0,ae,NO_PROGRAMMES,FOREIGN_FEED_ID=AE_EXPECTED=IQ,,
mena-iq,Iraq.Al.Hadath.ae,Iraq Al Hadath,REVIEW,84,0,50,49.0,49.0,0,50,0.0,100.0,0.0,ae,,EMPTY_DESC=50(100%); FOREIGN_FEED_ID=AE_EXPECTED=IQ; DUPLICATE_TIMELINE_GROUP=2; DUPLICATE_TIMELINE_UNRELATED,Silk,Their Issues
mena-iq,Iraq.Future.TV.ae,Iraq Future TV,NO_EPG,57,0,0,0.0,0.0,0,0,0.0,0.0,0.0,ae,NO_PROGRAMMES,FOREIGN_FEED_ID=AE_EXPECTED=IQ,,
mena-iq,Iraq.Now.ae,Iraq Now,NO_EPG,57,0,0,0.0,0.0,0,0,0.0,0.0,0.0,ae,NO_PROGRAMMES,FOREIGN_FEED_ID=AE_EXPECTED=IQ,,
mena-iq,Karbala.TV.HD.ae,Karbala TV HD,NO_EPG,57,0,0,0.0,0.0,0,0,0.0,0.0,0.0,ae,NO_PROGRAMMES,FOREIGN_FEED_ID=AE_EXPECTED=IQ,,
mena-iq,Kirkuk.TV.ae,Kirkuk TV,NO_EPG,57,0,0,0.0,0.0,0,0,0.0,0.0,0.0,ae,NO_PROGRAMMES,FOREIGN_FEED_ID=AE_EXPECTED=IQ,,
mena-iq,Kurdistan.TV.ae,Kurdistan TV,NO_EPG,57,0,0,0.0,0.0,0,0,0.0,0.0,0.0,ae,NO_PROGRAMMES,FOREIGN_FEED_ID=AE_EXPECTED=IQ,,
mena-iq,KurdMax.HD.ae,KurdMax HD,NO_EPG,57,0,0,0.0,0.0,0,0,0.0,0.0,0.0,ae,NO_PROGRAMMES,FOREIGN_FEED_ID=AE_EXPECTED=IQ,,
mena-iq,Kurdsat.ae,Kurdsat,NO_EPG,57,0,0,0.0,0.0,0,0,0.0,0.0,0.0,ae,NO_PROGRAMMES,FOREIGN_FEED_ID=AE_EXPECTED=IQ,,
mena-iq,Kurdsat.News.HD.ae,Kurdsat News HD,NO_EPG,57,0,0,0.0,0.0,0,0,0.0,0.0,0.0,ae,NO_PROGRAMMES,FOREIGN_FEED_ID=AE_EXPECTED=IQ,,
mena-iq,Manu.Chat.ae,Manu Chat,NO_EPG,57,0,0,0.0,0.0,0,0,0.0,0.0,0.0,ae,NO_PROGRAMMES,FOREIGN_FEED_ID=AE_EXPECTED=IQ,,
mena-iq,NRT.2.HD.ae,NRT 2 HD,NO_EPG,57,0,0,0.0,0.0,0,0,0.0,0.0,0.0,ae,NO_PROGRAMMES,FOREIGN_FEED_ID=AE_EXPECTED=IQ,,
mena-iq,NRT.HD.ae,NRT HD,NO_EPG,57,0,0,0.0,0.0,0,0,0.0,0.0,0.0,ae,NO_PROGRAMMES,FOREIGN_FEED_ID=AE_EXPECTED=IQ,,
mena-iq,Payam.TV.ae,Payam TV,NO_EPG,57,0,0,0.0,0.0,0,0,0.0,0.0,0.0,ae,NO_PROGRAMMES,FOREIGN_FEED_ID=AE_EXPECTED=IQ,,
mena-iq,Rûdaw.TV.HD.ae,Rûdaw TV HD,NO_EPG,57,0,0,0.0,0.0,0,0,0.0,0.0,0.0,ae,NO_PROGRAMMES,FOREIGN_FEED_ID=AE_EXPECTED=IQ,,
mena-iq,Sharqiya from Kalba.sa,Sharqiya from Kalba.sa,REVIEW,76,0,47,47.0,47.0,0,0,100.0,0.0,100.0,sa,,REPEATED_TITLE=100%; LOW_TITLE_DIVERSITY=2%; FOREIGN_FEED_ID=SA_EXPECTED=IQ,الشرقية من كلباء,الشرقية من كلباء
mena-iq,Speda.HD.ae,Speda HD,NO_EPG,57,0,0,0.0,0.0,0,0,0.0,0.0,0.0,ae,NO_PROGRAMMES,FOREIGN_FEED_ID=AE_EXPECTED=IQ,,
mena-iq,Türkmeneli.TV.HD.ae,Türkmeneli TV HD,NO_EPG,57,0,0,0.0,0.0,0,0,0.0,0.0,0.0,ae,NO_PROGRAMMES,FOREIGN_FEED_ID=AE_EXPECTED=IQ,,
mena-iq,UTV.iq@SD,يو تي في,REVIEW,92,0,16,14.5,14.5,0,9,100.0,0.0,100.0,iq,,EMPTY_DESC=9(56%),برنامج,برنامج
mena-iq,UTV.Iraq.ae,UTV Iraq,NO_EPG,57,0,0,0.0,0.0,0,0,0.0,0.0,0.0,ae,NO_PROGRAMMES,FOREIGN_FEED_ID=AE_EXPECTED=IQ,,
mena-iq,VOA.IRAQ.ae,VOA IRAQ,NO_EPG,57,0,0,0.0,0.0,0,0,0.0,0.0,0.0,ae,NO_PROGRAMMES,FOREIGN_FEED_ID=AE_EXPECTED=IQ,,
mena-iq,Waar.HD.ae,Waar HD,NO_EPG,57,0,0,0.0,0.0,0,0,0.0,0.0,0.0,ae,NO_PROGRAMMES,FOREIGN_FEED_ID=AE_EXPECTED=IQ,,
mena-iq,Zagros.ae,Zagros,NO_EPG,57,0,0,0.0,0.0,0,0,0.0,0.0,0.0,ae,NO_PROGRAMMES,FOREIGN_FEED_ID=AE_EXPECTED=IQ,,
mena-ps,Al.Quds.Today.TV.ae,Al Quds Today TV,NO_EPG,57,0,0,0.0,0.0,0,0,0.0,0.0,0.0,ae,NO_PROGRAMMES,FOREIGN_FEED_ID=AE_EXPECTED=PS,,
mena-ps,Athan.Tulkarem.ae,Athan Tulkarem,NO_EPG,57,0,0,0.0,0.0,0,0,0.0,0.0,0.0,ae,NO_PROGRAMMES,FOREIGN_FEED_ID=AE_EXPECTED=PS,,
mena-ps,Falastini.TV.ae,Falastini TV,NO_EPG,57,0,0,0.0,0.0,0,0,0.0,0.0,0.0,ae,NO_PROGRAMMES,FOREIGN_FEED_ID=AE_EXPECTED=PS,,
mena-ps,falestinona.TV.ae,falestinona TV,NO_EPG,57,0,0,0.0,0.0,0,0,0.0,0.0,0.0,ae,NO_PROGRAMMES,FOREIGN_FEED_ID=AE_EXPECTED=PS,,
mena-ps,Hebron.Sat.ae,Hebron Sat,NO_EPG,57,0,0,0.0,0.0,0,0,0.0,0.0,0.0,ae,NO_PROGRAMMES,FOREIGN_FEED_ID=AE_EXPECTED=PS,,
mena-ps,Musawa.HD.ae,Musawa HD,NO_EPG,57,0,0,0.0,0.0,0,0,0.0,0.0,0.0,ae,NO_PROGRAMMES,FOREIGN_FEED_ID=AE_EXPECTED=PS,,
mena-ps,Palestine.Edu.HD.ae,Palestine Edu HD,NO_EPG,57,0,0,0.0,0.0,0,0,0.0,0.0,0.0,ae,NO_PROGRAMMES,FOREIGN_FEED_ID=AE_EXPECTED=PS,,
mena-ps,Palestine.HD.ae,Palestine HD,NO_EPG,57,0,0,0.0,0.0,0,0,0.0,0.0,0.0,ae,NO_PROGRAMMES,FOREIGN_FEED_ID=AE_EXPECTED=PS,,
mena-ps,Palestine.Live.HD.ae,Palestine Live HD,NO_EPG,57,0,0,0.0,0.0,0,0,0.0,0.0,0.0,ae,NO_PROGRAMMES,FOREIGN_FEED_ID=AE_EXPECTED=PS,,
mena-ps,Palestine.News.ae,Palestine News,NO_EPG,57,0,0,0.0,0.0,0,0,0.0,0.0,0.0,ae,NO_PROGRAMMES,FOREIGN_FEED_ID=AE_EXPECTED=PS,,
mena-ps,Palestine.Quraan.ae,Palestine Quraan,NO_EPG,57,0,0,0.0,0.0,0,0,0.0,0.0,0.0,ae,NO_PROGRAMMES,FOREIGN_FEED_ID=AE_EXPECTED=PS,,
mena-ps,Palestine.Quran.2.ae,Palestine Quran 2,NO_EPG,57,0,0,0.0,0.0,0,0,0.0,0.0,0.0,ae,NO_PROGRAMMES,FOREIGN_FEED_ID=AE_EXPECTED=PS,,
mena-ps,Palestine.Sport.ae,Palestine Sport,REVIEW,68,0,34,42.5,43.0,0,34,0.0,100.0,0.0,ae,,EMPTY_DESC=34(100%); PLACEHOLDER=1; GENERIC_GUIDE=3%; FOREIGN_FEED_ID=AE_EXPECTED=PS; DUPLICATE_TIMELINE_GROUP=7,ON Time Stadium,Sport TV Magazine
mena-ps,Palestine.Today.ae,Palestine Today,NO_EPG,57,0,0,0.0,0.0,0,0,0.0,0.0,0.0,ae,NO_PROGRAMMES,FOREIGN_FEED_ID=AE_EXPECTED=PS,,
mena-ps,Voice.Of.Palestine.ae,Voice Of Palestine,NO_EPG,57,0,0,0.0,0.0,0,0,0.0,0.0,0.0,ae,NO_PROGRAMMES,FOREIGN_FEED_ID=AE_EXPECTED=PS,,
mena-ps,Wadi.Al-Neil.&.Palestine.ae,Wadi Al-Neil & Palestine,NO_EPG,57,0,0,0.0,0.0,0,0,0.0,0.0,0.0,ae,NO_PROGRAMMES,FOREIGN_FEED_ID=AE_EXPECTED=PS,,
mena-ye,Aden.TV.ae,Aden TV,NO_EPG,57,0,0,0.0,0.0,0,0,0.0,0.0,0.0,ae,NO_PROGRAMMES,FOREIGN_FEED_ID=AE_EXPECTED=YE,,
mena-ye,Al.Hawyah.ae,Al Hawyah,NO_EPG,57,0,0,0.0,0.0,0,0,0.0,0.0,0.0,ae,NO_PROGRAMMES,FOREIGN_FEED_ID=AE_EXPECTED=YE,,
mena-ye,Al.Sahat.TV.ae,Al Sahat TV,REVIEW,76,0,92,48.5,48.5,0,92,0.0,100.0,0.0,ae,,EMPTY_DESC=92(100%); LOW_TITLE_DIVERSITY=13%; FOREIGN_FEED_ID=AE_EXPECTED=YE; DUPLICATE_TIMELINE_GROUP=2; DUPLICATE_TIMELINE_UNRELATED,News,We Have A Stop
mena-ye,Allahdhah.TV.ae,Allahdhah TV,NO_EPG,57,0,0,0.0,0.0,0,0,0.0,0.0,0.0,ae,NO_PROGRAMMES,FOREIGN_FEED_ID=AE_EXPECTED=YE,,
mena-ye,Almasirah.TV.ae,Almasirah TV,NO_EPG,57,0,0,0.0,0.0,0,0,0.0,0.0,0.0,ae,NO_PROGRAMMES,FOREIGN_FEED_ID=AE_EXPECTED=YE,,
mena-ye,Almasirah.TV.Mubasher.ae,Almasirah TV Mubasher,NO_EPG,57,0,0,0.0,0.0,0,0,0.0,0.0,0.0,ae,NO_PROGRAMMES,FOREIGN_FEED_ID=AE_EXPECTED=YE,,
mena-ye,HadhramautTV.ye@SD,تلفزيون حضرموت,REVIEW,84,0,44,36.0,43.17,1,32,100.0,2.3,100.0,ye,,EMPTY_DESC=32(73%); GAPS_GT_2H=1/TOTAL=7.2h,برنامج ظلال رياضية,برنامج وثائقي
mena-ye,Reef.AlYemen.ae,Reef AlYemen,NO_EPG,57,0,0,0.0,0.0,0,0,0.0,0.0,0.0,ae,NO_PROGRAMMES,FOREIGN_FEED_ID=AE_EXPECTED=YE,,
mena-ye,Sheba.TV.ae,Sheba TV,NO_EPG,57,0,0,0.0,0.0,0,0,0.0,0.0,0.0,ae,NO_PROGRAMMES,FOREIGN_FEED_ID=AE_EXPECTED=YE,,
mena-ye,Suhail.TV.ae,Suhail TV,NO_EPG,57,0,0,0.0,0.0,0,0,0.0,0.0,0.0,ae,NO_PROGRAMMES,FOREIGN_FEED_ID=AE_EXPECTED=YE,,
mena-ye,Yemen.Documentary.ae,Yemen Documentary,NO_EPG,57,0,0,0.0,0.0,0,0,0.0,0.0,0.0,ae,NO_PROGRAMMES,FOREIGN_FEED_ID=AE_EXPECTED=YE,,
mena-ye,Yemen.Education.ae,Yemen Education,NO_EPG,57,0,0,0.0,0.0,0,0,0.0,0.0,0.0,ae,NO_PROGRAMMES,FOREIGN_FEED_ID=AE_EXPECTED=YE,,
mena-ye,Yemen.Shabab.ae,Yemen Shabab,NO_EPG,57,0,0,0.0,0.0,0,0,0.0,0.0,0.0,ae,NO_PROGRAMMES,FOREIGN_FEED_ID=AE_EXPECTED=YE,,
mena-ye,Yemen.Today.TV.ae,Yemen Today TV,NO_EPG,57,0,0,0.0,0.0,0,0,0.0,0.0,0.0,ae,NO_PROGRAMMES,FOREIGN_FEED_ID=AE_EXPECTED=YE,,
mena-ye,Yemen.TV.ae,Yemen TV,NO_EPG,57,0,0,0.0,0.0,0,0,0.0,0.0,0.0,ae,NO_PROGRAMMES,FOREIGN_FEED_ID=AE_EXPECTED=YE,,
mena-dz,Al.Djazair.N°1.ae,Al Djazair N°1,NO_EPG,57,0,0,0.0,0.0,0,0,0.0,0.0,0.0,ae,NO_PROGRAMMES,FOREIGN_FEED_ID=AE_EXPECTED=DZ,,
mena-dz,Algérie.3.HD.ae,Algérie 3 HD,NO_EPG,57,0,0,0.0,0.0,0,0,0.0,0.0,0.0,ae,NO_PROGRAMMES,FOREIGN_FEED_ID=AE_EXPECTED=DZ,,
mena-dz,Algérie.4.ae,Algérie 4,NO_EPG,57,0,0,0.0,0.0,0,0,0.0,0.0,0.0,ae,NO_PROGRAMMES,FOREIGN_FEED_ID=AE_EXPECTED=DZ,,
mena-dz,Algérie.5.ae,Algérie 5,NO_EPG,57,0,0,0.0,0.0,0,0,0.0,0.0,0.0,ae,NO_PROGRAMMES,FOREIGN_FEED_ID=AE_EXPECTED=DZ,,
mena-dz,Algérie.6.HD.ae,Algérie 6 HD,NO_EPG,57,0,0,0.0,0.0,0,0,0.0,0.0,0.0,ae,NO_PROGRAMMES,FOREIGN_FEED_ID=AE_EXPECTED=DZ,,
mena-dz,Algérie.7.ae,Algérie 7,NO_EPG,57,0,0,0.0,0.0,0,0,0.0,0.0,0.0,ae,NO_PROGRAMMES,FOREIGN_FEED_ID=AE_EXPECTED=DZ,,
mena-dz,Algérie.8.HD.ae,Algérie 8 HD,NO_EPG,57,0,0,0.0,0.0,0,0,0.0,0.0,0.0,ae,NO_PROGRAMMES,FOREIGN_FEED_ID=AE_EXPECTED=DZ,,
mena-dz,Bahia.TV.ae,Bahia TV,NO_EPG,57,0,0,0.0,0.0,0,0,0.0,0.0,0.0,ae,NO_PROGRAMMES,FOREIGN_FEED_ID=AE_EXPECTED=DZ,,
mena-dz,Canal.Algerie.ae,Canal Algerie,NO_EPG,57,0,0,0.0,0.0,0,0,0.0,0.0,0.0,ae,NO_PROGRAMMES,FOREIGN_FEED_ID=AE_EXPECTED=DZ,,
mena-dz,Echorouk TV.eg,Echorouk TV.eg,REVIEW,84,0,26,24.5,24.5,0,26,61.5,38.5,0.0,eg,,EMPTY_DESC=26(100%); FOREIGN_FEED_ID=EG_EXPECTED=DZ,برنامج,رسوم متحركة
mena-dz,Echorouk.News.ae,Echorouk News,NO_EPG,57,0,0,0.0,0.0,0,0,0.0,0.0,0.0,ae,NO_PROGRAMMES,FOREIGN_FEED_ID=AE_EXPECTED=DZ,,
mena-dz,EchoroukTV.dz@SD,الشروق الجزائرية,REVIEW,84,0,39,38.5,44.0,1,18,100.0,30.8,100.0,dz,,EMPTY_DESC=18(46%); GAPS_GT_2H=1/TOTAL=5.5h,برنامج صباح الشروق,رباعة ج2
mena-dz,El.Hayat.TV.ae,El Hayat TV,NO_EPG,57,0,0,0.0,0.0,0,0,0.0,0.0,0.0,ae,NO_PROGRAMMES,FOREIGN_FEED_ID=AE_EXPECTED=DZ,,
mena-dz,Ennahar.TV.ae,Ennahar TV,NO_EPG,57,0,0,0.0,0.0,0,0,0.0,0.0,0.0,ae,NO_PROGRAMMES,FOREIGN_FEED_ID=AE_EXPECTED=DZ,,
mena-dz,Zahra.TV.ae,Zahra TV,NO_EPG,57,0,0,0.0,0.0,0,0,0.0,0.0,0.0,ae,NO_PROGRAMMES,FOREIGN_FEED_ID=AE_EXPECTED=DZ,,
mena-tn,Nessma.eg,Nessma.eg,REVIEW,84,0,30,25.25,25.25,0,30,70.0,30.0,0.0,eg,,EMPTY_DESC=30(100%); FOREIGN_FEED_ID=EG_EXPECTED=TN,برنامج,برنامج تيمو
mena-tn,NessmaElJadida.tn@SD,نسمة,REVIEW,92,0,16,14.5,14.5,0,10,100.0,25.0,100.0,tn,,EMPTY_DESC=10(62%),برنامج البازار,Meryem
mena-tn,Tunisia.Nat.1.ae,Tunisia Nat 1,NO_EPG,57,0,0,0.0,0.0,0,0,0.0,0.0,0.0,ae,NO_PROGRAMMES,FOREIGN_FEED_ID=AE_EXPECTED=TN,,
mena-tn,Tunisia.Nat.2.ae,Tunisia Nat 2,NO_EPG,57,0,0,0.0,0.0,0,0,0.0,0.0,0.0,ae,NO_PROGRAMMES,FOREIGN_FEED_ID=AE_EXPECTED=TN,,
mena-tn,Zaytoona.ae,Zaytoona,NO_EPG,57,0,0,0.0,0.0,0,0,0.0,0.0,0.0,ae,NO_PROGRAMMES,FOREIGN_FEED_ID=AE_EXPECTED=TN,,
mena-ly,Al.Jamahiriya.TV.ae,Al Jamahiriya TV,NO_EPG,57,0,0,0.0,0.0,0,0,0.0,0.0,0.0,ae,NO_PROGRAMMES,FOREIGN_FEED_ID=AE_EXPECTED=LY,,
mena-ly,Libya.Al.Ahrar.HD.ae,Libya Al Ahrar HD,NO_EPG,57,0,0,0.0,0.0,0,0,0.0,0.0,0.0,ae,NO_PROGRAMMES,FOREIGN_FEED_ID=AE_EXPECTED=LY,,
mena-ly,Libya.Al.Hedaya.ae,Libya Al Hedaya,NO_EPG,57,0,0,0.0,0.0,0,0,0.0,0.0,0.0,ae,NO_PROGRAMMES,FOREIGN_FEED_ID=AE_EXPECTED=LY,,
mena-ly,Libya.Alhadath.HD.ae,Libya Alhadath HD,NO_EPG,57,0,0,0.0,0.0,0,0,0.0,0.0,0.0,ae,NO_PROGRAMMES,FOREIGN_FEED_ID=AE_EXPECTED=LY,,
mena-ly,Libya.Alrasmia.Channel.ae,Libya Alrasmia Channel,NO_EPG,57,0,0,0.0,0.0,0,0,0.0,0.0,0.0,ae,NO_PROGRAMMES,FOREIGN_FEED_ID=AE_EXPECTED=LY,,
mena-ly,Libya.Future.TV.HD.ae,Libya Future TV HD,NO_EPG,57,0,0,0.0,0.0,0,0,0.0,0.0,0.0,ae,NO_PROGRAMMES,FOREIGN_FEED_ID=AE_EXPECTED=LY,,
mena-ly,Libya.Ifta.TV.ae,Libya Ifta TV,NO_EPG,57,0,0,0.0,0.0,0,0,0.0,0.0,0.0,ae,NO_PROGRAMMES,FOREIGN_FEED_ID=AE_EXPECTED=LY,,
mena-ly,Libya.Sport.2.HD.ae,Libya Sport 2 HD,NO_EPG,57,0,0,0.0,0.0,0,0,0.0,0.0,0.0,ae,NO_PROGRAMMES,FOREIGN_FEED_ID=AE_EXPECTED=LY,,
mena-ly,Libya.Sport.ae,Libya Sport,NO_EPG,57,0,0,0.0,0.0,0,0,0.0,0.0,0.0,ae,NO_PROGRAMMES,FOREIGN_FEED_ID=AE_EXPECTED=LY,,
mena-sd,Khartoum.TV.ae,Khartoum TV,NO_EPG,57,0,0,0.0,0.0,0,0,0.0,0.0,0.0,ae,NO_PROGRAMMES,FOREIGN_FEED_ID=AE_EXPECTED=SD,,
mena-sd,Shamalia.TV.ae,Shamalia TV,NO_EPG,57,0,0,0.0,0.0,0,0,0.0,0.0,0.0,ae,NO_PROGRAMMES,FOREIGN_FEED_ID=AE_EXPECTED=SD,,
mena-sd,Sudan.TV.ae,Sudan TV,REVIEW,76,0,47,49.5,49.5,0,47,0.0,100.0,0.0,ae,,EMPTY_DESC=47(100%); LOW_TITLE_DIVERSITY=17%; FOREIGN_FEED_ID=AE_EXPECTED=SD; DUPLICATE_TIMELINE_GROUP=2; DUPLICATE_TIMELINE_UNRELATED,Still Have A Dream,Fly Us My Heart
mena-sd,Tayba.TV.ae,Tayba TV,NO_EPG,57,0,0,0.0,0.0,0,0,0.0,0.0,0.0,ae,NO_PROGRAMMES,FOREIGN_FEED_ID=AE_EXPECTED=SD,,
mena-sy,AlSouriyaTV.sy@HD,السورية,NO_EPG,65,0,0,0.0,0.0,0,0,0.0,0.0,0.0,sy,NO_PROGRAMMES,,,
mena-sy,Althania.sy@SD,الثانية,REVIEW,84,0,33,36.0,42.0,1,6,100.0,6.1,100.0,sy,,EMPTY_DESC=6(18%); GAPS_GT_2H=1/TOTAL=6.0h,خمسة ونص,Baba
mena-sy,Halab.Today.TV.ae,Halab Today TV,NO_EPG,57,0,0,0.0,0.0,0,0,0.0,0.0,0.0,ae,NO_PROGRAMMES,FOREIGN_FEED_ID=AE_EXPECTED=SY,,
mena-sy,Syria.One.TV.ae,Syria One TV,NO_EPG,57,0,0,0.0,0.0,0,0,0.0,0.0,0.0,ae,NO_PROGRAMMES,FOREIGN_FEED_ID=AE_EXPECTED=SY,,
mena-sy,Syria.TV.HD.ae,Syria TV HD,NO_EPG,57,0,0,0.0,0.0,0,0,0.0,0.0,0.0,ae,NO_PROGRAMMES,FOREIGN_FEED_ID=AE_EXPECTED=SY,,
mena-mr,Albarlemania.al.Mauritania.TV.ae,Albarlemania al Mauritania TV,NO_EPG,57,0,0,0.0,0.0,0,0,0.0,0.0,0.0,ae,NO_PROGRAMMES,FOREIGN_FEED_ID=AE_EXPECTED=MR,,
mena-other,4k DIGITAL.qa,4k DIGITAL.qa,REVIEW,92,0,11,22.38,24.0,0,11,0.0,100.0,0.0,qa,,EMPTY_DESC=11(100%),Arsenal v Chelsea - English Premier League 2026/2027,Ipswich Town v Liverpool - English Premier League 2026/2027
mena-other,Adala.TV.HD.ae,Adala TV HD,NO_EPG,65,0,0,0.0,0.0,0,0,0.0,0.0,0.0,ae,NO_PROGRAMMES,,,
mena-other,ADM.R3.ae,ADM R3,NO_EPG,65,0,0,0.0,0.0,0,0,0.0,0.0,0.0,ae,NO_PROGRAMMES,,,
mena-other,ADM.R4.ae,ADM R4,NO_EPG,65,0,0,0.0,0.0,0,0,0.0,0.0,0.0,ae,NO_PROGRAMMES,,,
mena-other,AFC 4.qa,AFC 4.qa,NO_EPG,65,0,0,0.0,0.0,0,0,0.0,0.0,0.0,qa,NO_PROGRAMMES,,,
mena-other,AFC 5.qa,AFC 5.qa,NO_EPG,65,0,0,0.0,0.0,0,0,0.0,0.0,0.0,qa,NO_PROGRAMMES,,,
mena-other,Ahadu.TV.ae,Ahadu TV,NO_EPG,65,0,0,0.0,0.0,0,0,0.0,0.0,0.0,ae,NO_PROGRAMMES,,,
mena-other,Al Araby TV.sa,Al Araby TV.sa,REVIEW,92,0,32,26.0,26.0,0,32,100.0,0.0,0.0,sa,,EMPTY_DESC=32(100%),هذا النهار,الأخبار
mena-other,Al Dafrah.sa,Al Dafrah.sa,PASS,100,1,51,47.0,47.0,0,0,100.0,0.0,100.0,sa,,,إكس لانس,نشميات من البادية
mena-other,Al Ekhbariya.sa,Al Ekhbariya.sa,REVIEW,84,0,47,47.0,47.0,0,0,100.0,0.0,100.0,sa,,REPEATED_TITLE=100%; LOW_TITLE_DIVERSITY=2%,الأخبار,الأخبار
mena-other,Al Hadath.sa,Al Hadath.sa,REVIEW,84,0,67,46.5,46.5,0,0,100.0,0.0,100.0,sa,,REPEATED_TITLE=94%; LOW_TITLE_DIVERSITY=4%,أخبار الحدث,أخبار الحدث
mena-other,AL-Bernameg.AL-moussekey.ae,AL-Bernameg AL-moussekey,NO_EPG,65,0,0,0.0,0.0,0,0,0.0,0.0,0.0,ae,NO_PROGRAMMES,,,
mena-other,Al.24.News.ae,Al 24 News,NO_EPG,65,0,0,0.0,0.0,0,0,0.0,0.0,0.0,ae,NO_PROGRAMMES,,,
mena-other,Al.Aghani.ae,Al Aghani,NO_EPG,65,0,0,0.0,0.0,0,0,0.0,0.0,0.0,ae,NO_PROGRAMMES,,,
mena-other,Al.Ahvaz.TV.ae,Al Ahvaz TV,NO_EPG,65,0,0,0.0,0.0,0,0,0.0,0.0,0.0,ae,NO_PROGRAMMES,,,
mena-other,Al.Amal.ae,Al Amal,NO_EPG,65,0,0,0.0,0.0,0,0,0.0,0.0,0.0,ae,NO_PROGRAMMES,,,
mena-other,Al.Anwar.TV.2.ae,Al Anwar TV 2,NO_EPG,65,0,0,0.0,0.0,0,0,0.0,0.0,0.0,ae,NO_PROGRAMMES,,,
mena-other,Al.Aqila.TV.ae,Al Aqila TV,NO_EPG,65,0,0,0.0,0.0,0,0,0.0,0.0,0.0,ae,NO_PROGRAMMES,,,
mena-other,Al.Araby.2.HD.ae,Al Araby 2 HD,NO_EPG,65,0,0,0.0,0.0,0,0,0.0,0.0,0.0,ae,NO_PROGRAMMES,,,
mena-other,Al.Araby.HD.ae,Al Araby HD,REVIEW,84,0,62,49.0,49.0,0,62,0.0,100.0,0.0,ae,,EMPTY_DESC=62(100%); LOW_TITLE_DIVERSITY=14%; DUPLICATE_TIMELINE_GROUP=3,News,Morning Show
mena-other,Al.Baghdadia.Now.ae,Al Baghdadia Now,NO_EPG,65,0,0,0.0,0.0,0,0,0.0,0.0,0.0,ae,NO_PROGRAMMES,,,
mena-other,Al.Bernameg.Al.Aam.ae,Al Bernameg Al Aam,NO_EPG,65,0,0,0.0,0.0,0,0,0.0,0.0,0.0,ae,NO_PROGRAMMES,,,
mena-other,Al.Bernameg.Al.Oropi.ae,Al Bernameg Al Oropi,NO_EPG,65,0,0,0.0,0.0,0,0,0.0,0.0,0.0,ae,NO_PROGRAMMES,,,
mena-other,Al.Dawaar.ae,Al Dawaar,NO_EPG,65,0,0,0.0,0.0,0,0,0.0,0.0,0.0,ae,NO_PROGRAMMES,,,
mena-other,Al.Dawla.TV.ae,Al Dawla TV,NO_EPG,65,0,0,0.0,0.0,0,0,0.0,0.0,0.0,ae,NO_PROGRAMMES,,,
mena-other,Al.Delta.6.ae,Al Delta 6,NO_EPG,65,0,0,0.0,0.0,0,0,0.0,0.0,0.0,ae,NO_PROGRAMMES,,,
mena-other,Al.Ghad.ae,Al Ghad,NO_EPG,65,0,0,0.0,0.0,0,0,0.0,0.0,0.0,ae,NO_PROGRAMMES,,,
mena-other,Al.Haqeqa.Al.Dawliah.(Fact.Int'l).ae,Al Haqeqa Al Dawliah (Fact Int'l),NO_EPG,65,0,0,0.0,0.0,0,0,0.0,0.0,0.0,ae,NO_PROGRAMMES,,,
mena-other,Al.Hayah.2.ae,Al Hayah 2,REVIEW,84,0,51,48.97,48.97,0,51,0.0,100.0,0.0,ae,,EMPTY_DESC=51(100%); LOW_TITLE_DIVERSITY=20%; DUPLICATE_TIMELINE_GROUP=2; DUPLICATE_TIMELINE_UNRELATED,Jealousy,Jealousy
mena-other,Al.Hayah.HD.ae,Al Hayah HD,REVIEW,92,0,47,48.5,48.5,0,47,0.0,100.0,0.0,ae,,EMPTY_DESC=47(100%); DUPLICATE_TIMELINE_GROUP=4,The Good In People,Al Imam Al Tayyeb
mena-other,Al.Hayah.Mosalsalat.ae,Al Hayah Mosalsalat,REVIEW,92,0,25,50.0,50.0,0,25,0.0,100.0,0.0,ae,,EMPTY_DESC=25(100%); DUPLICATE_TIMELINE_GROUP=2; DUPLICATE_TIMELINE_UNRELATED,The Lovely Bus Conductors,My Daughters And I
mena-other,Al.Hiwar.TV.HD.ae,Al Hiwar TV HD,NO_EPG,65,0,0,0.0,0.0,0,0,0.0,0.0,0.0,ae,NO_PROGRAMMES,,,
mena-other,Al.Horreya.TV.ae,Al Horreya TV,NO_EPG,65,0,0,0.0,0.0,0,0,0.0,0.0,0.0,ae,NO_PROGRAMMES,,,
mena-other,Al.Janoub.ae,Al Janoub,NO_EPG,65,0,0,0.0,0.0,0,0,0.0,0.0,0.0,ae,NO_PROGRAMMES,,,
mena-other,Al.Kalema.ae,Al Kalema,NO_EPG,65,0,0,0.0,0.0,0,0,0.0,0.0,0.0,ae,NO_PROGRAMMES,,,
mena-other,Al.Kanal.4.ae,Al Kanal 4,NO_EPG,65,0,0,0.0,0.0,0,0,0.0,0.0,0.0,ae,NO_PROGRAMMES,,,
mena-other,Al.Karma.NewGen.ae,Al Karma NewGen,NO_EPG,65,0,0,0.0,0.0,0,0,0.0,0.0,0.0,ae,NO_PROGRAMMES,,,
mena-other,Al.Kawthar.TV.ae,Al Kawthar TV,NO_EPG,65,0,0,0.0,0.0,0,0,0.0,0.0,0.0,ae,NO_PROGRAMMES,,,
mena-other,Al.Kawther.ae,Al Kawther,NO_EPG,65,0,0,0.0,0.0,0,0,0.0,0.0,0.0,ae,NO_PROGRAMMES,,,
mena-other,Al.Madeeh.ae,Al Madeeh,NO_EPG,65,0,0,0.0,0.0,0,0,0.0,0.0,0.0,ae,NO_PROGRAMMES,,,
mena-other,Al.Mahdi.TV.ae,Al Mahdi TV,NO_EPG,65,0,0,0.0,0.0,0,0,0.0,0.0,0.0,ae,NO_PROGRAMMES,,,
mena-other,Al.Masar.TV.HD.ae,Al Masar TV HD,NO_EPG,65,0,0,0.0,0.0,0,0,0.0,0.0,0.0,ae,NO_PROGRAMMES,,,
mena-other,Al.Mawqef.ae,Al Mawqef,NO_EPG,65,0,0,0.0,0.0,0,0,0.0,0.0,0.0,ae,NO_PROGRAMMES,,,
mena-other,Al.Menia.ae,Al Menia,NO_EPG,65,0,0,0.0,0.0,0,0,0.0,0.0,0.0,ae,NO_PROGRAMMES,,,
mena-other,Al.Nas.ae,Al Nas,NO_EPG,65,0,0,0.0,0.0,0,0,0.0,0.0,0.0,ae,NO_PROGRAMMES,,,
mena-other,Al.Qanat.9.ae,Al Qanat 9,NO_EPG,65,0,0,0.0,0.0,0,0,0.0,0.0,0.0,ae,NO_PROGRAMMES,,,
mena-other,Al.Quran.Al.Karem.ae,Al Quran Al Karem,NO_EPG,65,0,0,0.0,0.0,0,0,0.0,0.0,0.0,ae,NO_PROGRAMMES,,,
mena-other,Al.Rabiaa.HD.ae,Al Rabiaa HD,NO_EPG,65,0,0,0.0,0.0,0,0,0.0,0.0,0.0,ae,NO_PROGRAMMES,,,
mena-other,Al.Resala.ae,Al Resala,NO_EPG,65,0,0,0.0,0.0,0,0,0.0,0.0,0.0,ae,NO_PROGRAMMES,,,
mena-other,Al.Saeed.7.ae,Al Saeed 7,NO_EPG,65,0,0,0.0,0.0,0,0,0.0,0.0,0.0,ae,NO_PROGRAMMES,,,
mena-other,Al.Shabab.W.Al.Reyadah.ae,Al Shabab W Al Reyadah,NO_EPG,65,0,0,0.0,0.0,0,0,0.0,0.0,0.0,ae,NO_PROGRAMMES,,,
mena-other,AL.Sharg.Al.Awsat.ae,AL Sharg Al Awsat,NO_EPG,65,0,0,0.0,0.0,0,0,0.0,0.0,0.0,ae,NO_PROGRAMMES,,,
mena-other,Al.Sharq.TV.ae,Al Sharq TV,NO_EPG,65,0,0,0.0,0.0,0,0,0.0,0.0,0.0,ae,NO_PROGRAMMES,,,
mena-other,Al.Shasha.Alwan.ae,Al Shasha Alwan,NO_EPG,65,0,0,0.0,0.0,0,0,0.0,0.0,0.0,ae,NO_PROGRAMMES,,,
mena-other,Al.Shasha.Cinema.ae,Al Shasha Cinema,NO_EPG,65,0,0,0.0,0.0,0,0,0.0,0.0,0.0,ae,NO_PROGRAMMES,,,
mena-other,Al.Shasha.Drama.ae,Al Shasha Drama,NO_EPG,65,0,0,0.0,0.0,0,0,0.0,0.0,0.0,ae,NO_PROGRAMMES,,,
mena-other,Al.Shasha.Film.ae,Al Shasha Film,NO_EPG,65,0,0,0.0,0.0,0,0,0.0,0.0,0.0,ae,NO_PROGRAMMES,,,
mena-other,Al.Shasha.Hekayat.ae,Al Shasha Hekayat,NO_EPG,65,0,0,0.0,0.0,0,0,0.0,0.0,0.0,ae,NO_PROGRAMMES,,,
mena-other,Al.Shasha.Musalsalat.ae,Al Shasha Musalsalat,NO_EPG,65,0,0,0.0,0.0,0,0,0.0,0.0,0.0,ae,NO_PROGRAMMES,,,
mena-other,Al.Tanasuh.TV.ae,Al Tanasuh TV,NO_EPG,65,0,0,0.0,0.0,0,0,0.0,0.0,0.0,ae,NO_PROGRAMMES,,,
mena-other,Al.Thanya.ae,Al Thanya,REVIEW,92,0,47,48.5,48.5,0,47,0.0,100.0,0.0,ae,,EMPTY_DESC=47(100%); DUPLICATE_TIMELINE_GROUP=4,The Good In People,Al Imam Al Tayyeb
mena-other,Al.Waqie.ae,Al Waqie,NO_EPG,65,0,0,0.0,0.0,0,0,0.0,0.0,0.0,ae,NO_PROGRAMMES,,,
mena-other,Al.Wousta.TV.HD.ae,Al Wousta TV HD,NO_EPG,65,0,0,0.0,0.0,0,0,0.0,0.0,0.0,ae,NO_PROGRAMMES,,,
mena-other,Alaraby TV 2.eg,Alaraby TV 2.eg,REVIEW,92,0,30,25.0,25.0,0,30,86.7,20.0,0.0,eg,,EMPTY_DESC=30(100%),برنامج افضل فنون العمارة,برنامج عالم البهارات
mena-other,Alawla.ae,Alawla,NO_EPG,65,0,0,0.0,0.0,0,0,0.0,0.0,0.0,ae,NO_PROGRAMMES,,,
mena-other,Alerth.Alnabawi.ae,Alerth Alnabawi,NO_EPG,65,0,0,0.0,0.0,0,0,0.0,0.0,0.0,ae,NO_PROGRAMMES,,,
mena-other,Alkarma.Praise.ae,Alkarma Praise,NO_EPG,65,0,0,0.0,0.0,0,0,0.0,0.0,0.0,ae,NO_PROGRAMMES,,,
mena-other,Alkarma.TV.Middle.East.1.ae,Alkarma TV Middle East 1,NO_EPG,65,0,0,0.0,0.0,0,0,0.0,0.0,0.0,ae,NO_PROGRAMMES,,,
mena-other,Alking.Drama.TV.ae,Alking Drama TV,NO_EPG,65,0,0,0.0,0.0,0,0,0.0,0.0,0.0,ae,NO_PROGRAMMES,,,
mena-other,Almagd.TV.ae,Almagd TV,NO_EPG,65,0,0,0.0,0.0,0,0,0.0,0.0,0.0,ae,NO_PROGRAMMES,,,
mena-other,Almustakillah.TV.ae,Almustakillah TV,NO_EPG,65,0,0,0.0,0.0,0,0,0.0,0.0,0.0,ae,NO_PROGRAMMES,,,
mena-other,Aloula.eg,Aloula.eg,REVIEW,92,0,23,27.0,27.0,0,23,56.5,43.5,0.0,eg,,EMPTY_DESC=23(100%); DUPLICATE_TIMELINE_GROUP=2; DUPLICATE_TIMELINE_UNRELATED,Sabah El Khair Ya Masr,Nelly W Sherihan
mena-other,Als3yda.Madeeh.ae,Als3yda Madeeh,NO_EPG,65,0,0,0.0,0.0,0,0,0.0,0.0,0.0,ae,NO_PROGRAMMES,,,
mena-other,AlSharqiya.eg,AlSharqiya.eg,REVIEW,92,0,21,14.0,14.0,0,21,47.6,52.4,0.0,eg,,EMPTY_DESC=21(100%),Wilayat Batikh 9,Al Chanah
mena-other,AlSukariya.Drama.ae,AlSukariya Drama,NO_EPG,65,0,0,0.0,0.0,0,0,0.0,0.0,0.0,ae,NO_PROGRAMMES,,,
mena-other,Althania.eg,Althania.eg,REVIEW,92,0,23,25.0,25.0,0,23,34.8,65.2,0.0,eg,,EMPTY_DESC=23(100%),Khamsa W Nos,برنامج صباح سوريا
mena-other,ALWadi.ALGaded.ae,ALWadi ALGaded,NO_EPG,65,0,0,0.0,0.0,0,0,0.0,0.0,0.0,ae,NO_PROGRAMMES,,,
mena-other,Alzrga.ae,Alzrga,NO_EPG,65,0,0,0.0,0.0,0,0,0.0,0.0,0.0,ae,NO_PROGRAMMES,,,
mena-other,Amman TV.sa,Amman TV.sa,REVIEW,84,0,47,47.0,47.0,0,0,100.0,0.0,100.0,sa,,REPEATED_TITLE=100%; LOW_TITLE_DIVERSITY=2%,تلفزيون عمّان,تلفزيون عمّان
mena-other,Amman.eg,Amman.eg,REVIEW,92,0,23,26.0,26.0,0,23,82.6,17.4,0.0,eg,,EMPTY_DESC=23(100%),برنامج بصراحة,فواصل ترويجية وفترة غنائية
mena-other,ANC.sa,ANC.sa,REVIEW,92,0,31,17.98,17.98,0,31,0.0,93.5,0.0,sa,,EMPTY_DESC=31(100%),Casa Daza,BANKER AFTER DARK
mena-other,Anewz.ae,Anewz,REVIEW,84,0,92,48.5,48.5,0,92,0.0,100.0,0.0,ae,,EMPTY_DESC=92(100%); LOW_TITLE_DIVERSITY=13%; DUPLICATE_TIMELINE_GROUP=2; DUPLICATE_TIMELINE_UNRELATED,News,We Have A Stop
mena-other,Animal Planet HD.sa,Animal Planet HD.sa,PASS,100,1,54,47.17,47.17,0,0,100.0,0.0,100.0,sa,,,هومستاد ريسكيو:ترابلد ووتر,دكتور جيف: روكي ماونتن فيت:ميراكل أون ذا فريواي
mena-other,AnimalPlanetEurope.uk@SD,Animal Planet HD,PASS,100,1,48,42.58,42.58,0,0,100.0,0.0,100.0,,,,هومستاد ريسكيو:ترابلد ووتر,دكتور جيف: روكي ماونتن فيت:ميراكل أون ذا فريواي
mena-other,ar:.آسيا.نت.ae,ar: آسيا نت,PASS,100,1,41,48.5,48.5,0,0,100.0,12.2,100.0,ae,,,تشيريكوم تاليكا,أنجاني أورو أفادهيكالاتهو
mena-other,ar:.آسيا.نت.بلس.ae,ar: آسيا نت بلس,REVIEW,84,0,41,51.0,51.0,0,0,100.0,0.0,100.0,ae,,REPEATED_TITLE=100%; LOW_TITLE_DIVERSITY=2%,فيلم,فيلم
mena-other,ar:.آسيا.نت.موفيز.ae,ar: آسيا نت موفيز,PASS,100,1,18,51.0,51.0,0,0,100.0,5.6,100.0,ae,,,كومبالانغي نايتس,ماليكابورام
mena-other,ar:.أبوظبي.الرياضية.إكسترا.ae,ar: أبوظبي الرياضية إكسترا,REVIEW,84,0,49,49.0,49.0,0,0,100.0,0.0,100.0,ae,,REPEATED_TITLE=100%; LOW_TITLE_DIVERSITY=2%,أبوظبي الرياضية آسيا 2,أبوظبي الرياضية آسيا 2
mena-other,ar:.أبوظبي.الرياضية.بريميوم.2.-.الدوري.الإيطالي.ae,ar: أبوظبي الرياضية بريميوم 2 - الدوري الإيطالي,REVIEW,84,0,49,49.0,49.0,0,0,100.0,100.0,100.0,ae,,REPEATED_TITLE=100%; LOW_TITLE_DIVERSITY=2%,StarzPLAY Sports 2,StarzPLAY Sports 2
mena-other,ar:.العربية.بيزنس.-.مباشر.ae,ar: العربية بيزنس - مباشر,REVIEW,92,0,48,49.0,49.0,0,0,100.0,52.1,100.0,ae,,LOW_TITLE_DIVERSITY=15%,فتح السوق,نبض السوق
mena-other,ar:.بلوم.ae,ar: بلوم,REVIEW,92,0,288,48.1,48.1,0,0,100.0,12.8,100.0,ae,,LOW_TITLE_DIVERSITY=18%,بيبا بغ,Kidibli
mena-other,ar:.زي.تي.في.ae,ar: زي تي في,REVIEW,92,0,89,48.5,48.5,0,0,100.0,0.0,100.0,ae,,LOW_TITLE_DIVERSITY=12%,هابو كي أولتان بالتان,بهابيجي غهار بار هين!
mena-other,ar:.ست.ماكس.ae,ar: ست ماكس,PASS,100,1,27,50.38,50.38,0,0,100.0,7.4,100.0,ae,,,أفواه,بياري موهن
mena-other,ar:.ستار.بلس.ae,ar: ستار بلس,REVIEW,92,0,91,48.5,48.5,0,0,100.0,0.0,100.0,ae,,LOW_TITLE_DIVERSITY=12%,كيونكي ساس بهي كابهي باهو ثي,كيونكي رشتون كي بهي روب بادلتي هين
mena-other,ar:.ستارز.بلاي.سبورتس.1.ae,ar: ستارز بلاي سبورتس 1,REVIEW,84,0,49,49.0,49.0,0,0,100.0,100.0,100.0,ae,,REPEATED_TITLE=100%; LOW_TITLE_DIVERSITY=2%,StarzPLAY Sports 1,StarzPLAY Sports 1
mena-other,ar:.ستارزبلاي.رغبي.ae,ar: ستارزبلاي رغبي,REVIEW,92,0,16,53.12,53.12,0,0,100.0,100.0,100.0,ae,,LONG_GT_6H=1,Wales U20 vs. Georgia U20 - World Rugby Under 20 Championship,South Africa vs. England - Nations Championship 2026
mena-other,ar:.ستارزبلاي.كريكيت.1.ae,ar: ستارزبلاي كريكيت 1,PASS,100,1,45,50.0,50.0,0,0,100.0,68.9,100.0,ae,,,ICC Men's ODI World Cup 2023: Australia vs Sri Lanka - Kick-Off Classics,ICC Men's T20 World Cup 2024: Namibia vs Oman - Kick-Off Classics
mena-other,ar:.سوني.تي.في.ae,ar: سوني تي في,REVIEW,92,0,59,49.0,49.0,0,0,100.0,0.0,100.0,ae,,LOW_TITLE_DIVERSITY=12%,إنديان غيم شو وذ بهارتي آند هارش,كان بانيغا كوربيراتي
mena-other,ar:.قناة.الحدث.-.مباشر.ae,ar: قناة الحدث - مباشر,REVIEW,84,0,71,49.0,49.0,0,0,100.0,0.0,100.0,ae,,REPEATED_TITLE=94%; LOW_TITLE_DIVERSITY=4%,أخبار الحدث,أخبار الحدث
mena-other,ar:.كلرز.إتش.دي.ae,ar: كلرز إتش دي,REVIEW,92,0,81,48.5,48.5,0,0,100.0,0.0,100.0,ae,,LOW_TITLE_DIVERSITY=11%,سيهر هوني كو هاي,لافتؤ شيفس أنليمتد إنترتينمنت
mena-other,ar:.ياس.تي.في.إكسترا.ae,ar: ياس تي في إكسترا,REVIEW,84,0,49,49.0,49.0,0,0,100.0,0.0,100.0,ae,,REPEATED_TITLE=100%; LOW_TITLE_DIVERSITY=2%,أبوظبي الرياضية آسيا 1,أبوظبي الرياضية آسيا 1
mena-other,Arirang.World.ae,Arirang World,REVIEW,92,0,107,48.5,48.5,0,107,0.0,100.0,0.0,ae,,EMPTY_DESC=107(100%); DUPLICATE_TIMELINE_GROUP=2; DUPLICATE_TIMELINE_UNRELATED,Talk Room,K-Arts Artists
mena-other,Asharq Discovery.sa,Asharq Discovery.sa,REVIEW,84,0,13,52.0,52.0,0,0,100.0,0.0,100.0,sa,,REPEATED_TITLE=100%; LOW_TITLE_DIVERSITY=8%,الشرق ديسكفري,الشرق ديسكفري
mena-other,Asharq.News.HD.ae,Asharq News HD,NO_EPG,65,0,0,0.0,0.0,0,0,0.0,0.0,0.0,ae,NO_PROGRAMMES,,,
mena-other,Asharq.sa,Asharq.sa,REVIEW,84,0,13,52.0,52.0,0,0,100.0,0.0,100.0,sa,,REPEATED_TITLE=100%; LOW_TITLE_DIVERSITY=8%,الشرق,الشرق
mena-other,Asil.TV.ae,Asil TV,NO_EPG,65,0,0,0.0,0.0,0,0,0.0,0.0,0.0,ae,NO_PROGRAMMES,,,
mena-other,Ava.TV.ae,Ava TV,NO_EPG,65,0,0,0.0,0.0,0,0,0.0,0.0,0.0,ae,NO_PROGRAMMES,,,
mena-other,Awdeh.HD.ae,Awdeh HD,NO_EPG,65,0,0,0.0,0.0,0,0,0.0,0.0,0.0,ae,NO_PROGRAMMES,,,
mena-other,Baby-TV-2.qa,Baby-TV-2.qa,REVIEW,92,0,41,44.97,47.0,0,41,100.0,0.0,0.0,qa,,EMPTY_DESC=41(100%),سي إن إن نيوز رووم,سي إن إن نيوز رووم
mena-other,Bara3em-1.qa,Bara3em-1.qa,REVIEW,92,0,126,46.38,46.58,0,126,0.0,100.0,0.0,qa,,EMPTY_DESC=126(100%),Hamster and Gretel - Miss Direct/ Trading Faces,Big City Greens - Swimming Fool/ Tilly's Goat
mena-other,BBC Arabic.sa,BBC Arabic.sa,REVIEW,84,0,47,47.0,47.0,0,0,100.0,100.0,100.0,sa,,REPEATED_TITLE=100%; LOW_TITLE_DIVERSITY=2%,BBC عربي,BBC عربي
mena-other,BBC World News.sa,BBC World News.sa,REVIEW,92,0,118,46.5,46.5,0,0,100.0,0.0,100.0,sa,,LOW_TITLE_DIVERSITY=16%,أخبار بي بي سي,بيزنيس توداي
mena-other,BBC World.sa,BBC World.sa,REVIEW,92,0,66,26.0,26.0,0,66,90.9,9.1,0.0,sa,,EMPTY_DESC=66(100%),بي بي سي نيوز,بيزنيس توداي
mena-other,BBC.E.ae,BBC E,NO_EPG,65,0,0,0.0,0.0,0,0,0.0,0.0,0.0,ae,NO_PROGRAMMES,,,
mena-other,BBC.Horn.of.Africa.ae,BBC Horn of Africa,NO_EPG,65,0,0,0.0,0.0,0,0,0.0,0.0,0.0,ae,NO_PROGRAMMES,,,
mena-other,BBCArabic.uk@SD,BBC World,REVIEW,92,0,106,42.0,42.0,0,0,100.0,11.3,100.0,,,LOW_TITLE_DIVERSITY=16%,بي بي سي نيوز,بيزنيس توداي
mena-other,beJUNIOR-1.qa,beJUNIOR-1.qa,REVIEW,92,0,72,46.47,48.0,0,72,0.0,100.0,0.0,qa,,EMPTY_DESC=72(100%),The Amazing World of Gumball,The Tom and Jerry Show
mena-other,Bengali.ae,Bengali,NO_EPG,65,0,0,0.0,0.0,0,0,0.0,0.0,0.0,ae,NO_PROGRAMMES,,,
mena-other,Bigg.sa,Bigg.sa,REVIEW,84,0,47,47.0,47.0,0,0,0.0,100.0,100.0,sa,,REPEATED_TITLE=100%; LOW_TITLE_DIVERSITY=2%,Bigg TV,Bigg TV
mena-other,Bilad.ae,Bilad,NO_EPG,65,0,0,0.0,0.0,0,0,0.0,0.0,0.0,ae,NO_PROGRAMMES,,,
mena-other,Blippi And Friends.sa,Blippi And Friends.sa,PASS,100,1,107,46.63,46.63,0,0,100.0,0.0,100.0,sa,,,بليبّي ووندرز:آنسرِنغ بِغ كوِسشنز!,كوكوميلون:جي جيز فاميلي لوف آند هيلثي هابِتس!
mena-other,Bloomberg.sa,Bloomberg.sa,REVIEW,92,0,36,47.0,47.0,0,36,0.0,100.0,0.0,sa,,EMPTY_DESC=36(100%),Bloomberg: The Opening Trade,The Pulse with Francine Lacqua
mena-other,BloombergOriginals.us@SD,Bloomberg Originals,REVIEW,84,0,52,42.17,42.17,0,0,100.0,82.7,100.0,,,REPEATED_TITLE=83%; LOW_TITLE_DIVERSITY=6%,Bloomberg Originals,Bloomberg Originals
mena-other,BoxOffice1 DIGITAL.qa,BoxOffice1 DIGITAL.qa,REVIEW,76,0,29,43.52,46.48,0,29,100.0,0.0,0.0,qa,,EMPTY_DESC=29(100%); REPEATED_TITLE=100%; LOW_TITLE_DIVERSITY=3%,سمكة البوت بوت,سمكة البوت بوت
mena-other,BoxOffice2 DIGITAL.qa,BoxOffice2 DIGITAL.qa,REVIEW,76,0,21,42.0,46.0,0,21,100.0,0.0,0.0,qa,,EMPTY_DESC=21(100%); REPEATED_TITLE=100%; LOW_TITLE_DIVERSITY=5%,الفايكنغ الأخير,الفايكنغ الأخير
mena-other,C.Sat.ae,C Sat,NO_EPG,65,0,0,0.0,0.0,0,0,0.0,0.0,0.0,ae,NO_PROGRAMMES,,,
mena-other,Calssic.ae,Calssic,NO_EPG,65,0,0,0.0,0.0,0,0,0.0,0.0,0.0,ae,NO_PROGRAMMES,,,
mena-other,Cartoon Network Arabic.sa,Cartoon Network Arabic.sa,PASS,100,1,78,46.5,46.5,0,0,100.0,0.0,100.0,sa,,,باغز باني بلدرز,كريغ أوف ذا كريك
mena-other,Cartoon-Network-Arabic-1.qa,Cartoon-Network-Arabic-1.qa,REVIEW,84,0,226,44.0,45.97,0,226,92.0,82.3,0.0,qa,,SHORT_LT_2M=6; EMPTY_DESC=226(100%),E5 | S1 حديقة حيوانات ليل,E6 | S1 حديقة حيوانات ليل
mena-other,Cartoonito.sa,Cartoonito.sa,REVIEW,92,0,242,46.25,46.25,0,0,100.0,0.0,100.0,sa,,SHORT_LT_2M=2,باتويلز:ويش أبون ايه كار,باتويلز:بيبيز بات - بيلت بلاندر
mena-other,CartoonNetworkMENA.uk@SD,Cartoon Network HD,REVIEW,84,0,215,42.0,42.0,0,10,100.0,0.0,100.0,,,EMPTY_DESC=10(5%); LOW_TITLE_DIVERSITY=13%,واتس نيو سكوبى دو؟,غوت غيرل
mena-other,CBeebies-1.qa,CBeebies-1.qa,REVIEW,92,0,205,45.15,45.58,0,205,89.3,80.5,0.0,qa,,EMPTY_DESC=205(100%),Teela Toola S4 EP 5 - Fashion Designer,كروكر و الأصدقاء
mena-other,CGTN.ae,CGTN,REVIEW,84,0,91,48.25,48.25,0,91,0.0,100.0,0.0,ae,,EMPTY_DESC=91(100%); LOW_TITLE_DIVERSITY=16%,The World Today,Sports Scene
mena-other,CGTN.Arabic.ae,CGTN Arabic,REVIEW,84,0,89,48.5,48.5,0,89,100.0,100.0,0.0,ae,,EMPTY_DESC=89(100%); LOW_TITLE_DIVERSITY=12%,الفنون الصينية,جولة الصين
mena-other,CHAINE.1.ae,CHAINE 1,NO_EPG,65,0,0,0.0,0.0,0,0,0.0,0.0,0.0,ae,NO_PROGRAMMES,,,
mena-other,CHAINE.2.ae,CHAINE 2,NO_EPG,65,0,0,0.0,0.0,0,0,0.0,0.0,0.0,ae,NO_PROGRAMMES,,,
mena-other,CHAINE.3.ae,CHAINE 3,NO_EPG,65,0,0,0.0,0.0,0,0,0.0,0.0,0.0,ae,NO_PROGRAMMES,,,
mena-other,Channel.8.ae,Channel 8,NO_EPG,65,0,0,0.0,0.0,0,0,0.0,0.0,0.0,ae,NO_PROGRAMMES,,,
mena-other,Cinema One Global.sa,Cinema One Global.sa,REVIEW,92,0,10,18.98,18.98,0,10,0.0,90.0,0.0,sa,,EMPTY_DESC=10(100%),Biokids,Ang Pinakamahabang Baba Sa Balat Ng Lupa
mena-other,CineMo.sa,CineMo.sa,REVIEW,92,0,10,17.98,17.98,0,10,0.0,100.0,0.0,sa,,EMPTY_DESC=10(100%),CINEKAMAO,Cinetawanan
mena-other,CN Arabia.sa,CN Arabia.sa,REVIEW,92,0,43,27.17,27.17,0,43,100.0,0.0,0.0,sa,,EMPTY_DESC=43(100%),بوغز بوني بيلدرز,كرايغ أوف ذا كريك
mena-other,CN Arabic.sa,CN Arabic.sa,PASS,100,1,78,46.5,46.5,0,0,100.0,0.0,100.0,sa,,,بَغز بَنّي بيلدَرز:بابيت شووستوبر,كريغ أوف ذا كريك:أرض الحمم!
mena-other,CN English.sa,CN English.sa,PASS,100,1,70,47.42,47.42,0,0,100.0,0.0,100.0,sa,,,بي كول، سكوبي دو!:ذا بيبول فيرسيز فريد جونز,غوت غيرل:هو دو يو ثينك يو آر، كايل؟
mena-other,CNBC Arabia.sa,CNBC Arabia.sa,PASS,100,1,68,46.5,46.5,0,0,100.0,4.4,100.0,sa,,,البوصلة,تحت الضوء
mena-other,CNN.International.ae,CNN International,REVIEW,76,0,241,48.33,48.33,0,241,0.0,100.0,0.0,ae,,SHORT_LT_2M=15; EMPTY_DESC=241(100%); LOW_TITLE_DIVERSITY=12%; DUPLICATE_TIMELINE_GROUP=2; DUPLICATE_TIMELINE_UNRELATED,News,Press Review
mena-other,CNNInternational.us@MENA,CNN HD,PASS,100,1,51,42.0,42.0,0,0,100.0,0.0,100.0,,,,سي ان ان نيوزروم,سي ان ان نيوزروم
mena-other,Cookies.TV.ae,Cookies TV,NO_EPG,65,0,0,0.0,0.0,0,0,0.0,0.0,0.0,ae,NO_PROGRAMMES,,,
mena-other,CrimePlusInvestigation.us@SD,C & I,PASS,100,1,57,42.83,42.83,0,0,100.0,0.0,100.0,,,,كولد كيس فايلز,كولد كيس فايلز
mena-other,CTV.ae,CTV,NO_EPG,65,0,0,0.0,0.0,0,0,0.0,0.0,0.0,ae,NO_PROGRAMMES,,,
mena-other,Daewa.TV.ae,Daewa TV,NO_EPG,65,0,0,0.0,0.0,0,0,0.0,0.0,0.0,ae,NO_PROGRAMMES,,,
mena-other,Discovery Family HD.sa,Discovery Family HD.sa,PASS,100,1,60,46.5,46.5,0,0,100.0,0.0,100.0,sa,,,دَدجبول ثاندردوم:ذا هيتس كِيب كامينغ,تكساس ميتال:إيرل كامبلز كاستوم كاديلاك - الجزء 2
mena-other,Discovery HD.sa,Discovery HD.sa,PASS,100,1,59,46.47,46.47,0,0,100.0,0.0,100.0,sa,,,غطاسو الذهب:بويلينغ بوينت - بارت 1,بارنوود بيلدرز:كامينغ هوم
mena-other,Discovery ID.sa,Discovery ID.sa,PASS,100,1,47,47.0,47.0,0,0,100.0,0.0,100.0,sa,,,ساموان يو ثوت يو نيو:إيفل إن أيداهو,ساموان يو ثوت يو نيو:هاي سكول هوموسايد
mena-other,DiscoveryChannelMiddleEastAfrica.us@SD,Discovery Channel HD,PASS,100,1,54,42.57,42.57,0,0,100.0,0.0,100.0,,,,غولد دايفرز,بارنوود بيلدرز
mena-other,Disney Channel.sa,Disney Channel.sa,PASS,100,1,126,46.42,46.42,0,0,100.0,0.0,100.0,sa,,,دراغون سترايكر:ذا سام أوف إتس بارتس,ميراكيوليس: تشيبي:ذا روز
mena-other,Disney Junior.sa,Disney Junior.sa,REVIEW,92,0,189,46.25,46.25,0,0,100.0,0.0,100.0,sa,,SHORT_LT_2M=2,ميكي ماوس كلابهاوس+:ذا كاندي كوتيدج,ميكي ماوس كلابهاوس+:ذا ليت، ليت شو
mena-other,Dolly.Alyoom.ae,Dolly Alyoom,NO_EPG,65,0,0,0.0,0.0,0,0,0.0,0.0,0.0,ae,NO_PROGRAMMES,,,
mena-other,Dolly.Cinema.ae,Dolly Cinema,NO_EPG,65,0,0,0.0,0.0,0,0,0.0,0.0,0.0,ae,NO_PROGRAMMES,,,
mena-other,Dolly.Drama.ae,Dolly Drama,NO_EPG,65,0,0,0.0,0.0,0,0,0.0,0.0,0.0,ae,NO_PROGRAMMES,,,
mena-other,Dolly.Mosalsalat.ae,Dolly Mosalsalat,NO_EPG,65,0,0,0.0,0.0,0,0,0.0,0.0,0.0,ae,NO_PROGRAMMES,,,
mena-other,Dolly.Movies.ae,Dolly Movies,NO_EPG,65,0,0,0.0,0.0,0,0,0.0,0.0,0.0,ae,NO_PROGRAMMES,,,
mena-other,Dua.Channel.ae,Dua Channel,NO_EPG,65,0,0,0.0,0.0,0,0,0.0,0.0,0.0,ae,NO_PROGRAMMES,,,
mena-other,Dubai.sa,Dubai.sa,PASS,100,1,55,47.0,47.0,0,0,100.0,16.4,100.0,sa,,,بابا:الحلقة 75,أحلام سعيدة:الحلقة 15
mena-other,DW.A2.ae,DW A2,NO_EPG,65,0,0,0.0,0.0,0,0,0.0,0.0,0.0,ae,NO_PROGRAMMES,,,
mena-other,DW.Arabia.HD.ae,DW Arabia HD,REVIEW,84,0,90,48.25,48.25,0,90,100.0,100.0,0.0,ae,,EMPTY_DESC=90(100%); LOW_TITLE_DIVERSITY=16%; DUPLICATE_TIMELINE_GROUP=2,كليك,عن كثب
mena-other,DW05.ae,DW05,NO_EPG,65,0,0,0.0,0.0,0,0,0.0,0.0,0.0,ae,NO_PROGRAMMES,,,
mena-other,DZMM TeleRadyo.sa,DZMM TeleRadyo.sa,REVIEW,76,0,18,17.98,17.98,0,18,0.0,100.0,0.0,sa,,EMPTY_DESC=18(100%); REPEATED_TITLE=100%; LOW_TITLE_DIVERSITY=6%,DZMM TeleRadyo,DZMM TeleRadyo
mena-other,eClutch Access.sa,eClutch Access.sa,REVIEW,76,0,47,47.0,47.0,0,47,0.0,100.0,0.0,sa,,EMPTY_DESC=47(100%); REPEATED_TITLE=100%; LOW_TITLE_DIVERSITY=2%,EClutch Access,EClutch Access
mena-other,eClutch Arabic.sa,eClutch Arabic.sa,REVIEW,76,0,47,47.0,47.0,0,47,0.0,100.0,0.0,sa,,EMPTY_DESC=47(100%); REPEATED_TITLE=100%; LOW_TITLE_DIVERSITY=2%,EClutch Live Arabic,EClutch Live Arabic
mena-other,eClutch LIVE 2.sa,eClutch LIVE 2.sa,REVIEW,76,0,47,47.0,47.0,0,47,0.0,100.0,0.0,sa,,EMPTY_DESC=47(100%); REPEATED_TITLE=100%; LOW_TITLE_DIVERSITY=2%,EClutch Live 2,EClutch Live 2
mena-other,eClutch LIVE.sa,eClutch LIVE.sa,REVIEW,76,0,47,47.0,47.0,0,47,0.0,100.0,0.0,sa,,EMPTY_DESC=47(100%); REPEATED_TITLE=100%; LOW_TITLE_DIVERSITY=2%,EClutch Live 1,EClutch Live 1
mena-other,Educational.Channel.ae,Educational Channel,NO_EPG,65,0,0,0.0,0.0,0,0,0.0,0.0,0.0,ae,NO_PROGRAMMES,,,
mena-other,Ekhbaria.ae,Ekhbaria,NO_EPG,65,0,0,0.0,0.0,0,0,0.0,0.0,0.0,ae,NO_PROGRAMMES,,,
mena-other,EL.FadjrDrama.DZ.HD.ae,EL FadjrDrama DZ HD,NO_EPG,65,0,0,0.0,0.0,0,0,0.0,0.0,0.0,ae,NO_PROGRAMMES,,,
mena-other,El.Omda.Al.yom.ae,El Omda Al yom,NO_EPG,65,0,0,0.0,0.0,0,0,0.0,0.0,0.0,ae,NO_PROGRAMMES,,,
mena-other,El.Omda.Drama.ae,El Omda Drama,NO_EPG,65,0,0,0.0,0.0,0,0,0.0,0.0,0.0,ae,NO_PROGRAMMES,,,
mena-other,El.Omda.Hekayat.Film.ae,El Omda Hekayat Film,NO_EPG,65,0,0,0.0,0.0,0,0,0.0,0.0,0.0,ae,NO_PROGRAMMES,,,
mena-other,Elasema.welanas.ae,Elasema welanas,NO_EPG,65,0,0,0.0,0.0,0,0,0.0,0.0,0.0,ae,NO_PROGRAMMES,,,
mena-other,Elzaeem.Cinema.ae,Elzaeem Cinema,NO_EPG,65,0,0,0.0,0.0,0,0,0.0,0.0,0.0,ae,NO_PROGRAMMES,,,
mena-other,Elzaeem.Drama.ae,Elzaeem Drama,NO_EPG,65,0,0,0.0,0.0,0,0,0.0,0.0,0.0,ae,NO_PROGRAMMES,,,
mena-other,EN:.Abdul.Majeed.Abdullah.sa,EN: Abdul Majeed Abdullah,NO_EPG,65,0,0,0.0,0.0,0,0,0.0,0.0,0.0,sa,NO_PROGRAMMES,,,
mena-other,EN:.Aflam.sa,EN: Aflam,REVIEW,84,0,8,18.52,18.52,0,8,0.0,100.0,0.0,sa,,LONG_GT_6H=1; EMPTY_DESC=8(100%),Ga'ana El Bayan El Tali,Walad Wa Bent
mena-other,en:.Al.Arabiya.Business.-.Live.ae,en: Al Arabiya Business - Live,REVIEW,84,0,48,49.0,49.0,0,48,0.0,100.0,0.0,ae,,EMPTY_DESC=48(100%); LOW_TITLE_DIVERSITY=15%,Market Open,Market Pulse
mena-other,EN:.Al.Asouf.Channel.sa,EN: Al Asouf Channel,REVIEW,76,0,65,49.43,49.47,0,65,0.0,100.0,0.0,sa,,EMPTY_DESC=65(100%); REPEATED_TITLE=100%; LOW_TITLE_DIVERSITY=2%,Al Asouf,Al Asouf
mena-other,en:.Al.Hadath.Live.ae,en: Al Hadath Live,REVIEW,76,0,71,49.0,49.0,0,71,0.0,100.0,0.0,ae,,EMPTY_DESC=71(100%); REPEATED_TITLE=94%; LOW_TITLE_DIVERSITY=4%,Al Hadath News,Al Hadath News
mena-other,EN:.Al.Hisn.Channel.sa,EN: Al Hisn Channel,NO_EPG,65,0,0,0.0,0.0,0,0,0.0,0.0,0.0,sa,NO_PROGRAMMES,,,
mena-other,en:.Asianet.ME.ae,en: Asianet ME,REVIEW,92,0,41,48.5,48.5,0,41,0.0,100.0,0.0,ae,,EMPTY_DESC=41(100%),Chirikkum Thalika,Angane Oru Avadhikkalathu
mena-other,en:.Asianet.Movies.HD.ae,en: Asianet Movies HD,REVIEW,92,0,18,51.0,51.0,0,18,0.0,100.0,0.0,ae,,EMPTY_DESC=18(100%),Kumbalangi Nights,Malikappuram
mena-other,en:.Asianet.Plus.HD.ae,en: Asianet Plus HD,REVIEW,76,0,41,51.0,51.0,0,41,0.0,100.0,0.0,ae,,EMPTY_DESC=41(100%); REPEATED_TITLE=100%; LOW_TITLE_DIVERSITY=2%,Movie,Movie
mena-other,EN:.Bab.Al.Hara.Channel.sa,EN: Bab Al Hara Channel,NO_EPG,65,0,0,0.0,0.0,0,0,0.0,0.0,0.0,sa,NO_PROGRAMMES,,,
mena-other,EN:.BIG.TIME.sa,EN: BIG TIME,NO_EPG,65,0,0,0.0,0.0,0,0,0.0,0.0,0.0,sa,NO_PROGRAMMES,,,
mena-other,en:.Bloom.ae,en: Bloom,REVIEW,84,0,288,48.1,48.1,0,288,0.0,100.0,0.0,ae,,EMPTY_DESC=288(100%); LOW_TITLE_DIVERSITY=18%,Peppa Pig,Kidibli
mena-other,en:.Colors.HD.ae,en: Colors HD,REVIEW,84,0,81,48.5,48.5,0,81,0.0,100.0,0.0,ae,,EMPTY_DESC=81(100%); LOW_TITLE_DIVERSITY=11%,Seher Hone Ko Hai,Laughter Chefs Unlimited Entertainment
mena-other,EN:.El-Podcasters.Channel.sa,EN: El-Podcasters Channel,NO_EPG,65,0,0,0.0,0.0,0,0,0.0,0.0,0.0,sa,NO_PROGRAMMES,,,
mena-other,EN:.El.Le'ba.Channel.sa,EN: El Le'ba Channel,REVIEW,76,0,81,48.73,48.77,0,81,0.0,100.0,0.0,sa,,EMPTY_DESC=81(100%); REPEATED_TITLE=100%; LOW_TITLE_DIVERSITY=1%,El Le'ba: Dawri El Abtal,El Le'ba: Dawri El Abtal
mena-other,EN:.Fairuz.sa,EN: Fairuz,REVIEW,84,0,757,48.05,48.08,0,757,0.0,100.0,0.0,sa,,EMPTY_DESC=757(100%); LOW_TITLE_DIVERSITY=4%,Oudak Rannan,Shatty Ya Denia
mena-other,EN:.Majid.Almohandis.sa,EN: Majid Almohandis,NO_EPG,65,0,0,0.0,0.0,0,0,0.0,0.0,0.0,sa,NO_PROGRAMMES,,,
mena-other,EN:.Maraya.Channel.sa,EN: Maraya Channel,REVIEW,84,0,9,18.47,18.47,0,9,0.0,100.0,0.0,sa,,LONG_GT_6H=1; EMPTY_DESC=9(100%),Hadeeth Al Maraya Episode 14,Maraya 97 Episode 21
mena-other,EN:.Mohammed.Abdu.sa,EN: Mohammed Abdu,NO_EPG,65,0,0,0.0,0.0,0,0,0.0,0.0,0.0,sa,NO_PROGRAMMES,,,
mena-other,EN:.Rabeh.Saqer.sa,EN: Rabeh Saqer,REVIEW,84,0,494,48.12,48.15,0,494,0.0,100.0,0.0,sa,,EMPTY_DESC=494(100%); LOW_TITLE_DIVERSITY=14%,Maghrora,Ghorbat Zaman
mena-other,EN:.Red.Bull.TV.sa,EN: Red Bull TV,NO_EPG,65,0,0,0.0,0.0,0,0,0.0,0.0,0.0,sa,NO_PROGRAMMES,,,
mena-other,en:.SET.Max.ae,en: SET Max,REVIEW,92,0,27,50.38,50.38,0,27,0.0,100.0,0.0,ae,,EMPTY_DESC=27(100%),Afwaah,Pyare Mohan
mena-other,EN:.Sikkat.Safar.Channel.sa,EN: Sikkat Safar Channel,NO_EPG,65,0,0,0.0,0.0,0,0,0.0,0.0,0.0,sa,NO_PROGRAMMES,,,
mena-other,en:.Sony.TV.ae,en: Sony TV,REVIEW,84,0,59,49.0,49.0,0,59,0.0,100.0,0.0,ae,,EMPTY_DESC=59(100%); LOW_TITLE_DIVERSITY=12%,Indian Game Show With Bharti And Harssh,Kaun Banega Crorepati
mena-other,en:.Star.Plus.HD.ae,en: Star Plus HD,REVIEW,84,0,91,48.5,48.5,0,91,0.0,100.0,0.0,ae,,EMPTY_DESC=91(100%); LOW_TITLE_DIVERSITY=12%,Kyunki Saas Bhi Kabhi Bahu Thi,Kyunki Rishton Ke Bhi Roop Badalte Hain
mena-other,EN:.Tarab.sa,EN: Tarab,NO_EPG,65,0,0,0.0,0.0,0,0,0.0,0.0,0.0,sa,NO_PROGRAMMES,,,
mena-other,EN:.Wanasa.sa,EN: Wanasa,NO_EPG,65,0,0,0.0,0.0,0,0,0.0,0.0,0.0,sa,NO_PROGRAMMES,,,
mena-other,EN:.WIZZO.Esports.World.Cup.sa,EN: WIZZO Esports World Cup,NO_EPG,65,0,0,0.0,0.0,0,0,0.0,0.0,0.0,sa,NO_PROGRAMMES,,,
mena-other,en:.Zee.TV.HD.ae,en: Zee TV HD,REVIEW,84,0,89,48.5,48.5,0,89,0.0,100.0,0.0,ae,,EMPTY_DESC=89(100%); LOW_TITLE_DIVERSITY=12%,Happu Ki Ultan Paltan,Bhabi ji Ghar Par Hai!
mena-other,Esport 24.sa,Esport 24.sa,REVIEW,76,0,11,31.02,31.02,0,11,27.3,72.7,0.0,sa,,LONG_GT_6H=3; EMPTY_DESC=11(100%); REPEATED_TITLE=73%,بلاست بريمير,كأس العالم للرياضات الإلكترونية
mena-other,Euro-News.qa,Euro-News.qa,REVIEW,84,0,83,44.77,45.8,0,83,100.0,0.0,0.0,qa,,EMPTY_DESC=83(100%); LOW_TITLE_DIVERSITY=14%,الأخبار,الملعب
mena-other,FATAFEAT-1.qa,FATAFEAT-1.qa,REVIEW,84,0,62,46.38,46.92,0,62,100.0,0.0,0.0,qa,,EMPTY_DESC=62(100%); LOW_TITLE_DIVERSITY=11%,سافج كينجدوم,ذي إنكريدابل بول فارم
mena-other,Fatafeat.sa,Fatafeat.sa,PASS,100,1,60,47.17,47.17,0,0,100.0,0.0,100.0,sa,,,تسلم الأيادي,صحتك على بالي:الحلقة 8
mena-other,FIFAPlus.uk,FIFA+,NO_EPG,65,0,0,0.0,0.0,0,0,0.0,0.0,0.0,,NO_PROGRAMMES,,,
mena-other,Food Network.sa,Food Network.sa,PASS,100,1,64,46.5,46.5,0,0,100.0,0.0,100.0,sa,,,مأكولات مانيت:سمبوسة خضار وفيندالو,مأكولات مانيت:دجاج برياني
mena-other,France 24.sa,France 24.sa,REVIEW,92,0,236,46.25,46.25,0,0,100.0,0.0,100.0,sa,,LOW_TITLE_DIVERSITY=14%,الأخبار,وقفة مع الحدث
mena-other,France.24.Arabic.ae,France 24 Arabic,REVIEW,76,0,271,48.22,48.22,0,271,90.8,100.0,0.0,ae,,SHORT_LT_2M=24; EMPTY_DESC=271(100%); LOW_TITLE_DIVERSITY=13%,الأخبار,الأخبار
mena-other,France.24.English.ae,France 24 English,REVIEW,76,0,241,48.33,48.33,0,241,0.0,100.0,0.0,ae,,SHORT_LT_2M=15; EMPTY_DESC=241(100%); LOW_TITLE_DIVERSITY=12%; DUPLICATE_TIMELINE_GROUP=2; DUPLICATE_TIMELINE_UNRELATED,News,Press Review
mena-other,French.ae,French,NO_EPG,65,0,0,0.0,0.0,0,0,0.0,0.0,0.0,ae,NO_PROGRAMMES,,,
mena-other,Gametoon.nl@SD,Gametoon,REVIEW,84,0,24,24.0,24.0,0,0,100.0,100.0,100.0,,,REPEATED_TITLE=100%; LOW_TITLE_DIVERSITY=4%,Gametoon,Gametoon
mena-other,GINXTV.uk@SD,Ginx,PASS,100,1,48,43.0,43.0,0,0,100.0,0.0,100.0,,,,ذا اركايف,اوريجنز
mena-other,GMA Life TV.sa,GMA Life TV.sa,REVIEW,92,0,17,18.23,18.23,0,17,0.0,100.0,0.0,sa,,EMPTY_DESC=17(100%),I Bilib,Balitanghali
mena-other,GMA News TV.sa,GMA News TV.sa,REVIEW,92,0,27,18.48,18.48,0,27,0.0,100.0,0.0,sa,,EMPTY_DESC=27(100%),Pinoy Crime Stories,Imbestigador
mena-other,GMA Pinoy TV.sa,GMA Pinoy TV.sa,REVIEW,92,0,25,19.98,19.98,0,25,0.0,100.0,0.0,sa,,EMPTY_DESC=25(100%),It's Showtime,Tiktoclock: Happy Hour Na
mena-other,H2 HD.sa,H2 HD.sa,REVIEW,92,0,24,18.0,18.0,0,24,0.0,100.0,0.0,sa,,EMPTY_DESC=24(100%),Rome: Rise And Fall Of An Empire,Ancient Aliens
mena-other,Hadhramaut TV.eg,Hadhramaut TV.eg,REVIEW,92,0,30,25.0,25.0,0,30,83.3,16.7,0.0,eg,,EMPTY_DESC=30(100%),برنامج ظلال رياضية,برنامج قدها
mena-other,Haq.TV.ae,Haq TV,NO_EPG,65,0,0,0.0,0.0,0,0,0.0,0.0,0.0,ae,NO_PROGRAMMES,,,
mena-other,HGTV.sa,HGTV.sa,PASS,100,1,82,47.22,47.22,0,0,100.0,0.0,100.0,sa,,,ريڤيلد:هوم إز وير ذا لاف ليفز,ريڤيلد:100 يير أولد دريم هوم
mena-other,HGTVArabia.us@SD,HGTVArabia,REVIEW,92,0,16,14.42,14.42,0,16,100.0,0.0,0.0,,,EMPTY_DESC=16(100%),نيكيست ليفيل شيف (موسم 3، حلقة5),ماستر شيف أستراليا (موسم 17، حلقة18)
mena-other,History2MiddleEast.us@SD,H2 HD,PASS,100,1,57,42.75,42.75,0,0,100.0,0.0,100.0,,,,روم: رايز أند فول أوف أن أمباير,أنشنت إليينز
mena-other,HistoryMiddleEast.us@SD,History HD,REVIEW,92,0,63,42.0,42.0,0,0,100.0,0.0,100.0,,,LOW_TITLE_DIVERSITY=19%,سيكرتس ديكلاسيفايد ويذ ديفيد ديكوفني,هستوريز غريتيست مستريز
mena-other,HodHod.TV.ae,HodHod TV,NO_EPG,65,0,0,0.0,0.0,0,0,0.0,0.0,0.0,ae,NO_PROGRAMMES,,,
mena-other,Hogan.TV.ae,Hogan TV,NO_EPG,65,0,0,0.0,0.0,0,0,0.0,0.0,0.0,ae,NO_PROGRAMMES,,,
mena-other,Holly.Quran.ae,Holly Quran,NO_EPG,65,0,0,0.0,0.0,0,0,0.0,0.0,0.0,ae,NO_PROGRAMMES,,,
mena-other,Home.TV.ae,Home TV,NO_EPG,65,0,0,0.0,0.0,0,0,0.0,0.0,0.0,ae,NO_PROGRAMMES,,,
mena-other,Houna.alazm.ae,Houna alazm,NO_EPG,65,0,0,0.0,0.0,0,0,0.0,0.0,0.0,ae,NO_PROGRAMMES,,,
mena-other,I.News.HD.ae,I News HD,NO_EPG,65,0,0,0.0,0.0,0,0,0.0,0.0,0.0,ae,NO_PROGRAMMES,,,
mena-other,i24NEWSArabic.il@SD,I24NEWS عربى,REVIEW,84,0,41,37.0,38.0,0,41,100.0,17.1,0.0,,,EMPTY_DESC=41(100%); LOW_TITLE_DIVERSITY=20%,ON THE RECORD,INNOVNATION
mena-other,iFILM TV.eg,iFILM TV.eg,REVIEW,92,0,14,14.0,14.0,0,14,0.0,100.0,0.0,eg,,EMPTY_DESC=14(100%),Gando S2,The Engineer Child S4
mena-other,iFilm.Arabic.ae,iFilm Arabic,NO_EPG,65,0,0,0.0,0.0,0,0,0.0,0.0,0.0,ae,NO_PROGRAMMES,,,
mena-other,iFilmArabic.ir@SD,آي فيلم,PASS,100,1,12,12.0,12.0,0,0,100.0,0.0,100.0,,,,أربع شقق,مهندس أفندي ج4
mena-other,iKA.TV.ae,iKA TV,NO_EPG,65,0,0,0.0,0.0,0,0,0.0,0.0,0.0,ae,NO_PROGRAMMES,,,
mena-other,Imam.Ali.Shrine.TV.ae,Imam Ali Shrine TV,NO_EPG,65,0,0,0.0,0.0,0,0,0.0,0.0,0.0,ae,NO_PROGRAMMES,,,
mena-other,InvestigationDiscovery.uk@SD,Discovery IDX HD,PASS,100,1,42,42.0,42.0,0,0,100.0,4.8,100.0,,,,سوموان يو ثوت يو نيو,سوموان يو ثوت يو نيو
mena-other,Iraqia TV.eg,Iraqia TV.eg,REVIEW,92,0,30,25.0,25.0,0,30,73.3,26.7,0.0,eg,,EMPTY_DESC=30(100%),برنامج,برنامج
mena-other,Iraqia.Syriac.ae,Iraqia Syriac,NO_EPG,65,0,0,0.0,0.0,0,0,0.0,0.0,0.0,ae,NO_PROGRAMMES,,,
mena-other,Jeem-HD-1-01.qa,Jeem-HD-1-01.qa,REVIEW,92,0,45,44.97,47.0,0,45,0.0,100.0,0.0,qa,,EMPTY_DESC=45(100%),Roll No 21,The Powerpuff Girls
mena-other,Jin.TV.HD.ae,Jin TV HD,NO_EPG,65,0,0,0.0,0.0,0,0,0.0,0.0,0.0,ae,NO_PROGRAMMES,,,
mena-other,Kadak.ae,Kadak,NO_EPG,65,0,0,0.0,0.0,0,0,0.0,0.0,0.0,ae,NO_PROGRAMMES,,,
mena-other,Kapatid TV5 International.sa,Kapatid TV5 International.sa,REVIEW,92,0,10,19.48,19.48,0,10,0.0,100.0,0.0,sa,,EMPTY_DESC=10(100%),Eat Bulaga,Kusina Ni Mamang
mena-other,KBS.World.ae,KBS World,REVIEW,92,0,61,49.25,49.25,0,61,0.0,100.0,0.0,ae,,EMPTY_DESC=61(100%),The Return of Superman,Love On The Menu
mena-other,KidZone Max.sa,KidZone Max.sa,REVIEW,84,0,47,47.0,47.0,0,0,0.0,100.0,100.0,sa,,REPEATED_TITLE=100%; LOW_TITLE_DIVERSITY=2%,KidZone Max,KidZone Max
mena-other,KTO.ae,KTO,NO_EPG,65,0,0,0.0,0.0,0,0,0.0,0.0,0.0,ae,NO_PROGRAMMES,,,
mena-other,LDC.eg,LDC.eg,REVIEW,92,0,26,26.0,26.0,0,26,46.2,65.4,0.0,eg,,EMPTY_DESC=26(100%); DUPLICATE_TIMELINE_GROUP=2,برنامج شمس الصباح,Naharukum Saeid
mena-other,Logos.TV.ae,Logos TV,NO_EPG,65,0,0,0.0,0.0,0,0,0.0,0.0,0.0,ae,NO_PROGRAMMES,,,
mena-other,LTV.sa,LTV.sa,REVIEW,84,0,47,47.0,47.0,0,0,100.0,0.0,100.0,sa,,REPEATED_TITLE=100%; LOW_TITLE_DIVERSITY=2%,إل تي في,إل تي في
mena-other,Makan33.il@SD,مكان,REVIEW,92,0,52,41.25,41.25,0,19,100.0,3.8,100.0,,,EMPTY_DESC=19(37%),שידורי רדיו מכאן: אג'נדה (ש.ח.),שידורי רדיו מכאן - מריה וערין (ש.ח.)
mena-other,Marina.HD.ae,Marina HD,NO_EPG,65,0,0,0.0,0.0,0,0,0.0,0.0,0.0,ae,NO_PROGRAMMES,,,
mena-other,MarjaeyatTV.2.HD.ae,MarjaeyatTV 2 HD,NO_EPG,65,0,0,0.0,0.0,0,0,0.0,0.0,0.0,ae,NO_PROGRAMMES,,,
mena-other,Maspero Zaman.eg,Maspero Zaman.eg,REVIEW,92,0,30,25.0,25.0,0,30,33.3,66.7,0.0,eg,,EMPTY_DESC=30(100%),Yawmiat Wanis 1,برنامج قصة قصيرة
mena-other,MCMTop.fr@SD,MCM TOP,REVIEW,76,0,42,42.0,42.0,0,41,100.0,0.0,100.0,,,EMPTY_DESC=41(98%); REPEATED_TITLE=81%; LOW_TITLE_DIVERSITY=10%,توب ميكس,توب ميكس
mena-other,Med.Muzîk.ae,Med Muzîk,NO_EPG,65,0,0,0.0,0.0,0,0,0.0,0.0,0.0,ae,NO_PROGRAMMES,,,
mena-other,Mix Bel Araby.eg,Mix Bel Araby.eg,REVIEW,92,0,24,25.0,25.0,0,24,12.5,87.5,0.0,eg,,EMPTY_DESC=24(100%),Falling Leaves S2,Forbidden Apple S5
mena-other,Mix ONE.eg,Mix ONE.eg,REVIEW,92,0,23,25.0,25.0,0,23,17.4,82.6,0.0,eg,,EMPTY_DESC=23(100%),Keed Al-Nesa 1,Forbidden Love
mena-other,Mix.ae,Mix,REVIEW,92,0,23,50.75,50.75,0,23,0.0,100.0,0.0,ae,,EMPTY_DESC=23(100%),Divergent,Avengers: Infinity War
mena-other,Mix.bel.Araby.TV.ae,Mix bel Araby TV,REVIEW,92,0,25,50.0,50.0,0,25,0.0,100.0,0.0,ae,,EMPTY_DESC=25(100%); DUPLICATE_TIMELINE_GROUP=2; DUPLICATE_TIMELINE_UNRELATED,The Apple And The Skull,Al Sharabya
mena-other,MoonbugKids.uk@SD,Moonbug Kids,REVIEW,92,0,77,43.98,43.98,0,0,100.0,0.0,100.0,,,LOW_TITLE_DIVERSITY=20%,ذا شاركسانز,بليبي
mena-other,MotorvisionPlus.de@SD,MOTORVISION,PASS,100,1,81,42.58,42.58,0,0,100.0,0.0,100.0,,,,تحدي فيراري في أميركا الشمالية لعام 2025,بطولة مونستر جام 2025
mena-other,MOVIES1 PREMIERE DIGITAL.qa,MOVIES1 PREMIERE DIGITAL.qa,REVIEW,92,0,24,45.53,48.0,0,24,100.0,0.0,0.0,qa,,EMPTY_DESC=24(100%),الجذور,المنزل آمن!
mena-other,MOVIES2 ACTION DIGITAL.qa,MOVIES2 ACTION DIGITAL.qa,REVIEW,92,0,25,45.77,46.23,0,25,100.0,0.0,0.0,qa,,EMPTY_DESC=25(100%),رجال البدلة السوداء 2,رجال البدلة السوداء 3
mena-other,MOVIES3 DRAMA DIGITAL.qa,MOVIES3 DRAMA DIGITAL.qa,REVIEW,92,0,23,43.22,46.25,0,23,91.3,8.7,0.0,qa,,EMPTY_DESC=23(100%),12 الأيتام الأقوياء,إجازة تطوعية
mena-other,MOVIES4 FAMILY DIGITAL.qa,MOVIES4 FAMILY DIGITAL.qa,REVIEW,92,0,28,45.0,48.0,0,28,100.0,0.0,0.0,qa,,EMPTY_DESC=28(100%),قشعريرة,السنافر
mena-other,Mowagahat-1.ae,Mowagahat-1,NO_EPG,65,0,0,0.0,0.0,0,0,0.0,0.0,0.0,ae,NO_PROGRAMMES,,,
mena-other,Mowagahat-2.ae,Mowagahat-2,NO_EPG,65,0,0,0.0,0.0,0,0,0.0,0.0,0.0,ae,NO_PROGRAMMES,,,
mena-other,Mowagahat-8.ae,Mowagahat-8,NO_EPG,65,0,0,0.0,0.0,0,0,0.0,0.0,0.0,ae,NO_PROGRAMMES,,,
mena-other,Mowajahat.ae,Mowajahat,NO_EPG,65,0,0,0.0,0.0,0,0,0.0,0.0,0.0,ae,NO_PROGRAMMES,,,
mena-other,MTA.3.ae,MTA 3,NO_EPG,65,0,0,0.0,0.0,0,0,0.0,0.0,0.0,ae,NO_PROGRAMMES,,,
mena-other,MTV.eg,MTV.eg,REVIEW,92,0,33,25.17,25.17,0,33,69.7,33.3,0.0,eg,,EMPTY_DESC=33(100%),برنامج مشوار,أخبار
mena-other,MTV80s.uk@SD,MTV80s,REVIEW,92,0,20,15.42,15.42,0,20,100.0,0.0,0.0,,,EMPTY_DESC=20(100%),ذي إنكريدبول دكتور بول (موسم 20، حلقة16),سافج كينجدوم (موسم 4، حلقة3)
mena-other,Myx.sa,Myx.sa,REVIEW,92,0,18,17.98,17.98,0,18,0.0,100.0,0.0,sa,,EMPTY_DESC=18(100%),Island Block Party,Press Play
mena-other,Nat geo hd.qa,Nat geo hd.qa,REVIEW,84,0,42,40.97,47.0,2,42,100.0,0.0,0.0,qa,,EMPTY_DESC=42(100%); GAPS_GT_2H=2/TOTAL=6.0h,أربعة فصول في الغابة,معركة البقاء في المتوسط
mena-other,Nat. Geo. AD.sa,Nat. Geo. AD.sa,PASS,100,1,62,46.5,46.5,0,0,100.0,0.0,100.0,sa,,,علم البسطاء,آلاسكاز غريزلي غانتليت
mena-other,Nat. Geo. Wild HD.sa,Nat. Geo. Wild HD.sa,PASS,100,1,65,47.25,47.25,0,0,100.0,0.0,100.0,sa,,,ذي إنكريدابل د. بول:نيس أوف آور لايفز,المملكة المتوحشة:ديث أوف ايه دريم
mena-other,Nat. Geographic.sa,Nat. Geographic.sa,PASS,100,1,62,46.5,46.5,0,0,100.0,0.0,100.0,sa,,,تحقيقات الكوارث الجوية:تحطم المدرج,كنوز المايا الضائعة:سيكريتس أوف ذي آندروورلد
mena-other,NBA DIGITAL.qa,NBA DIGITAL.qa,NO_EPG,65,0,0,0.0,0.0,0,0,0.0,0.0,0.0,qa,NO_PROGRAMMES,,,
mena-other,Nedaa.El.Islam.ae,Nedaa El Islam,NO_EPG,65,0,0,0.0,0.0,0,0,0.0,0.0,0.0,ae,NO_PROGRAMMES,,,
mena-other,NEWS DIGITAL.qa,NEWS DIGITAL.qa,REVIEW,84,0,80,43.0,45.0,0,80,0.0,100.0,0.0,qa,,EMPTY_DESC=80(100%); LOW_TITLE_DIVERSITY=20%,Al Hassad,News Bulletin
mena-other,NHK.World.Japan.ae,NHK World Japan,REVIEW,92,0,136,48.5,48.5,0,136,0.0,100.0,0.0,ae,,EMPTY_DESC=136(100%),NHK Newsline,The Factory Wonders
mena-other,On.Time.Sport.2.HD.ae,On Time Sport 2 HD,NO_EPG,65,0,0,0.0,0.0,0,0,0.0,0.0,0.0,ae,NO_PROGRAMMES,,,
mena-other,One Drama.eg,One Drama.eg,REVIEW,92,0,15,15.0,15.0,0,15,0.0,100.0,0.0,eg,,EMPTY_DESC=15(100%),Establishment: Osman S1,Cherry Season
mena-other,One Movies.eg,One Movies.eg,NO_EPG,65,0,0,0.0,0.0,0,0,0.0,0.0,0.0,eg,NO_PROGRAMMES,,,
mena-other,One TV.sa,One TV.sa,REVIEW,92,0,36,43.5,43.5,0,6,100.0,100.0,100.0,sa,,EMPTY_DESC=6(17%),Blackbird,Dubai Eye : 2026: Ep 177
mena-other,One.America.News.Network.ae,One America News Network,NO_EPG,65,0,0,0.0,0.0,0,0,0.0,0.0,0.0,ae,NO_PROGRAMMES,,,
mena-other,Outdoor.Channel.ae,Outdoor Channel,NO_EPG,65,0,0,0.0,0.0,0,0,0.0,0.0,0.0,ae,NO_PROGRAMMES,,,
mena-other,Padel TV.sa,Padel TV.sa,REVIEW,76,0,29,29.0,29.0,0,29,0.0,100.0,0.0,sa,,EMPTY_DESC=29(100%); REPEATED_TITLE=100%; LOW_TITLE_DIVERSITY=3%,Padel Time TV,Padel Time TV
mena-other,Panorama.Drama.2.ae,Panorama Drama 2,NO_EPG,65,0,0,0.0,0.0,0,0,0.0,0.0,0.0,ae,NO_PROGRAMMES,,,
mena-other,Panorama.Drama.ae,Panorama Drama,NO_EPG,65,0,0,0.0,0.0,0,0,0.0,0.0,0.0,ae,NO_PROGRAMMES,,,
mena-other,Panorama.Film.ae,Panorama Film,NO_EPG,65,0,0,0.0,0.0,0,0,0.0,0.0,0.0,ae,NO_PROGRAMMES,,,
mena-other,Panorama.Food.ae,Panorama Food,REVIEW,84,0,41,49.5,49.5,0,41,0.0,100.0,0.0,ae,,EMPTY_DESC=41(100%); LOW_TITLE_DIVERSITY=20%,Doctor Style,Food Secrets
mena-other,Pishto.ae,Pishto,NO_EPG,65,0,0,0.0,0.0,0,0,0.0,0.0,0.0,ae,NO_PROGRAMMES,,,
mena-other,PraiseLive.Global.ae,PraiseLive Global,NO_EPG,65,0,0,0.0,0.0,0,0,0.0,0.0,0.0,ae,NO_PROGRAMMES,,,
mena-other,Press.TV.HD.ae,Press TV HD,REVIEW,92,0,107,48.5,48.5,0,107,0.0,100.0,0.0,ae,,EMPTY_DESC=107(100%); DUPLICATE_TIMELINE_GROUP=2; DUPLICATE_TIMELINE_UNRELATED,Talk Room,K-Arts Artists
mena-other,Quran.Kareem.ae,Quran Kareem,NO_EPG,65,0,0,0.0,0.0,0,0,0.0,0.0,0.0,ae,NO_PROGRAMMES,,,
mena-other,RDK.ae,RDK,NO_EPG,65,0,0,0.0,0.0,0,0,0.0,0.0,0.0,ae,NO_PROGRAMMES,,,
mena-other,RFMTV.fr@SD,RFM TV,REVIEW,92,0,42,42.0,42.0,0,0,100.0,0.0,100.0,,,LOW_TITLE_DIVERSITY=10%,ذا بيست وايك اب,ذا بيست وايك اب
mena-other,Riyadh Season.sa,Riyadh Season.sa,REVIEW,84,0,47,47.0,47.0,0,0,100.0,0.0,100.0,sa,,REPEATED_TITLE=100%; LOW_TITLE_DIVERSITY=2%,موسم الرياض,موسم الرياض
mena-other,Rojava.TV.HD.ae,Rojava TV HD,NO_EPG,65,0,0,0.0,0.0,0,0,0.0,0.0,0.0,ae,NO_PROGRAMMES,,,
mena-other,Ronahε.TV.ae,Ronahε TV,NO_EPG,65,0,0,0.0,0.0,0,0,0.0,0.0,0.0,ae,NO_PROGRAMMES,,,
mena-other,Roya.sa,Roya.sa,REVIEW,84,0,47,47.0,47.0,0,0,100.0,0.0,100.0,sa,,REPEATED_TITLE=100%; LOW_TITLE_DIVERSITY=2%,رؤيا,رؤيا
mena-other,RT Documentary.sa,RT Documentary.sa,REVIEW,92,0,185,46.22,46.22,0,0,100.0,0.0,100.0,sa,,LOW_TITLE_DIVERSITY=8%,القضية,القضية
mena-other,RT News.sa,RT News.sa,REVIEW,92,0,93,46.5,46.5,0,0,100.0,0.0,100.0,sa,,LOW_TITLE_DIVERSITY=9%,هيدلاين نيوز,كروس توك
mena-other,RT.ru@SD,RT English,REVIEW,92,0,84,42.0,42.0,0,0,100.0,9.5,100.0,,,LOW_TITLE_DIVERSITY=8%,أهم الأخبار,حوار مفتوح
mena-other,RTArabic.ru@SD,RT Arabic,REVIEW,84,0,150,42.0,42.0,0,0,100.0,48.7,100.0,,,SHORT_LT_2M=13; LOW_TITLE_DIVERSITY=9%,الأخبار,RT Arabic
mena-other,Sahar.Kurdi.ae,Sahar Kurdi,NO_EPG,65,0,0,0.0,0.0,0,0,0.0,0.0,0.0,ae,NO_PROGRAMMES,,,
mena-other,Salam.HD.ae,Salam HD,NO_EPG,65,0,0,0.0,0.0,0,0,0.0,0.0,0.0,ae,NO_PROGRAMMES,,,
mena-other,Samira.HD.ae,Samira HD,REVIEW,84,0,33,56.0,56.0,0,33,0.0,100.0,0.0,ae,,LONG_GT_6H=3; EMPTY_DESC=33(100%),Fatma,Morning Talks
mena-other,Saout.Alaqila.ae,Saout Alaqila,NO_EPG,65,0,0,0.0,0.0,0,0,0.0,0.0,0.0,ae,NO_PROGRAMMES,,,
mena-other,Sat-7.Arabic.ae,Sat-7 Arabic,NO_EPG,65,0,0,0.0,0.0,0,0,0.0,0.0,0.0,ae,NO_PROGRAMMES,,,
mena-other,Sat-7.Kids.ae,Sat-7 Kids,NO_EPG,65,0,0,0.0,0.0,0,0,0.0,0.0,0.0,ae,NO_PROGRAMMES,,,
mena-other,Sawt.Al-alam.ae,Sawt Al-alam,NO_EPG,65,0,0,0.0,0.0,0,0,0.0,0.0,0.0,ae,NO_PROGRAMMES,,,
mena-other,SBN.ae,SBN,NO_EPG,65,0,0,0.0,0.0,0,0,0.0,0.0,0.0,ae,NO_PROGRAMMES,,,
mena-other,SERIES1 DIGITAL.qa,SERIES1 DIGITAL.qa,REVIEW,84,0,52,44.1,46.0,0,52,94.2,94.2,0.0,qa,,EMPTY_DESC=52(100%); LOW_TITLE_DIVERSITY=19%,دكستر S6 | E12 - هذه هي الطريقة التي ينتهي بها العالم,E9 | S1 فروم
mena-other,SERIES2 DIGITAL.qa,SERIES2 DIGITAL.qa,REVIEW,92,0,46,44.0,46.0,0,46,95.7,67.4,0.0,qa,,EMPTY_DESC=46(100%),E23 | S1 ما اختلفنا,E2 | S1 القاتل الذي أحبني
mena-other,Shehab.TV.HD.ae,Shehab TV HD,NO_EPG,65,0,0,0.0,0.0,0,0,0.0,0.0,0.0,ae,NO_PROGRAMMES,,,
mena-other,SmartZone.sa,SmartZone.sa,REVIEW,84,0,47,47.0,47.0,0,0,0.0,100.0,100.0,sa,,REPEATED_TITLE=100%; LOW_TITLE_DIVERSITY=2%,SmartZone,SmartZone
mena-other,Sout.AL.Arab.ae,Sout AL Arab,NO_EPG,65,0,0,0.0,0.0,0,0,0.0,0.0,0.0,ae,NO_PROGRAMMES,,,
mena-other,Space Toon.sa,Space Toon.sa,PASS,100,1,101,46.25,46.25,0,0,100.0,0.0,100.0,sa,,,بلوي,رسوم متحركة
mena-other,Sport 24.sa,Sport 24.sa,PASS,100,1,47,47.0,47.0,0,0,100.0,0.0,100.0,sa,,,همس القصيد:الحلقة 16,ملفّات:الحلقة 18
mena-other,Sports.First.ae,Sports First,REVIEW,92,0,216,46.65,48.33,0,216,0.0,100.0,0.0,ae,,EMPTY_DESC=216(100%),International GT Open 2023 Rd 8 Barcelona - Race 2 - PART 4,International GT Open 2023 Rd 8 Barcelona - Race 2 - PART 5
mena-other,Star Action.sa,Star Action.sa,PASS,100,1,29,49.42,49.42,0,0,100.0,3.4,100.0,sa,,,نوتردام أون فايَر,إكوز أوف وور
mena-other,Star Movies HD.sa,Star Movies HD.sa,PASS,100,1,27,48.17,48.17,0,0,100.0,0.0,100.0,sa,,,ايه باغز لايف,ويتينغ فور ذا باربيريانز
mena-other,Star World HD.sa,Star World HD.sa,PASS,100,1,53,47.0,47.0,0,0,100.0,0.0,100.0,sa,,,طاهي المستوى التالي (يو.إس.ايه).:كيري إن هيري,أفضل طباخ في أستراليا:بريشر تيست: بلين بيرتونتشيلوز ...
mena-other,stc tv cinema.sa,stc tv cinema.sa,PASS,100,1,27,46.42,46.42,0,0,100.0,0.0,100.0,sa,,,برين أون فاير,جريمة الإيموبيليا
mena-other,stc tv drama.sa,stc tv drama.sa,PASS,100,1,62,46.5,46.5,0,0,100.0,0.0,100.0,sa,,,سقف الوالد:الحلقة 1,اليتيم:الحلقة 11
mena-other,stc tv family.sa,stc tv family.sa,PASS,100,1,77,46.5,46.5,0,0,100.0,0.0,100.0,sa,,,يمام:مباراة كور التحول,ذا ليتل غوست
mena-other,stc tv sports 1 HD.sa,stc tv sports 1 HD.sa,PASS,100,1,28,47.17,47.17,0,0,75.0,25.0,100.0,sa,,,فروسينوني × فينيزيا 2026/27,بارما × مونزا 2026/27
mena-other,stc tv sports HD.sa,stc tv sports HD.sa,PASS,100,1,30,48.5,48.5,0,0,76.7,23.3,100.0,sa,,,فروسينوني × يوفنتوس 2026/27,فينيزيا × ليتشي 2026/27
mena-other,STV1 HD.sa,STV1 HD.sa,REVIEW,92,0,40,27.0,27.0,0,40,100.0,0.0,0.0,sa,,EMPTY_DESC=40(100%),موجز الأخبار,صيف ديرتنا
mena-other,Stêrk.TV.HD.ae,Stêrk TV HD,NO_EPG,65,0,0,0.0,0.0,0,0,0.0,0.0,0.0,ae,NO_PROGRAMMES,,,
mena-other,Sukariya.Cinema.ae,Sukariya Cinema,NO_EPG,65,0,0,0.0,0.0,0,0,0.0,0.0,0.0,ae,NO_PROGRAMMES,,,
mena-other,Sukariya.Classic.ae,Sukariya Classic,NO_EPG,65,0,0,0.0,0.0,0,0,0.0,0.0,0.0,ae,NO_PROGRAMMES,,,
mena-other,Sukariya.Hekayat.ae,Sukariya Hekayat,NO_EPG,65,0,0,0.0,0.0,0,0,0.0,0.0,0.0,ae,NO_PROGRAMMES,,,
mena-other,Sukariya.Zaman.ae,Sukariya Zaman,NO_EPG,65,0,0,0.0,0.0,0,0,0.0,0.0,0.0,ae,NO_PROGRAMMES,,,
mena-other,Taha.ae,Taha,NO_EPG,65,0,0,0.0,0.0,0,0,0.0,0.0,0.0,ae,NO_PROGRAMMES,,,
mena-other,TCM.sa,TCM.sa,PASS,100,1,26,48.33,48.33,0,0,100.0,0.0,100.0,sa,,,داون ويذ لوڤ,لاڤ & آذر دراغز
mena-other,Teba.8.ae,Teba 8,NO_EPG,65,0,0,0.0,0.0,0,0,0.0,0.0,0.0,ae,NO_PROGRAMMES,,,
mena-other,TeN TV.eg,TeN TV.eg,REVIEW,92,0,24,25.5,25.5,0,24,70.8,29.2,0.0,eg,,EMPTY_DESC=24(100%),برنامج,برنامج
mena-other,TFC HD.sa,TFC HD.sa,REVIEW,92,0,21,19.98,19.98,0,21,0.0,100.0,0.0,sa,,EMPTY_DESC=21(100%),It's Showtime,RADYO PATROL BALITA
mena-other,Thaqalayn.TV.ae,Thaqalayn TV,NO_EPG,65,0,0,0.0,0.0,0,0,0.0,0.0,0.0,ae,NO_PROGRAMMES,,,
mena-other,TLCArabia.us@SD,TLC HD,PASS,100,1,55,42.55,42.55,0,0,100.0,0.0,100.0,,,,ملك الحلوى:كيكس أون أيه بلين,كيتشن بوس:أول إن ذا فاميلي
mena-other,Travel.sa,Travel.sa,PASS,100,1,47,47.0,47.0,0,0,100.0,0.0,100.0,sa,,,بناء آلاسكا:بيلدرز بيغن كونستراكشن,بناء آلاسكا:ايه هيليكوبتر دروب
mena-other,TRT.Arabiya.ae,TRT Arabiya,REVIEW,84,0,80,42.0,42.0,0,80,0.0,100.0,0.0,ae,,EMPTY_DESC=80(100%); LOW_TITLE_DIVERSITY=15%,News,We Have A Stop
mena-other,TRT.Kurdî.ae,TRT Kurdî,NO_EPG,65,0,0,0.0,0.0,0,0,0.0,0.0,0.0,ae,NO_PROGRAMMES,,,
mena-other,TRT.World.ae,TRT World,REVIEW,84,0,91,48.5,48.5,0,91,0.0,100.0,0.0,ae,,EMPTY_DESC=91(100%); LOW_TITLE_DIVERSITY=18%; DUPLICATE_TIMELINE_GROUP=2; DUPLICATE_TIMELINE_UNRELATED,Newshour,Bigger Than Five
mena-other,TV5.Monde.ae,TV5 Monde,REVIEW,84,0,69,46.48,48.7,1,69,5.8,100.0,0.0,ae,,EMPTY_DESC=69(100%); GAPS_GT_2H=1/TOTAL=2.2h,TÉLÉMATIN,ESCAPADES EN SUISSE ITALIENNE
mena-other,TWR.ARABIC.ae,TWR ARABIC,NO_EPG,65,0,0,0.0,0.0,0,0,0.0,0.0,0.0,ae,NO_PROGRAMMES,,,
mena-other,Télé.Tchad.ae,Télé Tchad,NO_EPG,65,0,0,0.0,0.0,0,0,0.0,0.0,0.0,ae,NO_PROGRAMMES,,,
mena-other,Utv.eg,Utv.eg,REVIEW,92,0,16,14.5,14.5,0,16,62.5,37.5,0.0,eg,,EMPTY_DESC=16(100%),برنامج,برنامج
mena-other,WATAR.SHJ.ae,WATAR SHJ,NO_EPG,65,0,0,0.0,0.0,0,0,0.0,0.0,0.0,ae,NO_PROGRAMMES,,,
mena-other,Wedotv.Big.Stories.ae,Wedotv Big Stories,NO_EPG,65,0,0,0.0,0.0,0,0,0.0,0.0,0.0,ae,NO_PROGRAMMES,,,
mena-other,West.Elbalad.Zaman.ae,West Elbalad Zaman,NO_EPG,65,0,0,0.0,0.0,0,0,0.0,0.0,0.0,ae,NO_PROGRAMMES,,,
mena-other,World.Fishing.Network.ae,World Fishing Network,REVIEW,92,0,97,47.47,48.45,0,97,0.0,100.0,0.0,ae,,EMPTY_DESC=97(100%),Flint River Walleye,Night Stalking Florida Crappie
mena-other,Wousta from Al Dhaid.sa,Wousta from Al Dhaid.sa,REVIEW,84,0,47,47.0,47.0,0,0,100.0,0.0,100.0,sa,,REPEATED_TITLE=100%; LOW_TITLE_DIVERSITY=2%,الوسطى من الذيد,الوسطى من الذيد
mena-other,Yalla.Mosar3a.ae,Yalla Mosar3a,NO_EPG,65,0,0,0.0,0.0,0,0,0.0,0.0,0.0,ae,NO_PROGRAMMES,,,
mena-other,Zarok.TV.ae,Zarok TV,NO_EPG,65,0,0,0.0,0.0,0,0,0.0,0.0,0.0,ae,NO_PROGRAMMES,,,
mena-other,Zee Aflam.sa,Zee Aflam.sa,PASS,100,1,27,51.0,51.0,0,0,100.0,0.0,100.0,sa,,,كيساري,غودباي
mena-other,Zee Alwan.sa,Zee Alwan.sa,PASS,100,1,47,47.0,47.0,0,0,100.0,0.0,100.0,sa,,,رحلة لاكشمي:الحلقة 43,الساحرات الأربعة:الحلقة 4
mena-other,Zekrayat.sa,Zekrayat.sa,PASS,100,1,57,47.0,47.0,0,0,100.0,0.0,100.0,sa,,,الخلاص,الفتى النبيل
mena-other,Çira.TV.ae,Çira TV,NO_EPG,65,0,0,0.0,0.0,0,0,0.0,0.0,0.0,ae,NO_PROGRAMMES,,,
mena-other,أبو ظبي.eg,أبو ظبي.eg,REVIEW,92,0,20,16.0,16.0,0,12,85.0,20.0,100.0,eg,,EMPTY_DESC=12(60%),برنامج اسرار الطعام,برنامج بيوتنا
mena-other,أو إس إن شو كايس.eg,أو إس إن شو كايس.eg,PASS,100,1,68,45.83,45.83,0,0,0.0,100.0,100.0,eg,,,Luck,2 Dope Queens
mena-other,أو إس إن فاميلي موفيز.eg,أو إس إن فاميلي موفيز.eg,PASS,100,1,9,13.83,13.83,0,0,0.0,100.0,100.0,eg,,,The Lorax,Alvin and the Chipmunks: The Road Chip
mena-other,أو إس إن كرايم.eg,أو إس إن كرايم.eg,REVIEW,92,0,53,45.58,45.58,0,0,0.0,100.0,100.0,eg,,LOW_TITLE_DIVERSITY=15%,Law & Order S25,Murder in a Small Town S2
mena-other,أو إس إن كوميدي.eg,أو إس إن كوميدي.eg,REVIEW,92,0,87,38.33,38.33,0,0,0.0,100.0,100.0,eg,,LOW_TITLE_DIVERSITY=9%,2 Broke Girls S6,2 Broke Girls S6
mena-other,أو إس إن كيدز.eg,أو إس إن كيدز.eg,PASS,100,1,67,15.08,15.08,0,0,3.0,97.0,100.0,eg,,,Dino Pops,Hot Wheels City S2
mena-other,أو إس إن موفيز أكشن.eg,أو إس إن موفيز أكشن.eg,PASS,100,1,8,15.67,15.67,0,0,0.0,100.0,100.0,eg,,,Greenland,Superman IV: The Quest for Peace
mena-other,أو إس إن موفيز بريميير.eg,أو إس إن موفيز بريميير.eg,PASS,100,1,8,17.25,17.25,0,0,0.0,100.0,100.0,eg,,,Zack Snyder's Justice League,The Little Things
mena-other,أو إس إن موفيز كوميدي.eg,أو إس إن موفيز كوميدي.eg,PASS,100,1,26,46.42,46.42,0,0,0.0,100.0,100.0,eg,,,Aloha,Magic in the Moonlight
mena-other,أو إس إن موفيز هوليوود.eg,أو إس إن موفيز هوليوود.eg,PASS,100,1,8,14.5,14.5,0,0,0.0,100.0,100.0,eg,,,Wonder Woman 1984,Jane Got a Gun
mena-other,أو إس إن وان.eg,أو إس إن وان.eg,REVIEW,92,0,57,38.67,38.67,0,6,10.5,100.0,100.0,eg,,EMPTY_DESC=6(11%),Extended Family,Extended Family
mena-other,أو إس إن ياهلا أفلام.eg,أو إس إن ياهلا أفلام.eg,PASS,100,1,28,46.58,46.58,0,0,92.9,7.1,100.0,eg,,,تسليم أهالي,ابن الحاج أحمد
mena-other,أو إس إن ياهلا بالعربي.eg,أو إس إن ياهلا بالعربي.eg,REVIEW,92,0,53,45.5,45.5,0,0,0.0,100.0,100.0,eg,,LOW_TITLE_DIVERSITY=15%,Deep in Love,Cranberry Sorbet
mena-other,أو إس إن ياهلا.eg,أو إس إن ياهلا.eg,REVIEW,92,0,61,45.67,45.67,0,0,100.0,0.0,100.0,eg,,LOW_TITLE_DIVERSITY=15%,وبينا ميعاد,وأنا أحبك بعد
mena-other,أو إٍس إن ناو.eg,أو إٍس إن ناو.eg,REVIEW,92,0,50,38.5,38.5,0,6,12.0,100.0,100.0,eg,,EMPTY_DESC=6(12%),"My Mum, Your Dad",Red Bull Driftbrothers
mena-other,إس بي سي.eg,إس بي سي.eg,REVIEW,92,0,15,15.0,15.0,0,4,100.0,0.0,100.0,eg,,EMPTY_DESC=4(27%),ولاد ناس,برنامج مطبخ ضحي
mena-other,إم بي سي 2.eg,إم بي سي 2.eg,REVIEW,92,0,33,45.0,45.0,0,3,21.2,87.9,100.0,eg,,EMPTY_DESC=3(9%),سكووب مع ريا,Batman Begins
mena-other,إم بي سي 3.eg,إم بي سي 3.eg,REVIEW,92,0,90,45.0,45.0,0,4,13.3,86.7,100.0,eg,,EMPTY_DESC=4(4%),PAW Patrol,برنامج أهلا سمسم
mena-other,إم بي سي 4.eg,إم بي سي 4.eg,REVIEW,92,0,55,45.42,45.42,0,4,41.8,60.0,100.0,eg,,EMPTY_DESC=4(7%),Wild Heart,Güller ve Günahlar
mena-other,إم بي سي 5.eg,إم بي سي 5.eg,REVIEW,92,0,53,47.0,47.0,0,9,69.8,30.2,100.0,eg,,EMPTY_DESC=9(17%),معلش إحنا بنتبهدل,Vanshaj
mena-other,إم بي سي أكشن.eg,إم بي سي أكشن.eg,REVIEW,92,0,46,46.0,46.0,0,26,76.1,76.1,100.0,eg,,EMPTY_DESC=26(57%),أكشن مع وليد,برنامج bear grylls
mena-other,إم بي سي العراق.eg,إم بي سي العراق.eg,REVIEW,92,0,53,46.25,46.25,0,3,77.4,22.6,100.0,eg,,EMPTY_DESC=3(6%),طيبة,عائلتي تربح
mena-other,إم بي سي بوليوود.eg,إم بي سي بوليوود.eg,PASS,100,1,33,45.75,45.75,0,0,12.1,87.9,100.0,eg,,,Parineetii,Mannat: Harr Khushi Paane Ki
mena-other,إم بي سي دراما.eg,إم بي سي دراما.eg,PASS,100,1,45,45.0,45.0,0,0,80.0,20.0,100.0,eg,,,باب الحارة ج3,المداح ج2: أسطورة الوادي
mena-other,إم بي سي ماكس.eg,إم بي سي ماكس.eg,REVIEW,92,0,33,46.17,46.17,0,5,18.2,97.0,100.0,eg,,EMPTY_DESC=5(15%),New Year's Eve,Crazy Stupid Love
mena-other,إم بي سي مصر 2.eg,إم بي سي مصر 2.eg,REVIEW,92,0,41,45.0,45.0,0,4,82.9,17.1,100.0,eg,,EMPTY_DESC=4(10%),قصر النيل,صباحك مصري
mena-other,إم بي سي مصر دراما.eg,إم بي سي مصر دراما.eg,REVIEW,92,0,55,45.17,45.17,0,0,81.8,18.2,100.0,eg,,LOW_TITLE_DIVERSITY=11%,Bahar,فكرة بمليون جنيه
mena-other,إم بي سي مصر.eg,إم بي سي مصر.eg,PASS,100,1,38,46.42,46.42,0,0,76.3,23.7,100.0,eg,,,الحكاية مع عمرو أديب,كلام الناس
mena-other,إم بي سي.eg,إم بي سي.eg,REVIEW,92,0,54,45.0,45.0,0,6,83.3,20.4,100.0,eg,,EMPTY_DESC=6(11%),Tozluyaka,علي كلاي
mena-other,إم تي في.eg,إم تي في.eg,REVIEW,92,0,55,45.17,45.17,0,33,89.1,12.7,100.0,eg,,EMPTY_DESC=33(60%),برنامج مشوار,أخبار
mena-other,ال دي سي.eg,ال دي سي.eg,REVIEW,92,0,36,38.0,38.0,0,16,100.0,13.9,100.0,eg,,EMPTY_DESC=16(44%),برنامج شمس الصباح,نهاركم سعيد
mena-other,الأولى المغربية.eg,الأولى المغربية.eg,REVIEW,92,0,66,45.0,45.0,0,33,77.3,0.0,100.0,eg,,EMPTY_DESC=33(50%),ﺍﻟﺴﻼﻡ ﺍﻟﻮﻃﻨﻲ + ﺍﻟﻘﺮﺁﻥ ﺍﻟﻜﺮﻳﻢ,أحوال الطقس
mena-other,التلفزيون العربي 2.eg,التلفزيون العربي 2.eg,REVIEW,92,0,54,45.0,45.0,0,46,100.0,5.6,100.0,eg,,EMPTY_DESC=46(85%),برنامج افضل فنون العمارة,برنامج عالم البهارات
mena-other,الوسط.eg,الوسط.eg,REVIEW,92,0,57,44.25,45.25,0,43,91.2,8.8,100.0,eg,,EMPTY_DESC=43(75%),برنامج,برنامج حكاية أغنية
mena-other,ان ايتش كي الدولي.ps,ان ايتش كي الدولي.ps,REVIEW,92,0,56,17.98,17.98,0,56,0.0,100.0,0.0,ps,,EMPTY_DESC=56(100%),NHK Newsline,The Factory Wonders
mena-other,اﻹمارات.eg,اﻹمارات.eg,REVIEW,92,0,54,39.5,39.5,0,20,100.0,0.0,100.0,eg,,EMPTY_DESC=20(37%),برنامج صباح الإمارات,عين الذيب
mena-other,بي إن سيريس إتش دي 2.eg,بي إن سيريس إتش دي 2.eg,PASS,100,1,17,14.42,14.42,0,0,0.0,100.0,100.0,eg,,,Black Clover S3,Black Clover S3
mena-other,بي إن سيريس.eg,بي إن سيريس.eg,PASS,100,1,14,14.0,14.0,0,0,0.0,85.7,100.0,eg,,,Shark Tank,Matlock S2
mena-other,بي إن موفيز أكشن.eg,بي إن موفيز أكشن.eg,PASS,100,1,25,47.27,47.27,0,0,0.0,100.0,100.0,eg,,,Men in Black: International,My Nanny Stole My Life
mena-other,بي إن موفيز بريمير.eg,بي إن موفيز بريمير.eg,PASS,100,1,25,46.77,46.77,0,0,0.0,100.0,100.0,eg,,,High Ground,Force of Nature: The Dry 2
mena-other,بي إن موفيز دراما.eg,بي إن موفيز دراما.eg,PASS,100,1,25,46.0,46.0,0,0,0.0,100.0,100.0,eg,,,Christmas at the Chalet,The Addams Family
mena-other,بي إن موفيز فاميلي.eg,بي إن موفيز فاميلي.eg,PASS,100,1,29,48.02,48.02,0,0,0.0,100.0,100.0,eg,,,Paddington in Peru,Are We Done Yet?
mena-other,بي بي سي وورلد نيوز.ps,بي بي سي وورلد نيوز.ps,REVIEW,92,0,46,17.98,17.98,0,46,0.0,100.0,0.0,ps,,EMPTY_DESC=46(100%),BBC News,Business Today
mena-other,تن.eg,تن.eg,REVIEW,92,0,44,46.0,46.0,0,28,100.0,0.0,100.0,eg,,EMPTY_DESC=28(64%),برنامج,برنامج
mena-other,دبي.eg,دبي.eg,REVIEW,92,0,45,38.0,38.0,0,20,75.6,26.7,100.0,eg,,EMPTY_DESC=20(44%),Baba,قيد مجهول
mena-other,دي إم سي.eg,دي إم سي.eg,REVIEW,84,0,20,35.33,35.33,0,9,100.0,0.0,100.0,eg,,LONG_GT_6H=1; EMPTY_DESC=9(45%),حفل غنائي,فيلم عربي
mena-other,رؤيا.eg,رؤيا.eg,REVIEW,92,0,36,46.0,46.0,0,10,100.0,0.0,100.0,eg,,EMPTY_DESC=10(28%),دنيا يا دنيا,مطبخ رؤيا
mena-other,روتانا سينما.eg,روتانا سينما.eg,PASS,100,1,23,42.0,42.0,0,0,100.0,0.0,100.0,eg,,,عفريت ترانزيت,عسل إسود
mena-other,زي ألوان.eg,زي ألوان.eg,PASS,100,1,14,14.0,14.0,0,0,21.4,78.6,100.0,eg,,,Lakshmi's Lucky Destiny,Sunflower
mena-other,ستار ورلد.eg,ستار ورلد.eg,REVIEW,92,0,16,14.42,14.42,0,1,6.2,100.0,100.0,eg,,EMPTY_DESC=1(6%),برنامج Next Level Chef,MasterChef Australia S15
mena-other,عمان.eg,عمان.eg,REVIEW,92,0,84,45.5,45.5,0,45,85.7,14.3,100.0,eg,,EMPTY_DESC=45(54%),برنامج قهوة الصباح,نشرة أخبار الحادية عشر
mena-other,قناة العاصوف.ae,قناة العاصوف.ae,PASS,100,1,9,6.55,6.55,0,0,100.0,0.0,100.0,ae,,,العاصوف الموسم 3 الحلقة 14,العاصوف الموسم 3 الحلقة 15
mena-other,قناة الكبير أوي.ae,قناة الكبير أوي.ae,PASS,100,1,13,6.58,6.58,0,0,100.0,0.0,100.0,ae,,,الكبير أوي الموسم 7 الحلقة 29,الكبير أوي الموسم 7 الحلقة 30
mena-other,قناة اللعبة.ae,قناة اللعبة.ae,PASS,100,1,48,29.4,29.4,0,0,100.0,0.0,100.0,ae,,,اللعبة: دوري الأبطال موسم 4 حلقة 8,اللعبة: دوري الأبطال موسم 4 حلقة 9
mena-other,قناة طاش.ae,قناة طاش.ae,PASS,100,1,11,6.2,6.2,0,0,100.0,0.0,100.0,ae,,,طاش ما طاش موسم 17 حلقة 19,طاش ما طاش موسم 17 حلقة 20
mena-other,قناة مسرح مصر.ae,قناة مسرح مصر.ae,PASS,100,1,5,6.47,6.47,0,0,100.0,0.0,100.0,ae,,,مسرح مصر موسم 2 حلقة 20,مسرح مصر الموسم 4 الحلقة 20
mena-other,ميكس وان.eg,ميكس وان.eg,REVIEW,92,0,41,45.0,45.0,0,7,46.3,53.7,100.0,eg,,EMPTY_DESC=7(17%),كيد النسا ج1,Forbidden Love
mena-other,ميكس.eg,ميكس.eg,NO_EPG,65,0,0,0.0,0.0,0,0,0.0,0.0,0.0,eg,NO_PROGRAMMES,,,
mena-other,ناصر القصبي.ae,ناصر القصبي.ae,PASS,100,1,38,28.97,28.97,0,0,100.0,0.0,100.0,ae,,,ابو الملايين موسم 1 حلقة 4,ابو الملايين موسم 1 حلقة 5
mena-other,نايل دراما.eg,نايل دراما.eg,PASS,100,1,14,14.0,14.0,0,0,100.0,0.0,100.0,eg,,,رأفت الهجان ج1,حلم الجنوبي
mena-other,نتورك بالعربية.eg,نتورك بالعربية.eg,PASS,100,1,45,45.0,45.0,0,0,0.0,100.0,100.0,eg,,,The Amazing World of Gumball S1,Ben 10 S1
mena-other,وان دراما.eg,وان دراما.eg,PASS,100,1,15,15.0,15.0,0,0,0.0,100.0,100.0,eg,,,Establishment: Osman S1,Cherry Season
mena-other,وان موفيز.eg,وان موفيز.eg,NO_EPG,65,0,0,0.0,0.0,0,0,0.0,0.0,0.0,eg,NO_PROGRAMMES,,,
