shard,id,name,verdict,score,auto_lock,events,coverage_h,span_h,gaps_gt_2h,empty_desc,title_ar_pct,title_latin_pct,desc_ar_pct,feed_country,issues,warnings,preview_1,preview_2
provider-alkass,2023 Alkass 1.qa,2023 Alkass 1.qa,REVIEW,84,0,16,17.98,17.98,0,0,0.0,100.0,100.0,qa,,STALE_YEAR_IN_ID; ARABIC_PROVIDER_TITLE_AR_LOW=0%,The Council,Preview
provider-alkass,2023 Alkass 2.qa,2023 Alkass 2.qa,REVIEW,84,0,18,17.48,17.48,0,0,0.0,100.0,100.0,qa,,STALE_YEAR_IN_ID; ARABIC_PROVIDER_TITLE_AR_LOW=0%,Dawry Al Darajah Al Thanya Al Qatary,Sport Confidential
provider-alkass,2023 Alkass 3.qa,2023 Alkass 3.qa,REVIEW,84,0,17,20.98,21.5,0,0,0.0,100.0,100.0,qa,,STALE_YEAR_IN_ID; ARABIC_PROVIDER_TITLE_AR_LOW=0%,Golmania,Botoulat Asia Lel Shabab Lekorat Al Yad
provider-alkass,2023 Alkass 4.qa,2023 Alkass 4.qa,REVIEW,76,0,14,16.73,16.73,0,0,0.0,100.0,100.0,qa,,LONG_GT_6H=1; STALE_YEAR_IN_ID; ARABIC_PROVIDER_TITLE_AR_LOW=0%,Auto Mundial,King of the Court Beach Volleyball Championship
provider-alkass,2023 Alkass 5.qa,2023 Alkass 5.qa,REVIEW,84,0,18,17.48,17.48,0,0,0.0,100.0,100.0,qa,,STALE_YEAR_IN_ID; ARABIC_PROVIDER_TITLE_AR_LOW=0%,Second Division / Lusail VS Al Bidda,SPORT CONFIDENTIAL
provider-alkass,2023 Alkass 6.qa,2023 Alkass 6.qa,REVIEW,92,0,42,44.97,46.0,0,0,100.0,0.0,100.0,qa,,STALE_YEAR_IN_ID,دوري الدرجة الثانية القطري,فيبا وورلد باسكت بول
provider-alkass,2023 Alkass 7.qa,2023 Alkass 7.qa,REVIEW,92,0,43,45.22,46.25,0,0,100.0,0.0,100.0,qa,,STALE_YEAR_IN_ID,معرض كتارا الدولي للصيد والصقور سهيل,أخبار
provider-alkass,2023 Alkass 8.qa,2023 Alkass 8.qa,REVIEW,92,0,34,45.97,47.0,0,0,100.0,0.0,100.0,qa,,STALE_YEAR_IN_ID,سباق الهجن,دوري نجوم قطر
provider-alkass,AlkassFive.qa@SD,Alkass Five,PASS,100,1,13,16.0,16.0,0,0,100.0,0.0,100.0,qa,,,مهرجان يورك إيبور,بطولة آسيا للشباب لكرة اليد
provider-bein,4k_DIGITAL_Mono_AR.bein,4k_DIGITAL_Mono_AR,REVIEW,92,0,19,37.05,37.05,0,0,73.7,100.0,100.0,,,DUPLICATE_TIMELINE_GROUP=2; DUPLICATE_TIMELINE_UNRELATED,Main Race - F1 Spanish Grand Prix - FIA Formula 1 World Championship,Live : rpool v Fulham - الدوري الإنجليزي الممتاز
provider-bein,beIN Drama.eg,beIN Drama.eg,REVIEW,84,0,14,13.0,13.0,0,14,7.1,100.0,0.0,eg,,EMPTY_DESC=14(100%); PREMIUM_AR_DESC_LOW=0%,Mazad El Shar,Sarab
provider-bein,BEIN MOVIES ACTION.eg,BEIN MOVIES ACTION.eg,REVIEW,84,0,26,49.77,49.77,0,26,0.0,100.0,0.0,eg,,EMPTY_DESC=26(100%); PREMIUM_AR_DESC_LOW=0%,Men in Black: International,My Nanny Stole My Life
provider-bein,BEIN MOVIES DRAMA.eg,BEIN MOVIES DRAMA.eg,REVIEW,84,0,27,49.48,49.48,0,27,0.0,100.0,0.0,eg,,EMPTY_DESC=27(100%); PREMIUM_AR_DESC_LOW=0%,The Addams Family,Forrest Gump
provider-bein,BEIN MOVIES FAMILY.eg,BEIN MOVIES FAMILY.eg,REVIEW,84,0,29,48.0,48.0,0,29,0.0,100.0,0.0,eg,,EMPTY_DESC=29(100%); PREMIUM_AR_DESC_LOW=0%,Are We Done Yet?,Paw Patrol: Jet to the Rescue
provider-bein,BEIN MOVIES PREMIERE.eg,BEIN MOVIES PREMIERE.eg,REVIEW,84,0,26,48.27,48.27,0,26,0.0,100.0,0.0,eg,,EMPTY_DESC=26(100%); PREMIUM_AR_DESC_LOW=0%,Force of Nature: The Dry 2,Adulthood
provider-bein,BeIn Series HD 1.eg,BeIn Series HD 1.eg,REVIEW,84,0,13,13.0,13.0,0,13,0.0,84.6,0.0,eg,,EMPTY_DESC=13(100%); PREMIUM_AR_DESC_LOW=0%,Matlock S2,The Good Doctor S1
provider-bein,beIN Series HD 2.eg,beIN Series HD 2.eg,REVIEW,84,0,15,13.42,13.42,0,15,0.0,100.0,0.0,eg,,EMPTY_DESC=15(100%); PREMIUM_AR_DESC_LOW=0%,NCIS: Sydney S3,King & Conqueror
provider-bein,beIN SPORTS 1.qa,beIN SPORTS 1.qa,PASS,100,1,37,44.5,44.5,0,0,89.2,100.0,100.0,qa,,,Manchester United vs Manchester City - الدوري الإنجليزي الممتاز,UEL/UECL Magazine - مجلة 2026/2027 -UEL MD1 Preview - تقديم
provider-bein,beIN SPORTS EN 1.qa,beIN SPORTS EN 1.qa,PASS,100,1,39,44.17,44.17,0,0,76.9,100.0,100.0,qa,,,Manchester United vs Manchester City - الدوري الإنجليزي الممتاز,Japan vs Thailand - Football Women's - Asian Games Aichi-Nagoya 2026 - FBL01
provider-bein,beIN SPORTS EN 2.qa,beIN SPORTS EN 2.qa,PASS,100,1,35,45.92,45.92,0,0,28.6,100.0,100.0,qa,,,Chinese Taipei vs Vietnam - Football Women's - Asian Games Aichi-Nagoya 2026 - FBL01,Premier Padel Highlights - ملخص 2026 - Madrid P1
provider-bein,bein SPORTS FTA DIGITAL.qa,bein SPORTS FTA DIGITAL.qa,PASS,100,1,26,44.17,44.67,0,0,0.0,100.0,100.0,qa,,,China vs Philippines - Basketball Men - Asian Games Aichi-Nagoya 2026 - BKB06,Chinese Taipei vs Vietnam - Football Women's - Asian Games Aichi-Nagoya 2026 - FBL01
provider-bein,beIN SPORTS MAX 1.qa,beIN SPORTS MAX 1.qa,NO_EPG,65,0,0,0.0,0.0,0,0,0.0,0.0,0.0,qa,NO_PROGRAMMES,,,
provider-bein,beIN SPORTS MAX 2.qa,beIN SPORTS MAX 2.qa,NO_EPG,65,0,0,0.0,0.0,0,0,0.0,0.0,0.0,qa,NO_PROGRAMMES,,,
provider-bein,beIN SPORTS MAX 3.qa,beIN SPORTS MAX 3.qa,NO_EPG,65,0,0,0.0,0.0,0,0,0.0,0.0,0.0,qa,NO_PROGRAMMES,,,
provider-bein,beIN SPORTS MAX 4.qa,beIN SPORTS MAX 4.qa,NO_EPG,65,0,0,0.0,0.0,0,0,0.0,0.0,0.0,qa,NO_PROGRAMMES,,,
provider-bein,beIN SPORTS MAX 5.qa,beIN SPORTS MAX 5.qa,NO_EPG,65,0,0,0.0,0.0,0,0,0.0,0.0,0.0,qa,NO_PROGRAMMES,,,
provider-bein,beIN SPORTS MAX 6.qa,beIN SPORTS MAX 6.qa,NO_EPG,65,0,0,0.0,0.0,0,0,0.0,0.0,0.0,qa,NO_PROGRAMMES,,,
provider-bein,beIN SPORTS NEWS.qa,beIN SPORTS NEWS.qa,PASS,100,1,78,45.0,45.0,0,0,32.1,100.0,100.0,qa,,,Al Hassad,News Bulletin - نشرة الأخبار
provider-bein,beIN SPORTS XTRA 04 bein.com.qa,beIN SPORTS XTRA 04 bein.com.qa,NO_EPG,65,0,0,0.0,0.0,0,0,0.0,0.0,0.0,qa,NO_PROGRAMMES,,,
provider-bein,beIN SPORTS XTRA 05 bein.com.qa,beIN SPORTS XTRA 05 bein.com.qa,NO_EPG,65,0,0,0.0,0.0,0,0,0.0,0.0,0.0,qa,NO_PROGRAMMES,,,
provider-bein,beIN SPORTS XTRA 3.qa,beIN SPORTS XTRA 3.qa,NO_EPG,65,0,0,0.0,0.0,0,0,0.0,0.0,0.0,qa,NO_PROGRAMMES,,,
provider-bein,beIN SPORTS XTRA 4.qa,beIN SPORTS XTRA 4.qa,NO_EPG,65,0,0,0.0,0.0,0,0,0.0,0.0,0.0,qa,NO_PROGRAMMES,,,
provider-bein,beIN SPORTS XTRA 5.qa,beIN SPORTS XTRA 5.qa,NO_EPG,65,0,0,0.0,0.0,0,0,0.0,0.0,0.0,qa,NO_PROGRAMMES,,,
provider-bein,beIN SPORTS XTRA 6.qa,beIN SPORTS XTRA 6.qa,NO_EPG,65,0,0,0.0,0.0,0,0,0.0,0.0,0.0,qa,NO_PROGRAMMES,,,
provider-bein,beIN SPORTS XTRA 7.qa,beIN SPORTS XTRA 7.qa,NO_EPG,65,0,0,0.0,0.0,0,0,0.0,0.0,0.0,qa,NO_PROGRAMMES,,,
provider-bein,beIN SPORTS XTRA 8.qa,beIN SPORTS XTRA 8.qa,NO_EPG,65,0,0,0.0,0.0,0,0,0.0,0.0,0.0,qa,NO_PROGRAMMES,,,
provider-bein,beIN SPORTS XTRA 9.qa,beIN SPORTS XTRA 9.qa,NO_EPG,65,0,0,0.0,0.0,0,0,0.0,0.0,0.0,qa,NO_PROGRAMMES,,,
provider-bein,beIN SPORTS-boxoffice-bein.com.qa,beIN SPORTS-boxoffice-bein.com.qa,PASS,100,1,27,45.13,46.17,0,0,0.0,100.0,100.0,qa,,,Enhanced,Notre - Dame On Fire
provider-bein,beIN SPORTS.qa,beIN SPORTS.qa,REVIEW,92,0,22,44.92,44.92,0,0,0.0,100.0,100.0,qa,,LONG_GT_6H=1,Chinese Taipei vs Vietnam - Football Women's - Asian Games Aichi-Nagoya 2026 - FBL01,Arab Participation In Asian Games
provider-bein,bein.com-05.qa,bein.com-05.qa,NO_EPG,65,0,0,0.0,0.0,0,0,0.0,0.0,0.0,qa,NO_PROGRAMMES,,,
provider-bein,bein.com-06.qa,bein.com-06.qa,NO_EPG,65,0,0,0.0,0.0,0,0,0.0,0.0,0.0,qa,NO_PROGRAMMES,,,
provider-bein,bein.com-07.qa,bein.com-07.qa,NO_EPG,65,0,0,0.0,0.0,0,0,0.0,0.0,0.0,qa,NO_PROGRAMMES,,,
provider-bein,bein.com-08.qa,bein.com-08.qa,NO_EPG,65,0,0,0.0,0.0,0,0,0.0,0.0,0.0,qa,NO_PROGRAMMES,,,
provider-bein,beIN4K.qa@SD,beIN 4K,REVIEW,92,0,19,37.05,37.05,0,0,73.7,100.0,100.0,qa,,DUPLICATE_TIMELINE_GROUP=2; DUPLICATE_TIMELINE_UNRELATED,Main Race - F1 Spanish Grand Prix - FIA Formula 1 World Championship,Live : rpool v Fulham - الدوري الإنجليزي الممتاز
provider-bein,beIN_SPORTS3_DIGITAL_Mono_EN.bein,beIN_SPORTS3_DIGITAL_Mono_EN,REVIEW,92,0,13,28.75,50.75,1,0,0.0,100.0,100.0,,,GAPS_GT_2H=1/TOTAL=22.0h,Levante vs Barcelona,West Ham Utd vs Wrexham
provider-bein,beIN_SPORTS4_DIGITAL_Mono_EN.bein,beIN_SPORTS4_DIGITAL_Mono_EN,REVIEW,92,0,15,29.42,51.0,1,0,13.3,100.0,100.0,,,GAPS_GT_2H=1/TOTAL=21.6h,Levante vs Barcelona,Al Qadsiah (KSA) vs Al Wasl (UAE)
provider-bein,beIN_SPORTS5_DIGITAL_Mono_EN.bein,beIN_SPORTS5_DIGITAL_Mono_EN,PASS,100,1,18,42.25,42.25,0,0,5.6,100.0,100.0,,,,Korea Republic vs Ecuador,Auxerre vs Nice
provider-bein,beIN_SPORTS7_DIGITAL_Mono_EN.bein,beIN_SPORTS7_DIGITAL_Mono_EN,REVIEW,92,0,12,30.0,51.0,1,0,0.0,100.0,100.0,,,GAPS_GT_2H=1/TOTAL=21.0h,Aryna Sabalenka vs Elena Rybakina,Christian Harrison (USA) vs Xinran Sun (CHN) vs Neal Skupski (GBR) vs Kevin Krawietz (GER)
provider-bein,beIN_SPORTS_XTRA_06_bein.com_EN.bein,beIN_SPORTS_XTRA_06_bein.com_EN,NO_EPG,65,0,0,0.0,0.0,0,0,0.0,0.0,0.0,,NO_PROGRAMMES,,,
provider-bein,beIN_SPORTS_XTRA_07_bein.com_EN.bein,beIN_SPORTS_XTRA_07_bein.com_EN,NO_EPG,65,0,0,0.0,0.0,0,0,0.0,0.0,0.0,,NO_PROGRAMMES,,,
provider-bein,beIN_SPORTS_XTRA_08_Bein.com_EN.bein,beIN_SPORTS_XTRA_08_Bein.com_EN,NO_EPG,65,0,0,0.0,0.0,0,0,0.0,0.0,0.0,,NO_PROGRAMMES,,,
provider-bein,beIN_SPORTS_XTRA_Digital_09_Bein.com_EN.bein,beIN_SPORTS_XTRA_Digital_09_Bein.com_EN,NO_EPG,65,0,0,0.0,0.0,0,0,0.0,0.0,0.0,,NO_PROGRAMMES,,,
provider-bein,beINDrama1.qa@SD,بي إن دراما,REVIEW,84,0,14,13.0,13.0,0,1,100.0,7.1,100.0,qa,,EMPTY_DESC=1(7%); PREMIUM_TITLE_LATIN_LOW=7%,مزاد الشر,سراب
provider-bein,beINGourmet.qa@SD,beINGOURMET,REVIEW,76,0,13,13.0,13.0,0,13,100.0,69.2,0.0,qa,,EMPTY_DESC=13(100%); PREMIUM_TITLE_LATIN_LOW=69%; PREMIUM_AR_DESC_LOW=0%,سوبر موم S1,Al Dar Alkabira S2 EP 7
provider-bein,beINMovies1Premiere.qa@SD,beINMOVIES1,REVIEW,76,0,19,37.02,37.02,0,19,100.0,0.0,0.0,qa,,EMPTY_DESC=19(100%); PREMIUM_TITLE_LATIN_LOW=0%; PREMIUM_AR_DESC_LOW=0%,قوة الطبيعة: الجفاف,البلوغ
provider-bein,beINMovies2Action.qa@SD,beINMOVIES2,REVIEW,76,0,21,39.02,39.02,0,21,100.0,0.0,0.0,qa,,EMPTY_DESC=21(100%); PREMIUM_TITLE_LATIN_LOW=0%; PREMIUM_AR_DESC_LOW=0%,رجال بملابس السوداء: دوليين,ظلال الشك
provider-bein,beINMovies3Drama.qa@SD,beINMOVIES3,REVIEW,76,0,20,37.72,37.72,0,20,100.0,15.0,0.0,qa,,EMPTY_DESC=20(100%); PREMIUM_TITLE_LATIN_LOW=15%; PREMIUM_AR_DESC_LOW=0%,عائلة آدامز,فورست جامب
provider-bein,beINMovies4Family.qa@SD,beINMOVIES4,REVIEW,76,0,9,14.25,14.25,0,9,100.0,0.0,0.0,qa,,EMPTY_DESC=9(100%); PREMIUM_TITLE_LATIN_LOW=0%; PREMIUM_AR_DESC_LOW=0%,الموبتس يغزون مانهاتن,دوريات المخلاب: طائرة الإنقاذ
provider-bein,beINSeries1.qa@SD,beINSERIES1,REVIEW,84,0,14,13.0,13.0,0,14,100.0,85.7,0.0,qa,,EMPTY_DESC=14(100%); PREMIUM_AR_DESC_LOW=0%,E19 | S2 وثيقة,The Good Doctor S1 | E10
provider-bein,beINSeries2.qa@SD,بي إن سيريس إتش...,PASS,100,1,13,11.0,11.0,0,0,100.0,100.0,100.0,qa,,,From,Your Honor
provider-bein,beINSports2.qa@MENA,beINSPORTS2,REVIEW,92,0,24,48.17,48.17,0,0,83.3,100.0,100.0,qa,,LONG_GT_6H=1,North Korea vs Bangladesh - Football Women's - Asian Games Aichi-Nagoya 2026 - FBL02,Sunderland vs Arsenal - الدوري الإنجليزي الممتاز
provider-bein,beINSports3.qa@MENA,beINSPORTS3,PASS,100,1,26,46.25,46.25,0,0,96.2,100.0,100.0,qa,,,Real Sociedad vs Atletico Madrid - الدوري الإسباني,Getafe vs Deportivo La Coruna - الدوري الإسباني
provider-bein,beINSports4.qa@MENA,beINSPORT4,PASS,100,1,26,46.13,46.13,0,0,73.1,100.0,100.0,qa,,,Portugal vs Costa Rica - FIFA U-20 Women World Cup,Auxerre vs Nice - الدوري الفرنسي
provider-bein,beINSports5.qa@MENA,beINSPORTS5,PASS,100,1,21,48.0,48.0,0,0,61.9,100.0,100.0,qa,,,Celta Vigo vs Malaga - الدوري الإسباني,Valladolid vs Oviedo - الدوري الإسباني Hypermotion
provider-bein,beINSports6.qa@MENA,beINSPORTS6,REVIEW,92,0,21,38.0,40.83,1,0,42.9,100.0,100.0,qa,,GAPS_GT_2H=1/TOTAL=2.8h,Rennes vs Marseille - الدوري الفرنسي,Premier Padel - Paris Major - Claudia Fernandez Sanchez Esp Martina Calvo Esp vs Ariana Sanchez Fall
provider-bein,beINSports7.qa@MENA,beINSPORTS7,PASS,100,1,19,46.92,46.92,0,0,0.0,100.0,100.0,qa,,,Katerina Siniakova (CZE) / Taylor Townsend (USA) vs Ashlyn Krueger (USA) / Robin Montgomery (USA),Ghana vs France - FIFA U-20 Women World Cup
provider-bein,beINSports8.qa@MENA,beINSPORTS8,PASS,100,1,32,45.17,45.17,0,0,6.2,100.0,100.0,qa,,,Feature Race 1 - Madrid Round - FIA Formula 3 Championship,Qualifying - Moto 2 - San Marino GP
provider-bein,beINSports9.qa@MENA,beINSPORTS9,PASS,100,1,34,44.5,44.5,0,0,0.0,100.0,100.0,qa,,,Longines Global Champions Tour - Cannes Jumping - Round 1 Competition Team,M1 Qterminals Qatar Classic 2026 - Glass Court
provider-bein,beINSportsMax1.qa@MENA,beINSPORTSMAX1,NO_EPG,65,0,0,0.0,0.0,0,0,0.0,0.0,0.0,qa,NO_PROGRAMMES,,,
provider-bein,beINSportsMax2.qa@MENA,beINSPORTSMAX2,NO_EPG,65,0,0,0.0,0.0,0,0,0.0,0.0,0.0,qa,NO_PROGRAMMES,,,
provider-bein,beINSportsMax3.qa@MENA,beINSPORTSMAX3,NO_EPG,65,0,0,0.0,0.0,0,0,0.0,0.0,0.0,qa,NO_PROGRAMMES,,,
provider-bein,beINSportsMax4.qa@MENA,beINSPORTSMAX4,NO_EPG,65,0,0,0.0,0.0,0,0,0.0,0.0,0.0,qa,NO_PROGRAMMES,,,
provider-bein,beINSportsMax5.qa@MENA,beINSPORTSMAX5,NO_EPG,65,0,0,0.0,0.0,0,0,0.0,0.0,0.0,qa,NO_PROGRAMMES,,,
provider-bein,beINSportsMax6.qa@MENA,beINSPORTSMAX6,NO_EPG,65,0,0,0.0,0.0,0,0,0.0,0.0,0.0,qa,NO_PROGRAMMES,,,
provider-bein,beINSportsXtra1.qa@SD,beIN SPORTS XTRA 1,NO_EPG,65,0,0,0.0,0.0,0,0,0.0,0.0,0.0,qa,NO_PROGRAMMES,,,
provider-bein,beINSportsXtra2.qa@SD,beIN SPORTS XTRA 2,NO_EPG,65,0,0,0.0,0.0,0,0,0.0,0.0,0.0,qa,NO_PROGRAMMES,,,
provider-bein,beINSPORTSXTRA3.qa,beINSPORTSXTRA3.qa,NO_EPG,65,0,0,0.0,0.0,0,0,0.0,0.0,0.0,qa,NO_PROGRAMMES,,,
provider-bein,NEWS_DIGITAL_Mono_AR.bein,NEWS_DIGITAL_Mono_AR,REVIEW,92,0,74,41.0,41.0,0,0,100.0,100.0,100.0,,,DUPLICATE_TIMELINE_GROUP=2,News Bulletin - نشرة الأخبار,Special Interview
provider-bein,NEWS_DIGITAL_Mono_EN.bein,NEWS_DIGITAL_Mono_EN,REVIEW,92,0,74,41.0,41.0,0,0,33.8,100.0,100.0,,,DUPLICATE_TIMELINE_GROUP=2,News Bulletin - نشرة الأخبار,Special Interview
provider-osn,Osn Ya Hala Aflam.eg,Osn Ya Hala Aflam.eg,REVIEW,84,0,30,49.67,49.67,0,30,0.0,100.0,0.0,eg,,EMPTY_DESC=30(100%); PREMIUM_AR_DESC_LOW=0%,Taslim Ahali,Ibn El Hajj Ahmad
provider-osn,OSN Ya Hala.eg,OSN Ya Hala.eg,REVIEW,76,0,63,47.0,47.0,0,63,0.0,100.0,0.0,eg,,EMPTY_DESC=63(100%); LOW_TITLE_DIVERSITY=14%; PREMIUM_AR_DESC_LOW=0%,Al-Kabir Awy 7,Sama Alia
provider-osn,OSN.TV.ae,OSN TV,NO_EPG,65,0,0,0.0,0.0,0,0,0.0,0.0,0.0,ae,NO_PROGRAMMES,,,
provider-osn,OSNComedy.ae@SD,OSNtv Comedy,REVIEW,92,0,89,40.67,40.67,0,0,0.0,100.0,100.0,ae,,LOW_TITLE_DIVERSITY=15%,Friends S9,The Big Bang Theory S5
provider-osn,OSNKids.ae@SD,OSNtv Kids,REVIEW,92,0,206,40.9,40.9,0,0,0.0,100.0,100.0,ae,,LOW_TITLE_DIVERSITY=16%,The Croods: Family Tree S2,Tee and Mo
provider-osn,OSNMezze.ae@SD,OSNtv Mezze,REVIEW,92,0,41,41.25,41.25,0,0,0.0,100.0,100.0,ae,,LOW_TITLE_DIVERSITY=15%,Jason Athertons's Dubai Dishes,My Kitchen Rules Australia
provider-osn,OSNMoviesAction.ae@SD,OSNtv Movies Action,PASS,100,1,21,42.08,42.08,0,0,4.8,95.2,100.0,ae,,,Superman IV: The Quest for Peace,Superman : The Movie
provider-osn,OSNMoviesHollywood.ae@SD,OSNtv Movies Hollywood,PASS,100,1,24,44.08,44.08,0,0,8.3,91.7,100.0,ae,,,Wonder Woman 1984,Jane Got a Gun
provider-osn,OSNMoviesPremiere.ae@SD,OSNtv Movies Premiere,PASS,100,1,22,41.67,41.67,0,0,0.0,100.0,100.0,ae,,,The Little Things,In the Heights
provider-osn,OSNShowcase.ae@SD,OSNtv Showcase,PASS,100,1,62,40.75,40.75,0,0,0.0,100.0,100.0,ae,,,After the Thrones,After the Thrones
provider-osn,OSNtv Crime.sa,OSNtv Crime.sa,REVIEW,84,0,55,45.5,45.5,0,25,0.0,100.0,100.0,sa,,EMPTY_DESC=25(45%); LOW_TITLE_DIVERSITY=14%,Murder In A Small Town,Chicago Fire
provider-osn,OSNtv Documentary.sa,OSNtv Documentary.sa,REVIEW,84,0,14,15.83,15.83,0,14,0.0,100.0,0.0,sa,,EMPTY_DESC=14(100%); PREMIUM_AR_DESC_LOW=0%,I'll Be Gone In The Dark,Wise Guy: David Chase and the Sopranos
provider-osn,OSNtv iQIYI.sa,OSNtv iQIYI.sa,REVIEW,84,0,61,45.92,45.92,0,28,0.0,100.0,100.0,sa,,EMPTY_DESC=28(46%); LOW_TITLE_DIVERSITY=16%,My Mowgli Boy,The White Olive Tree
provider-osn,OSNtv Movies Comedy.sa,OSNtv Movies Comedy.sa,REVIEW,92,0,27,47.08,47.08,0,13,0.0,100.0,100.0,sa,,EMPTY_DESC=13(48%),Magic in the Moonlight,Mr. Morgan's Last Love
provider-osn,OSNtv Movies Family.sa,OSNtv Movies Family.sa,REVIEW,92,0,33,46.5,46.5,0,15,0.0,100.0,100.0,sa,,EMPTY_DESC=15(45%),Alvin And The Chipmunks: The Road Chip,The Lego Movie
provider-osn,OSNtv Movies Horror.sa,OSNtv Movies Horror.sa,REVIEW,92,0,28,47.58,47.58,0,13,0.0,100.0,100.0,sa,,EMPTY_DESC=13(46%),Keep Watching,Chatroom
provider-osn,OSNtv Now.sa,OSNtv Now.sa,REVIEW,92,0,59,45.83,45.83,0,26,0.0,100.0,100.0,sa,,EMPTY_DESC=26(44%),The Final Pitch: Dubai,CryptoKnights
provider-osn,OSNtv One.sa,OSNtv One.sa,REVIEW,92,0,66,45.42,45.42,0,30,0.0,100.0,100.0,sa,,EMPTY_DESC=30(45%),Night Court,Vigil
provider-osn,OSNtv Pop Up.sa,OSNtv Pop Up.sa,REVIEW,76,0,229,45.1,45.1,0,106,0.0,100.0,100.0,sa,,EMPTY_DESC=106(46%); REPEATED_TITLE=77%; LOW_TITLE_DIVERSITY=1%,The Amazing World Of Gumball,The Amazing World Of Gumball
provider-osn,OSNtv Showcase Classics.sa,OSNtv Showcase Classics.sa,REVIEW,92,0,57,45.5,45.5,0,26,0.0,100.0,100.0,sa,,EMPTY_DESC=26(46%),The Wire,Big Love
provider-osn,OSNYahala.ae@SD,OSNtv Yahala,REVIEW,92,0,54,40.58,40.58,0,0,0.0,100.0,100.0,ae,,LOW_TITLE_DIVERSITY=17%,El Kabeer Awy,Sama Aleya
provider-osn,OSNYahalaAflam.ae@SD,OSNtv Yahala Aflam,PASS,100,1,26,43.42,43.42,0,0,3.8,96.2,100.0,ae,,,Taslim Ahali,Ibn El Hajj Ahmad
provider-osn,OSNYahalaBilArabi.ae@SD,OSNtv Yahala Bil Arabi,PASS,100,1,48,41.17,41.17,0,0,0.0,100.0,100.0,ae,,,Sharab Al Toot AKA One Love,Ikhwaty
provider-mbc,Al Arabiya Business.sa,Al Arabiya Business.sa,REVIEW,92,0,45,46.0,46.0,0,0,100.0,53.3,100.0,sa,,LOW_TITLE_DIVERSITY=16%,نبض السوق,الأسواق العربية
provider-mbc,Al Arabiya.sa,Al Arabiya.sa,REVIEW,84,0,77,46.0,46.0,0,4,100.0,0.0,100.0,sa,,EMPTY_DESC=4(5%); LOW_TITLE_DIVERSITY=20%,الأخبار,نبض السوق
provider-mbc,Alarabiya.ae@SD,العربية,PASS,100,1,48,28.02,28.02,0,0,100.0,2.1,100.0,ae,,,أخبار العربية,نبض السوق
provider-mbc,AlArabiyaBusiness.ae@SD,العربية Business,REVIEW,84,0,14,14.02,28.02,1,1,100.0,0.0,100.0,ae,,EMPTY_DESC=1(7%); GAPS_GT_2H=1/TOTAL=14.0h,نبض السوق,الاسواق العربية
provider-mbc,AlArabiyaEnglish.sa@SD,AL Arabiya English,NO_EPG,65,0,0,0.0,0.0,0,0,0.0,0.0,0.0,sa,NO_PROGRAMMES,,,
provider-mbc,AlarabiyaPortrait.ae@SD,Al Arabiya,PASS,100,1,29,17.0,17.0,0,0,100.0,3.4,100.0,ae,,,أخبار العربية,نبض السوق
provider-mbc,AlArabiyaPrograms.ae,العربية برامج,NO_EPG,65,0,0,0.0,0.0,0,0,0.0,0.0,0.0,ae,NO_PROGRAMMES,,,
provider-mbc,AlHadath.sa@SD,Al Hadath,REVIEW,84,0,18,17.0,17.0,0,0,100.0,0.0,100.0,sa,,REPEATED_TITLE=89%; LOW_TITLE_DIVERSITY=17%,أخبار الحدث,أخبار الحدث
provider-mbc,EN:.MBC1.Iraq.sa,EN: MBC Iraq,REVIEW,68,0,87,46.58,48.75,1,87,0.0,100.0,0.0,sa,,EMPTY_DESC=87(100%); LOW_TITLE_DIVERSITY=15%; GAPS_GT_2H=1/TOTAL=2.2h; ARABIC_PROVIDER_TITLE_AR_LOW=0%,Al Nowaylati,TV guide is not available
provider-mbc,EN:.MBC1.Masr.sa,EN: MBC1 Masr,REVIEW,76,0,81,48.62,48.65,0,81,1.2,100.0,0.0,sa,,EMPTY_DESC=81(100%); LOW_TITLE_DIVERSITY=17%; ARABIC_PROVIDER_TITLE_AR_LOW=1%,TV guide is not available,Kalam El Nas
provider-mbc,MBC Egypt.eg,MBC Egypt.eg,REVIEW,84,0,41,50.67,50.67,0,41,0.0,100.0,0.0,eg,,EMPTY_DESC=41(100%); ARABIC_PROVIDER_TITLE_AR_LOW=0%,Alhikaya mae Amr Adib,Kalam Al Nas
provider-mbc,MBC Maser 2.sa,MBC Maser 2.sa,PASS,100,1,42,45.5,45.5,0,0,76.2,23.8,100.0,sa,,,صباحك مصري,وأزهر الحب
provider-mbc,MBC Maser.sa,MBC Maser.sa,PASS,100,1,39,47.28,47.28,0,0,79.5,20.5,94.9,sa,,,الحكاية مع عمرو أديب,كلام الناس
provider-mbc,MBC MASR 2.sa,MBC MASR 2.sa,PASS,100,1,42,45.5,45.5,0,0,100.0,0.0,100.0,sa,,,صباحك مصري,وأزهر الحب
provider-mbc,MBC Masr Drama.eg,MBC Masr Drama.eg,REVIEW,76,0,57,47.25,47.25,0,57,0.0,100.0,0.0,eg,,EMPTY_DESC=57(100%); LOW_TITLE_DIVERSITY=10%; ARABIC_PROVIDER_TITLE_AR_LOW=0%,Aa Al Hilwa Wa Al Morra,Al-Ostora
provider-mbc,MBC Plus eLife HD.sa,MBC Plus eLife HD.sa,PASS,100,1,48,45.48,45.48,0,0,100.0,4.2,100.0,sa,,,هيا الروح,صباح الخير يا عرب
provider-mbc,MBC Plus Variety HD.sa,MBC Plus Variety HD.sa,PASS,100,1,56,46.63,46.63,0,0,100.0,0.0,100.0,sa,,,ديمون سلير: كيميتسو نو ييبا,أزمة منتصف العمر
provider-mbc,MBC VARIETY.sa,MBC VARIETY.sa,PASS,100,1,56,46.67,46.67,0,0,100.0,0.0,100.0,sa,,,ديمون سلييَر: كيميتسو نو ييبا,أزمة منتصف العمر
provider-mbc,MBC.eg,MBC.eg,REVIEW,84,0,57,47.25,47.25,0,56,12.3,87.7,100.0,eg,,EMPTY_DESC=56(98%); ARABIC_PROVIDER_TITLE_AR_LOW=12%,Al Nwaylati,Sabah El Keer Ya Arab
provider-mbc,MBC1.ae@SD,MBC1,PASS,100,1,48,41.3,41.3,0,0,100.0,4.2,100.0,ae,,,النويلاتي,صباح الخير يا عرب
provider-mbc,MBC1USA.us@SD,MBC1,REVIEW,84,0,59,42.48,42.48,0,13,100.0,3.4,100.0,,,EMPTY_DESC=13(22%); PLACEHOLDER=13,نادينا,علي كلاي
provider-mbc,MBC2.ae@SD,MBC2,PASS,100,1,33,46.0,46.0,0,0,100.0,6.1,100.0,ae,,,باتمان بيغينز,ذا مان فرَم (U.N.C.L.E)
provider-mbc,MBC3.ae@SD,MBC 3,REVIEW,92,0,134,40.28,40.77,0,0,100.0,0.0,100.0,ae,,LOW_TITLE_DIVERSITY=16%,كوكونت: التنين الصغير,توكا: ذا ماستر كوك
provider-mbc,MBC3USA.us@SD,MBC3,REVIEW,76,0,180,41.12,41.12,0,16,100.0,58.3,100.0,,,EMPTY_DESC=16(9%); PLACEHOLDER=16; LOW_TITLE_DIVERSITY=9%,ايماجو,Virtual Guardians
provider-mbc,MBC4.ae@SD,MBC4,PASS,100,1,61,45.0,45.0,0,0,100.0,0.0,100.0,ae,,,إش إش,للموت
provider-mbc,MBC5.ae@SD,MBC 5,PASS,100,1,50,40.42,41.07,0,0,100.0,0.0,100.0,ae,,,أنا بنت أبي,بصراحة مع
provider-mbc,MBCAction.ae@SD,MBC Action,PASS,100,1,71,45.5,45.5,0,0,100.0,0.0,100.0,ae,,,بيير غريلز: ميشن سيرفايف,غو هارد أور غو هوم
provider-mbc,MBCBollywood.ae@SD,MBC Bollywood,PASS,100,1,42,46.5,46.5,0,0,100.0,0.0,100.0,ae,,,سر الحنين,ماهنور
provider-mbc,MBCDrama.ae@SD,MBC Drama,PASS,100,1,40,40.0,40.98,0,0,100.0,0.0,100.0,ae,,,المداح: أسطورة الوادي,الحفرة
provider-mbc,MBCDramaUSA.us@SD,MBC Drama,PASS,100,1,17,17.0,17.0,0,0,100.0,0.0,100.0,,,,المداح: أسطورة الوادي,كذبة إبريل
provider-mbc,MBCIraq.iq@SD,MBC Iraq,PASS,100,1,46,40.68,41.33,0,0,100.0,0.0,100.0,iq,,,النويلاتي,علي كلاي
provider-mbc,MBCMasr.eg@SD,MBC Masr,PASS,100,1,36,43.58,43.62,0,0,100.0,0.0,100.0,eg,,,الحكاية مع عمرو أديب,كلام الناس
provider-mbc,MBCMasr2.eg@SD,MBC Masr2,PASS,100,1,38,41.0,41.0,0,0,100.0,0.0,100.0,eg,,,صباحك مصري,وأزهر الحب
provider-mbc,MBCMasrDrama.sa@SD,مصر دراما,REVIEW,76,0,48,22.32,22.32,0,21,100.0,0.0,100.0,sa,,EMPTY_DESC=21(44%); PLACEHOLDER=21; LOW_TITLE_DIVERSITY=17%,ع الحلوة والمرة,جدول البرامج غير متاح
provider-mbc,MBCMasrUSA.us@SD,MBC Masr,PASS,100,1,38,42.13,42.13,0,0,100.0,0.0,100.0,,,,ما حدش فاهم حاجه,خمس نجوم
provider-mbc,MBCMax.ae@SD,MBC MAX,PASS,100,1,33,46.17,46.17,0,0,100.0,0.0,100.0,ae,,,نيو ييرز إيف,كريزي، ستيوبد، لوڤ
provider-mbc,MBCMood.sa@HD,MBC Mood,REVIEW,92,0,10,41.95,42.97,0,0,100.0,0.0,100.0,sa,,LONG_GT_6H=1,عيش المود,فيديو كليب
provider-mbc,MBCPersia.ae@SD,MBC Persia,REVIEW,84,0,74,40.85,40.85,0,15,100.0,5.4,100.0,ae,,EMPTY_DESC=15(20%); PLACEHOLDER=15,دوريات المخلاب,Pac-Man And The Ghostly Adventures
provider-mbc,MBCPlusDrama.sa@SD,MBC Plus Drama,REVIEW,92,0,55,41.25,41.25,0,0,100.0,0.0,100.0,sa,,LOW_TITLE_DIVERSITY=14%,بارينيتي,كذبة إبريل
provider-mbc,Wanasah.ae@SD,وناسه,NO_EPG,65,0,0,0.0,0.0,0,0,0.0,0.0,0.0,ae,NO_PROGRAMMES,,,
provider-mbc,Wanasah.sa,Wanasah.sa,REVIEW,84,0,46,46.0,46.0,0,0,100.0,0.0,100.0,sa,,REPEATED_TITLE=100%; LOW_TITLE_DIVERSITY=2%,وناسة,وناسة
provider-rotana,Rotana + HD.sa,Rotana + HD.sa,PASS,100,1,44,45.75,45.75,0,0,100.0,0.0,100.0,sa,,,الرجل الأخطر,ظلم المصطبة:الحلقة 1
provider-rotana,Rotana Aflam +.sa,Rotana Aflam +.sa,PASS,100,1,29,46.5,46.5,0,0,100.0,0.0,100.0,sa,,,العرضحالجي,الأولة في الغرام
provider-rotana,Rotana Cinema + US.sa,Rotana Cinema + US.sa,PASS,100,1,28,46.5,46.5,0,0,100.0,0.0,100.0,sa,,,عشان خارجين,خير وبركة
provider-rotana,Rotana Cinema Masr.sa,Rotana Cinema Masr.sa,PASS,100,1,26,48.0,48.0,0,0,100.0,0.0,100.0,sa,,,كده رضا,ساعة ونص
provider-rotana,Rotana Cinema.eg,Rotana Cinema.eg,PASS,100,1,25,46.0,46.0,0,0,100.0,0.0,100.0,eg,,,عسل إسود,مهمة صعبة جدآ
provider-rotana,Rotana Classic.eg,Rotana Classic.eg,PASS,100,1,32,47.0,47.0,0,0,100.0,0.0,100.0,eg,,,أبو كرتونة,بلبل أفندي
provider-rotana,Rotana Clip.sa,Rotana Clip.sa,REVIEW,84,0,46,46.0,46.0,0,0,100.0,0.0,100.0,sa,,REPEATED_TITLE=100%; LOW_TITLE_DIVERSITY=2%,أغاني وڤيديو كليب,أغاني وڤيديو كليب
provider-rotana,Rotana Comedy.sa,Rotana Comedy.sa,PASS,100,1,23,46.0,46.0,0,0,100.0,0.0,100.0,sa,,,طأطأ وريكا وكاظم بيه,ابن القنصل
provider-rotana,Rotana Drama.eg,Rotana Drama.eg,PASS,100,1,46,46.0,46.0,0,0,100.0,0.0,100.0,eg,,,قلوب من ماء:الحلقة 28,مسلسل انحراف:الحلقة 13
provider-rotana,Rotana Khalejia.eg,Rotana Khalejia.eg,REVIEW,92,0,44,40.0,40.0,0,44,45.5,54.5,0.0,eg,,EMPTY_DESC=44(100%),برنامج يا هلا,Fadda
provider-rotana,Rotana Khalijia HD.sa,Rotana Khalijia HD.sa,PASS,100,1,50,45.25,45.25,0,0,100.0,0.0,100.0,sa,,,يا هلا,أنا ولا أنا:الحلقة 13
provider-rotana,Rotana Kids.sa,Rotana Kids.sa,PASS,100,1,153,45.25,45.25,0,0,100.0,0.0,100.0,sa,,,أسطورة زورو:الحلقة 30,غون:الحلقة 77
provider-rotana,Rotana M+ HD.sa,Rotana M+ HD.sa,REVIEW,84,0,46,46.0,46.0,0,0,100.0,100.0,100.0,sa,,REPEATED_TITLE=100%; LOW_TITLE_DIVERSITY=2%,روتانا M+ HD,روتانا M+ HD
provider-rotana,Rotana Music HD.sa,Rotana Music HD.sa,REVIEW,84,0,46,46.0,46.0,0,0,100.0,0.0,100.0,sa,,REPEATED_TITLE=100%; LOW_TITLE_DIVERSITY=2%,موسيقى,موسيقى
provider-rotana,Rotana.Cinema.Egypt.ae,Rotana Cinema Egypt,REVIEW,84,0,27,50.0,50.0,0,27,0.0,100.0,0.0,ae,,EMPTY_DESC=27(100%); ARABIC_PROVIDER_TITLE_AR_LOW=0%,That Will Do,An Hour And A Half
provider-rotana,Rotana.Cinema.KSA.ae,Rotana Cinema KSA,REVIEW,84,0,27,50.0,50.0,0,27,0.0,100.0,0.0,ae,,EMPTY_DESC=27(100%); ARABIC_PROVIDER_TITLE_AR_LOW=0%,Ghost In Transit,Bittersweet
provider-rotana,Rotana.Tarab.Jordan.ae,Rotana Tarab Jordan,NO_EPG,65,0,0,0.0,0.0,0,0,0.0,0.0,0.0,ae,NO_PROGRAMMES,,,
provider-rotana,RotanaCinemaEgypt.eg@SD,روتانا سينما مصر,PASS,100,1,21,38.0,38.0,0,0,100.0,0.0,100.0,eg,,,الكنز الحقيقة والخيال,الكف
provider-rotana,RotanaCinemaKSA.sa@SD,روتانا سينما السعودية,PASS,100,1,22,40.0,40.0,0,0,100.0,0.0,100.0,sa,,,مهمة صعبة جدآ,هيبتا
provider-rotana,RotanaClassic.sa@SD,روتانا كلاسيك,PASS,100,1,28,40.0,40.0,0,0,100.0,0.0,100.0,sa,,,بلبل أفندي,خلف الكواليس و نجوم كلاسيك
provider-rotana,RotanaClip.sa@SD,روتانا كليب,REVIEW,92,0,138,13.53,13.53,0,138,100.0,0.0,0.0,sa,,EMPTY_DESC=138(100%),لفة,ماتخفش منى
provider-rotana,RotanaComedy.sa@SD,روتانا كوميدي,PASS,100,1,20,40.0,40.0,0,0,100.0,0.0,100.0,sa,,,ابن القنصل,البدلة
provider-rotana,RotanaDrama.sa@SD,روتانا دراما,REVIEW,92,0,38,38.0,38.0,0,0,100.0,0.0,100.0,sa,,LOW_TITLE_DIVERSITY=18%,وتقابل حبيب,طارق ونوف
provider-rotana,RotanaKhalijia.sa@SD,روتانا خليجية,PASS,100,1,42,38.0,38.0,0,0,100.0,0.0,100.0,sa,,,في الصورة الموسم ٧,روتانا سبورت مع وليد - الموسم الأول
provider-adm,Abu Dhabi TV HD.sa,Abu Dhabi TV HD.sa,PASS,100,1,58,46.17,46.17,0,0,100.0,0.0,100.0,sa,,,دقائق,بيوتنا
provider-adm,Abu Dhabi.sa,Abu Dhabi.sa,PASS,100,1,60,45.67,45.67,0,0,100.0,0.0,100.0,sa,,,دقائق,بيوتنا
provider-adm,AbuDhabiSports1.ae@SD,AD Sports 1 HD,PASS,100,1,47,46.0,46.0,0,0,100.0,0.0,100.0,ae,,,مونديال السيارات الرياضية,غوت - ذا غريتست أوف أوول تايم:بوكسينغ رايفلريز
provider-adm,AbuDhabiTV.ae@SD,Abu Dhabi TV HD,REVIEW,92,0,30,25.0,25.0,0,4,100.0,26.7,100.0,ae,,EMPTY_DESC=4(13%),أولاد الراعي,كسر عظم
provider-adm,AD Sports 2.sa,AD Sports 2.sa,PASS,100,1,46,46.75,46.75,0,0,100.0,0.0,100.0,sa,,,كأس فاطمة بنت مبارك للكرة الطائرة:نادي سموحة × سلوى صباح,كأس فاطمة بنت مبارك للكرة الطائرة:نادي إف بي إم إيه × 6 أكتوبر
provider-adm,AD Sports Premium 1.sa,AD Sports Premium 1.sa,REVIEW,84,0,46,46.75,46.75,0,0,32.6,67.4,100.0,sa,,LOW_TITLE_DIVERSITY=20%; ARABIC_PROVIDER_TITLE_AR_LOW=33%,الدوري الإيطالي:ساسولو × يوفنتوس,مجلة الدوري الإيطالي:الجولة 4
provider-adm,AD Sports Premium 2.sa,AD Sports Premium 2.sa,REVIEW,76,0,41,47.25,47.25,0,0,24.4,75.6,100.0,sa,,REPEATED_TITLE=76%; LOW_TITLE_DIVERSITY=17%; ARABIC_PROVIDER_TITLE_AR_LOW=24%,الدوري الإيطالي:نابولي × بولونيا,الدوري الإيطالي:ليتشي × مونزا
provider-adm,Al Emarat.sa,Al Emarat.sa,PASS,100,1,46,46.0,46.0,0,0,100.0,0.0,100.0,sa,,,عين الذيب,الأخبار
provider-adm,en:.AD.Sports.Extra.ae,en: AD Sports Extra,REVIEW,68,0,49,49.0,49.0,0,49,0.0,100.0,0.0,ae,,EMPTY_DESC=49(100%); REPEATED_TITLE=100%; LOW_TITLE_DIVERSITY=2%; ARABIC_PROVIDER_TITLE_AR_LOW=0%,Abu Dhabi Sports Asia 2,Abu Dhabi Sports Asia 2
provider-adm,en:.YAS.TV.Extra.ae,en: YAS TV Extra,REVIEW,68,0,49,49.0,49.0,0,49,0.0,100.0,0.0,ae,,EMPTY_DESC=49(100%); REPEATED_TITLE=100%; LOW_TITLE_DIVERSITY=2%; ARABIC_PROVIDER_TITLE_AR_LOW=0%,Abu Dhabi Sports Asia 1,Abu Dhabi Sports Asia 1
provider-adm,Majid.Kids.TV.HD.ae,Majid Kids TV HD,NO_EPG,65,0,0,0.0,0.0,0,0,0.0,0.0,0.0,ae,NO_PROGRAMMES,,,
provider-adm,Majid.sa,Majid.sa,REVIEW,92,0,222,44.92,44.92,0,0,100.0,0.0,100.0,sa,,LOW_TITLE_DIVERSITY=8%,ترين مان,مانستر هانتر
provider-adm,Nat.Geo.Abu.Dhabi.HD.ae,Nat Geo Abu Dhabi HD,REVIEW,84,0,66,48.75,48.75,0,66,0.0,100.0,0.0,ae,,EMPTY_DESC=66(100%); ARABIC_PROVIDER_TITLE_AR_LOW=0%,Alaska's Grizzly Gauntlet,Gordon Ramsay: Uncharted
provider-adm,Yas.TV.HD.ae,Yas TV HD,REVIEW,68,0,38,51.12,51.12,0,38,0.0,100.0,0.0,ae,,LONG_GT_6H=2; SHORT_LT_2M=1; EMPTY_DESC=38(100%); ARABIC_PROVIDER_TITLE_AR_LOW=0%,UAE President's Cup Flat Races,UAE President Show Jumping Cup
provider-dmi,Dubai One.sa,Dubai One.sa,PASS,100,1,37,45.5,45.5,0,0,100.0,2.7,100.0,sa,,,دبي آي أون دبي وان,ديسبريت ميسز سيونجو
provider-dmi,Dubai Sports 2.sa,Dubai Sports 2.sa,PASS,100,1,40,46.25,46.25,0,0,100.0,0.0,100.0,sa,,,بطولة العالم للزوارق السريعة:جائزة إيطاليا الكبرى – إقليم سردينيا,دوري الرَغبي الإنجليزي الممتاز:ليدز راينوس × هال إف سي
provider-dmi,Dubai Sports HD.sa,Dubai Sports HD.sa,PASS,100,1,43,46.08,46.08,0,0,100.0,58.1,100.0,sa,,,ويمينز سوبر ليغ T20:مانشستر يونايتد × تشيلسي,الموجز الرياضي
provider-dmi,Dubai Zaman.eg,Dubai Zaman.eg,REVIEW,92,0,61,42.25,42.5,0,53,100.0,98.4,100.0,eg,,EMPTY_DESC=53(87%),Maa Ussamah Atyab 2007 ep 136,Terkat  Al Ajdad: Ep   8
provider-dmi,Dubai.Racing.1.HD.ae,Dubai Racing 1 HD,REVIEW,84,0,33,50.58,50.58,0,33,0.0,100.0,0.0,ae,,EMPTY_DESC=33(100%); ARABIC_PROVIDER_TITLE_AR_LOW=0%,Race From Racing Tv,Darley America Virtual Stallion
provider-dmi,Dubai.Racing.2.ae,Dubai Racing 2,REVIEW,84,0,42,49.22,49.22,0,42,0.0,100.0,0.0,ae,,EMPTY_DESC=42(100%); ARABIC_PROVIDER_TITLE_AR_LOW=0%,Football Match,Volleyball Match
provider-dmi,Dubai.Racing.ae,Dubai Racing,REVIEW,84,0,7,30.4,30.4,0,7,100.0,100.0,0.0,ae,,LONG_GT_6H=2; EMPTY_DESC=7(100%),Endurance Horse Race 120 Km CEIO 2 Abu Dhabi 03/01/2026 Highlight,"22 AUGUST 2026 RACE FROM, RACING TV, UK"
provider-dmi,Dubai.Sports.1.ae,Dubai Sports 1,REVIEW,92,0,41,44.25,44.25,0,41,100.0,100.0,0.0,ae,,EMPTY_DESC=41(100%),WSL – R2) Manchester United vs Chelsea,The Sports Rundown 2026: Ep   4 AVID
provider-dmi,DubaiTV.ae@SD,Dubai TV HD,PASS,100,1,49,41.5,41.5,0,0,100.0,2.0,100.0,ae,,,إخواتي,دروب
provider-dmi,DubaiZaman.ae@SD,دبي زمان,REVIEW,92,0,50,44.0,44.0,0,34,100.0,0.0,100.0,ae,,EMPTY_DESC=34(68%),برنامج مع أسامة أطيب,برنامج ونات
provider-dmi,Noor.DubaiTV.ae,Noor DubaiTV,REVIEW,92,0,62,43.92,43.92,0,55,100.0,100.0,100.0,ae,,EMPTY_DESC=55(89%),بلسم 2026: Ep 124,الراوي:2026: Ep  28
provider-dmi,Sama Dubai.sa,Sama Dubai.sa,PASS,100,1,57,46.0,46.0,0,0,100.0,0.0,100.0,sa,,,سنوات الجريش:الحلقة 28,عليكم بالعافية
provider-dmi,SamaDubai.ae@SD,سما دبي,REVIEW,92,0,54,44.0,44.0,0,25,100.0,0.0,100.0,ae,,EMPTY_DESC=25(46%),برنامج عليكم بالعافية,برنامج عليكم بالعافية
provider-art,Alfa Al Safwa.sa,Alfa Al Safwa.sa,REVIEW,92,0,45,25.02,25.02,0,45,100.0,0.0,0.0,sa,,EMPTY_DESC=45(100%),سحر الشرق,ورتّل القرآن ترتيلاً
provider-art,Alfa Al Yawm HD.sa,Alfa Al Yawm HD.sa,REVIEW,92,0,31,27.0,27.0,0,31,100.0,0.0,0.0,sa,,EMPTY_DESC=31(100%),القاهرة اليوم,سلّم عالكلّ
provider-art,Alfa Cinema 1.sa,Alfa Cinema 1.sa,REVIEW,92,0,14,26.02,26.02,0,14,100.0,0.0,0.0,sa,,EMPTY_DESC=14(100%),زي النهاردة,بيكيا
provider-art,Alfa Cinema 2.sa,Alfa Cinema 2.sa,REVIEW,92,0,13,26.0,26.0,0,13,100.0,0.0,0.0,sa,,EMPTY_DESC=13(100%),يوم بلا غد,رسالة من إمرأة مجهولة
provider-art,Alfa Fann.sa,Alfa Fann.sa,REVIEW,92,0,163,24.55,24.55,0,163,100.0,0.0,0.0,sa,,EMPTY_DESC=163(100%),ميدلي,أمل حياتي
provider-art,Alfa Music HD.sa,Alfa Music HD.sa,REVIEW,92,0,343,24.25,24.25,0,343,97.7,2.3,0.0,sa,,EMPTY_DESC=343(100%),القمر ديالي,إهتم فيّي
provider-art,Alfa Series +2 HD.sa,Alfa Series +2 HD.sa,REVIEW,92,0,20,19.0,19.0,0,20,100.0,0.0,0.0,sa,,EMPTY_DESC=20(100%),عيلة الملك,راجعين يا هوى
provider-art,Alfa Series HD.sa,Alfa Series HD.sa,REVIEW,92,0,27,26.0,26.0,0,27,100.0,0.0,0.0,sa,,EMPTY_DESC=27(100%),سمرا,دايماً عامر
provider-art,Alfa.Cinema.ae,Alfa Cinema,NO_EPG,65,0,0,0.0,0.0,0,0,0.0,0.0,0.0,ae,NO_PROGRAMMES,,,
provider-art,Alfa.Drama.ae,Alfa Drama,NO_EPG,65,0,0,0.0,0.0,0,0,0.0,0.0,0.0,ae,NO_PROGRAMMES,,,
provider-art,Alfa.Hekayat.ae,Alfa Hekayat,NO_EPG,65,0,0,0.0,0.0,0,0,0.0,0.0,0.0,ae,NO_PROGRAMMES,,,
provider-starz,en:.STARZPLAY.Cricket.1.ae,en: STARZPLAY Cricket 1,REVIEW,92,0,44,49.0,49.0,0,44,0.0,100.0,0.0,ae,,EMPTY_DESC=44(100%),ICC Men's T20 World Cup 2024: Namibia vs Oman - Kick-Off Classics,Rajasthan Royals vs Kolkata Knight Riders - Tata IPL Rewinds
provider-starz,en:.StarzPlay.Rugby.-.Live.ae,en: StarzPlay Rugby - Live,REVIEW,84,0,15,51.07,51.07,0,15,0.0,100.0,0.0,ae,,LONG_GT_6H=1; EMPTY_DESC=15(100%),South Africa vs. England - Nations Championship 2026,South Africa U20 vs. Uruguay U20 - World Rugby Under 20 Championship
provider-starz,en:.STARZPLAY.Sports.1.ae,en: STARZPLAY Sports 1,REVIEW,76,0,49,49.0,49.0,0,49,0.0,100.0,0.0,ae,,EMPTY_DESC=49(100%); REPEATED_TITLE=100%; LOW_TITLE_DIVERSITY=2%,StarzPLAY Sports 1,StarzPLAY Sports 1
provider-starz,en:.STARZPLAY.Sports.2.ae,en: STARZPLAY Sports 2,REVIEW,76,0,49,49.0,49.0,0,49,0.0,100.0,0.0,ae,,EMPTY_DESC=49(100%); REPEATED_TITLE=100%; LOW_TITLE_DIVERSITY=2%,StarzPLAY Sports 2,StarzPLAY Sports 2
provider-starz,STARZPLAY Sports.sa,STARZPLAY Sports.sa,REVIEW,84,0,42,46.5,46.5,0,0,100.0,0.0,100.0,sa,,REPEATED_TITLE=79%; LOW_TITLE_DIVERSITY=19%,يو إف سي فايت نايت:سيلفا × ديلغادو - البطاقة الرئيسية,يو إف سي - سلسلة منافسي دانا وايت
mena-eg,Aghapy.TV.ae,Aghapy TV,NO_EPG,57,0,0,0.0,0.0,0,0,0.0,0.0,0.0,ae,NO_PROGRAMMES,FOREIGN_FEED_ID=AE_EXPECTED=EG,,
mena-eg,Al Hayat.sa,Al Hayat.sa,REVIEW,76,0,46,46.0,46.0,0,0,100.0,0.0,100.0,sa,,REPEATED_TITLE=100%; LOW_TITLE_DIVERSITY=2%; FOREIGN_FEED_ID=SA_EXPECTED=EG,الحياة,الحياة
mena-eg,Al Kahera Wal Nas TV 2.eg,Al Kahera Wal Nas TV 2.eg,REVIEW,92,0,12,14.0,14.0,0,12,33.3,66.7,0.0,eg,,EMPTY_DESC=12(100%),Al Nas Al Hulwa,Zawaj Bil Ikrah
mena-eg,Al Kahera Wal Nas TV.eg,Al Kahera Wal Nas TV.eg,REVIEW,92,0,12,13.8,13.8,0,12,58.3,50.0,0.0,eg,,EMPTY_DESC=12(100%),El Zoga 18,Al Kamira Al Khafia
mena-eg,Al Kahera Walnas 2.sa,Al Kahera Walnas 2.sa,REVIEW,76,0,46,46.0,46.0,0,0,100.0,0.0,100.0,sa,,REPEATED_TITLE=100%; LOW_TITLE_DIVERSITY=2%; FOREIGN_FEED_ID=SA_EXPECTED=EG,القاهرة والناس 2,القاهرة والناس 2
mena-eg,Al Kahera Walnas.sa,Al Kahera Walnas.sa,REVIEW,76,0,46,46.0,46.0,0,0,100.0,0.0,100.0,sa,,REPEATED_TITLE=100%; LOW_TITLE_DIVERSITY=2%; FOREIGN_FEED_ID=SA_EXPECTED=EG,القاهرة والناس,القاهرة والناس
mena-eg,Al Masriya.sa,Al Masriya.sa,REVIEW,76,0,46,46.0,46.0,0,0,100.0,0.0,100.0,sa,,REPEATED_TITLE=100%; LOW_TITLE_DIVERSITY=2%; FOREIGN_FEED_ID=SA_EXPECTED=EG,المصرية,المصرية
mena-eg,Al Nahar Drama.sa,Al Nahar Drama.sa,REVIEW,84,0,35,47.0,47.0,0,0,100.0,0.0,100.0,sa,,LOW_TITLE_DIVERSITY=20%; FOREIGN_FEED_ID=SA_EXPECTED=EG,السبع بنات,أبو العروسة
mena-eg,Al Nahar TV.sa,Al Nahar TV.sa,REVIEW,92,0,57,45.5,45.5,0,0,100.0,0.0,89.5,sa,,FOREIGN_FEED_ID=SA_EXPECTED=EG,حكاية عقار,ما بين السطور
mena-eg,Al Nahar.sa,Al Nahar.sa,REVIEW,92,0,55,45.67,45.67,0,0,100.0,3.6,100.0,sa,,FOREIGN_FEED_ID=SA_EXPECTED=EG,بصمتنا,ما بين السطور
mena-eg,Al.Ahly.TV.HD.ae,Al Ahly TV HD,NO_EPG,57,0,0,0.0,0.0,0,0,0.0,0.0,0.0,ae,NO_PROGRAMMES,FOREIGN_FEED_ID=AE_EXPECTED=EG,,
mena-eg,Al.Askandria.5.ae,Al Askandria 5,NO_EPG,57,0,0,0.0,0.0,0,0,0.0,0.0,0.0,ae,NO_PROGRAMMES,FOREIGN_FEED_ID=AE_EXPECTED=EG,,
mena-eg,Al.Kahera.3.ae,Al Kahera 3,NO_EPG,57,0,0,0.0,0.0,0,0,0.0,0.0,0.0,ae,NO_PROGRAMMES,FOREIGN_FEED_ID=AE_EXPECTED=EG,,
mena-eg,AL.Kahera.Al.Kobra.ae,AL Kahera Al Kobra,NO_EPG,57,0,0,0.0,0.0,0,0,0.0,0.0,0.0,ae,NO_PROGRAMMES,FOREIGN_FEED_ID=AE_EXPECTED=EG,,
mena-eg,Al.Kahera.Wal.Nas.2.ae,Al Kahera Wal Nas 2,REVIEW,84,0,44,50.0,50.0,0,44,0.0,100.0,0.0,ae,,EMPTY_DESC=44(100%); FOREIGN_FEED_ID=AE_EXPECTED=EG,The Good People,Marriage By Force
mena-eg,Al.Kahera.Wal.Nas.ae,Al Kahera Wal Nas,REVIEW,76,0,51,48.72,48.72,0,51,0.0,100.0,0.0,ae,,EMPTY_DESC=51(100%); LOW_TITLE_DIVERSITY=20%; FOREIGN_FEED_ID=AE_EXPECTED=EG; DUPLICATE_TIMELINE_GROUP=2; DUPLICATE_TIMELINE_UNRELATED,Charades,The 18th Wife
mena-eg,Al.Masriyah.ae,Al Masriyah,REVIEW,84,0,47,49.5,49.5,0,47,0.0,100.0,0.0,ae,,EMPTY_DESC=47(100%); FOREIGN_FEED_ID=AE_EXPECTED=EG; DUPLICATE_TIMELINE_GROUP=4,Everyday Football,The Story Of Narges
mena-eg,Al.Nada.TV.ae,Al Nada TV,NO_EPG,57,0,0,0.0,0.0,0,0,0.0,0.0,0.0,ae,NO_PROGRAMMES,FOREIGN_FEED_ID=AE_EXPECTED=EG,,
mena-eg,Al.Nahar.Noor.ae,Al Nahar Noor,NO_EPG,57,0,0,0.0,0.0,0,0,0.0,0.0,0.0,ae,NO_PROGRAMMES,FOREIGN_FEED_ID=AE_EXPECTED=EG,,
mena-eg,Al.Oula.ae,Al Oula,REVIEW,84,0,50,51.0,51.0,0,50,0.0,100.0,0.0,ae,,EMPTY_DESC=50(100%); FOREIGN_FEED_ID=AE_EXPECTED=EG,Good Morning Egypt,News Brief
mena-eg,Al.Qahera.News.ae,Al Qahera News,NO_EPG,57,0,0,0.0,0.0,0,0,0.0,0.0,0.0,ae,NO_PROGRAMMES,FOREIGN_FEED_ID=AE_EXPECTED=EG,,
mena-eg,Al.Saeedah.ae,Al Saeedah,NO_EPG,57,0,0,0.0,0.0,0,0,0.0,0.0,0.0,ae,NO_PROGRAMMES,FOREIGN_FEED_ID=AE_EXPECTED=EG,,
mena-eg,Al.Shams.TV.ae,Al Shams TV,REVIEW,84,0,47,49.5,49.5,0,47,0.0,100.0,0.0,ae,,EMPTY_DESC=47(100%); FOREIGN_FEED_ID=AE_EXPECTED=EG; DUPLICATE_TIMELINE_GROUP=4,Everyday Football,The Story Of Narges
mena-eg,Al.Wathaeqya.ae,Al Wathaeqya,NO_EPG,57,0,0,0.0,0.0,0,0,0.0,0.0,0.0,ae,NO_PROGRAMMES,FOREIGN_FEED_ID=AE_EXPECTED=EG,,
mena-eg,Alfath.TV.ae,Alfath TV,NO_EPG,57,0,0,0.0,0.0,0,0,0.0,0.0,0.0,ae,NO_PROGRAMMES,FOREIGN_FEED_ID=AE_EXPECTED=EG,,
mena-eg,AlHadath.Alyoum.ae,AlHadath Alyoum,NO_EPG,57,0,0,0.0,0.0,0,0,0.0,0.0,0.0,ae,NO_PROGRAMMES,FOREIGN_FEED_ID=AE_EXPECTED=EG,,
mena-eg,Alhayat TV.eg,Alhayat TV.eg,REVIEW,92,0,42,48.67,48.67,0,42,61.9,38.1,0.0,eg,,EMPTY_DESC=42(100%),برنامج كورة كل يوم,Darsh
mena-eg,AlhayatTV.eg@SD,الحياة,REVIEW,84,0,29,34.0,42.0,1,17,100.0,0.0,100.0,eg,,EMPTY_DESC=17(59%); GAPS_GT_2H=1/TOTAL=8.0h,برنامج,برنامج
mena-eg,AlKaheraWalNas.eg@SD,القاهرة والناس,REVIEW,92,0,9,11.97,11.97,0,5,100.0,11.1,100.0,eg,,EMPTY_DESC=5(56%),زواج بالإكراه,برنامج الدكتور
mena-eg,AlKaheraWalNas2.eg@SD,القاهرة والناس 2,REVIEW,92,0,12,14.0,14.0,0,4,100.0,0.0,100.0,eg,,EMPTY_DESC=4(33%),الناس الحلوة,زواج بالإكراه
mena-eg,AlMasriyah.eg@SD,المصرية,REVIEW,92,0,35,36.0,36.0,0,18,100.0,0.0,100.0,eg,,EMPTY_DESC=18(51%); DUPLICATE_TIMELINE_GROUP=2; DUPLICATE_TIMELINE_UNRELATED,نيللي وشريهان,لن أعيش في جلباب أبي
mena-eg,AlNahar.eg@SD,النهار,REVIEW,92,0,49,44.5,44.5,0,32,100.0,6.1,100.0,eg,,EMPTY_DESC=32(65%),برنامج حكاية عقار,برنامج ما بين السطور
mena-eg,AlNaharDrama.eg@SD,النهار دراما,REVIEW,84,0,35,35.0,41.0,1,0,100.0,0.0,100.0,eg,,LOW_TITLE_DIVERSITY=17%; GAPS_GT_2H=1/TOTAL=6.0h,ستهم,الضوء الشارد
mena-eg,AlSaeedah.eg,AlSaeedah.eg,REVIEW,92,0,41,37.0,37.0,0,41,61.0,39.0,0.0,eg,,EMPTY_DESC=41(100%),برنامج دليل رحلة مع القرآن,Sunbul's Adventures
mena-eg,AlSaeedah.eg@SD,السعيدة,REVIEW,92,0,41,37.0,37.0,0,25,100.0,0.0,100.0,eg,,EMPTY_DESC=25(61%),برنامج دليل رحلة مع القرآن,مغامرات سنبل / عودة سنبل
mena-eg,Aswan.ae,Aswan,NO_EPG,57,0,0,0.0,0.0,0,0,0.0,0.0,0.0,ae,NO_PROGRAMMES,FOREIGN_FEED_ID=AE_EXPECTED=EG,,
mena-eg,Bakous.Alexandaria.ae,Bakous Alexandaria,NO_EPG,57,0,0,0.0,0.0,0,0,0.0,0.0,0.0,ae,NO_PROGRAMMES,FOREIGN_FEED_ID=AE_EXPECTED=EG,,
mena-eg,CBC Drama.sa,CBC Drama.sa,REVIEW,76,0,46,46.0,46.0,0,0,100.0,100.0,100.0,sa,,REPEATED_TITLE=100%; LOW_TITLE_DIVERSITY=2%; FOREIGN_FEED_ID=SA_EXPECTED=EG,CBC دراما,CBC دراما
mena-eg,CBC Extra News.sa,CBC Extra News.sa,REVIEW,76,0,46,46.0,46.0,0,0,100.0,100.0,100.0,sa,,REPEATED_TITLE=100%; LOW_TITLE_DIVERSITY=2%; FOREIGN_FEED_ID=SA_EXPECTED=EG,CBC إكسترا نيوز,CBC إكسترا نيوز
mena-eg,CBC Sofra.sa,CBC Sofra.sa,REVIEW,76,0,46,46.0,46.0,0,0,100.0,100.0,100.0,sa,,REPEATED_TITLE=100%; LOW_TITLE_DIVERSITY=2%; FOREIGN_FEED_ID=SA_EXPECTED=EG,CBC سفرة,CBC سفرة
mena-eg,CBC.eg@SD,سي بي سي,REVIEW,84,0,28,35.0,42.0,1,11,100.0,0.0,100.0,eg,,EMPTY_DESC=11(39%); GAPS_GT_2H=1/TOTAL=7.0h,فيلم عربي,الستات ميعرفوش يكدبوا
mena-eg,CBC.sa,CBC.sa,REVIEW,84,0,40,48.0,48.0,0,40,40.0,60.0,0.0,sa,,EMPTY_DESC=40(100%); FOREIGN_FEED_ID=SA_EXPECTED=EG,فيلم عربي,برنامج نور الدين والدنيا
mena-eg,CBCDrama.eg@SD,سي بي سي دراما,REVIEW,84,0,35,35.0,41.0,1,0,100.0,0.0,100.0,eg,,LOW_TITLE_DIVERSITY=20%; GAPS_GT_2H=1/TOTAL=6.0h,وتر حساس ج2,صيد العقارب
mena-eg,Cima.eg,Cima.eg,REVIEW,92,0,24,48.0,48.0,0,24,0.0,100.0,0.0,eg,,EMPTY_DESC=24(100%),'Iina rabak labialmirsad,Nour El Eyoun
mena-eg,Cima.eg@SD,سيما,REVIEW,92,0,18,36.0,42.0,1,0,100.0,0.0,100.0,eg,,GAPS_GT_2H=1/TOTAL=6.0h,نور العيون,العسكري شبراوي
mena-eg,DMC DRAMA.eg,DMC DRAMA.eg,REVIEW,84,0,44,48.0,48.0,0,44,4.5,95.5,0.0,eg,,EMPTY_DESC=44(100%); LOW_TITLE_DIVERSITY=18%,Safer Al-Ahlam,Hikayat Gurub Al Mamiz
mena-eg,DMC.eg@SD,DMC HD,PASS,100,1,33,42.0,42.0,0,0,100.0,45.5,100.0,eg,,,DMC HD,6 ستات
mena-eg,DMCDrama.eg@SD,دي إم سي دراما,REVIEW,84,0,40,44.0,44.0,0,1,100.0,0.0,100.0,eg,,EMPTY_DESC=1(2%); LOW_TITLE_DIVERSITY=20%,سفر الأحلام,حكايات جروب الماميز
mena-eg,Egyptian TV.eg,Egyptian TV.eg,REVIEW,92,0,35,36.0,36.0,0,35,51.4,48.6,0.0,eg,,EMPTY_DESC=35(100%); DUPLICATE_TIMELINE_GROUP=2; DUPLICATE_TIMELINE_UNRELATED,Nelly W Sherihan,Lann Aeish fi Gilbab Aby
mena-eg,El.Mehwar.HD.ae,El Mehwar HD,REVIEW,84,0,46,50.0,50.0,0,46,0.0,100.0,0.0,ae,,EMPTY_DESC=46(100%); FOREIGN_FEED_ID=AE_EXPECTED=EG,New Evening,Morals Of Life
mena-eg,El.Moled.ae,El Moled,NO_EPG,57,0,0,0.0,0.0,0,0,0.0,0.0,0.0,ae,NO_PROGRAMMES,FOREIGN_FEED_ID=AE_EXPECTED=EG,,
mena-eg,ElMehwarChannel.eg@SD,المحور,REVIEW,92,0,10,13.0,13.0,0,5,100.0,0.0,100.0,eg,,EMPTY_DESC=5(50%); DUPLICATE_TIMELINE_GROUP=2,حكايات بنات ج2,فيلم
mena-eg,EN:.Masrah.Masr.Channel.sa,EN: Masrah Masr Channel,REVIEW,68,0,38,49.95,49.98,0,25,0.0,100.0,100.0,sa,,EMPTY_DESC=25(66%); REPEATED_TITLE=100%; LOW_TITLE_DIVERSITY=3%; FOREIGN_FEED_ID=SA_EXPECTED=EG,Masrah Masr,Masrah Masr
mena-eg,ERTU1.eg@SD,قناة مصر الأولى,REVIEW,92,0,35,36.0,36.0,0,17,100.0,0.0,100.0,eg,,EMPTY_DESC=17(49%),نيللي وشريهان,لن أعيش في جلباب أبي
mena-eg,Extra.live.ae,Extra live,NO_EPG,57,0,0,0.0,0.0,0,0,0.0,0.0,0.0,ae,NO_PROGRAMMES,FOREIGN_FEED_ID=AE_EXPECTED=EG,,
mena-eg,Extra.News.HD.ae,Extra News HD,REVIEW,76,0,66,49.0,49.0,0,66,0.0,100.0,0.0,ae,,EMPTY_DESC=66(100%); LOW_TITLE_DIVERSITY=18%; FOREIGN_FEED_ID=AE_EXPECTED=EG,News Coverage,The Press
mena-eg,Huda.TV.ae,Huda TV,NO_EPG,57,0,0,0.0,0.0,0,0,0.0,0.0,0.0,ae,NO_PROGRAMMES,FOREIGN_FEED_ID=AE_EXPECTED=EG,,
mena-eg,Koogi.TV.ae,Koogi TV,NO_EPG,57,0,0,0.0,0.0,0,0,0.0,0.0,0.0,ae,NO_PROGRAMMES,FOREIGN_FEED_ID=AE_EXPECTED=EG,,
mena-eg,Madrasetna.1.ae,Madrasetna 1,NO_EPG,57,0,0,0.0,0.0,0,0,0.0,0.0,0.0,ae,NO_PROGRAMMES,FOREIGN_FEED_ID=AE_EXPECTED=EG,,
mena-eg,Madrasetna.2.ae,Madrasetna 2,NO_EPG,57,0,0,0.0,0.0,0,0,0.0,0.0,0.0,ae,NO_PROGRAMMES,FOREIGN_FEED_ID=AE_EXPECTED=EG,,
mena-eg,Madrasetna.3.ae,Madrasetna 3,NO_EPG,57,0,0,0.0,0.0,0,0,0.0,0.0,0.0,ae,NO_PROGRAMMES,FOREIGN_FEED_ID=AE_EXPECTED=EG,,
mena-eg,MasperoZaman.eg@SD,ماسبيرو زمان,REVIEW,84,0,46,35.0,41.25,1,15,100.0,0.0,100.0,eg,,EMPTY_DESC=15(33%); GAPS_GT_2H=1/TOTAL=6.2h,لا إله إلا الله ج3,خماسيات نجيب محفوظ
mena-eg,Matrouh.ae,Matrouh,NO_EPG,57,0,0,0.0,0.0,0,0,0.0,0.0,0.0,ae,NO_PROGRAMMES,FOREIGN_FEED_ID=AE_EXPECTED=EG,,
mena-eg,Mazzika.ae,Mazzika,NO_EPG,57,0,0,0.0,0.0,0,0,0.0,0.0,0.0,ae,NO_PROGRAMMES,FOREIGN_FEED_ID=AE_EXPECTED=EG,,
mena-eg,Mehwar.eg,Mehwar.eg,REVIEW,92,0,10,13.0,13.0,0,10,50.0,50.0,0.0,eg,,EMPTY_DESC=10(100%),Hekayat Banat 2,فيلم
mena-eg,Mekameleen.ae,Mekameleen,NO_EPG,57,0,0,0.0,0.0,0,0,0.0,0.0,0.0,ae,NO_PROGRAMMES,FOREIGN_FEED_ID=AE_EXPECTED=EG,,
mena-eg,Misr.Al.Zeraeey.ae,Misr Al Zeraeey,NO_EPG,57,0,0,0.0,0.0,0,0,0.0,0.0,0.0,ae,NO_PROGRAMMES,FOREIGN_FEED_ID=AE_EXPECTED=EG,,
mena-eg,Misr.AlBalad.ae,Misr AlBalad,NO_EPG,57,0,0,0.0,0.0,0,0,0.0,0.0,0.0,ae,NO_PROGRAMMES,FOREIGN_FEED_ID=AE_EXPECTED=EG,,
mena-eg,Misr.Quran.Kareem.ae,Misr Quran Kareem,NO_EPG,57,0,0,0.0,0.0,0,0,0.0,0.0,0.0,ae,NO_PROGRAMMES,FOREIGN_FEED_ID=AE_EXPECTED=EG,,
mena-eg,MixBelAraby.eg@SD,ميكس بالعربي,REVIEW,84,0,34,35.0,41.0,1,4,100.0,67.6,100.0,eg,,EMPTY_DESC=4(12%); GAPS_GT_2H=1/TOTAL=6.0h,A Miracle 2,برنامج في رحاب الكتاب والسنة
mena-eg,Nile Drama.eg,Nile Drama.eg,REVIEW,84,0,57,48.75,48.75,0,57,0.0,100.0,0.0,eg,,EMPTY_DESC=57(100%); LOW_TITLE_DIVERSITY=16%; DUPLICATE_TIMELINE_GROUP=2,Raafat Al Hajan,Flash
mena-eg,Nile Life.eg,Nile Life.eg,REVIEW,92,0,37,38.0,38.0,0,37,62.2,37.8,0.0,eg,,EMPTY_DESC=37(100%),Naharuk Saeid,برنامج سبوت لايت
mena-eg,Nile.Cinema.ae,Nile Cinema,REVIEW,84,0,27,50.0,50.0,0,27,0.0,100.0,0.0,ae,,EMPTY_DESC=27(100%); FOREIGN_FEED_ID=AE_EXPECTED=EG,Devil's Path,Master Seen
mena-eg,Nile.Comedy.ae,Nile Comedy,REVIEW,76,0,57,48.75,48.75,0,57,0.0,100.0,0.0,ae,,EMPTY_DESC=57(100%); LOW_TITLE_DIVERSITY=16%; FOREIGN_FEED_ID=AE_EXPECTED=EG; DUPLICATE_TIMELINE_GROUP=2,Raafat Al Hajan,Flash
mena-eg,Nile.Culture.ae,Nile Culture,NO_EPG,57,0,0,0.0,0.0,0,0,0.0,0.0,0.0,ae,NO_PROGRAMMES,FOREIGN_FEED_ID=AE_EXPECTED=EG,,
mena-eg,Nile.Family.ae,Nile Family,REVIEW,76,0,49,49.0,49.0,0,49,0.0,100.0,0.0,ae,,EMPTY_DESC=49(100%); LOW_TITLE_DIVERSITY=14%; FOREIGN_FEED_ID=AE_EXPECTED=EG,Seven Girls,Seven Girls
mena-eg,Nile.News.ae,Nile News,NO_EPG,57,0,0,0.0,0.0,0,0,0.0,0.0,0.0,ae,NO_PROGRAMMES,FOREIGN_FEED_ID=AE_EXPECTED=EG,,
mena-eg,Nile.Sport.ae,Nile Sport,NO_EPG,57,0,0,0.0,0.0,0,0,0.0,0.0,0.0,ae,NO_PROGRAMMES,FOREIGN_FEED_ID=AE_EXPECTED=EG,,
mena-eg,Nile.TV.ae,Nile TV,REVIEW,76,0,92,49.0,49.0,0,92,0.0,100.0,0.0,ae,,EMPTY_DESC=92(100%); LOW_TITLE_DIVERSITY=17%; FOREIGN_FEED_ID=AE_EXPECTED=EG; DUPLICATE_TIMELINE_GROUP=2; DUPLICATE_TIMELINE_UNRELATED,Business News,Nexus
mena-eg,NileDrama.eg@SD,نايل دراما,PASS,100,1,11,11.0,11.0,0,0,100.0,0.0,100.0,eg,,,حلم الجنوبي,حلم الجنوبي
mena-eg,NileLife.eg@SD,نايل لايف,REVIEW,92,0,13,11.5,11.5,0,8,100.0,0.0,100.0,eg,,EMPTY_DESC=8(62%),برنامج أكلة لذيذة,إيه الأخبار؟
mena-eg,North.Sinai.ae,North Sinai,NO_EPG,57,0,0,0.0,0.0,0,0,0.0,0.0,0.0,ae,NO_PROGRAMMES,FOREIGN_FEED_ID=AE_EXPECTED=EG,,
mena-eg,ON Drama.eg,ON Drama.eg,REVIEW,84,0,48,48.0,48.0,0,48,0.0,100.0,0.0,eg,,EMPTY_DESC=48(100%); LOW_TITLE_DIVERSITY=15%,Teer Beena Ya Alby,Al-Kabir Awy 7
mena-eg,ON E.eg,ON E.eg,REVIEW,92,0,40,48.0,48.0,0,40,55.0,50.0,0.0,eg,,EMPTY_DESC=40(100%),Ab Wa Laken,برنامج الحصن
mena-eg,On.Time.Sports.HD.ae,On Time Sports HD,REVIEW,68,0,34,42.5,43.0,0,34,0.0,100.0,0.0,ae,,EMPTY_DESC=34(100%); PLACEHOLDER=1; GENERIC_GUIDE=3%; FOREIGN_FEED_ID=AE_EXPECTED=EG; DUPLICATE_TIMELINE_GROUP=7,ON Time Stadium,Sport TV Magazine
mena-eg,OnDrama.eg@SD,أون دراما,REVIEW,84,0,35,35.0,41.0,1,0,100.0,0.0,100.0,eg,,LOW_TITLE_DIVERSITY=20%; GAPS_GT_2H=1/TOTAL=6.0h,أب ولكن,ورا كل باب
mena-eg,OnE.eg@SD,أون إي,REVIEW,84,0,28,35.5,41.0,1,15,100.0,3.6,100.0,eg,,EMPTY_DESC=15(54%); GAPS_GT_2H=1/TOTAL=5.5h,برنامج أحلى أكلة,فيلم عربي
mena-eg,Sada El Balad 2.eg,Sada El Balad 2.eg,REVIEW,92,0,38,49.0,49.0,0,38,94.7,10.5,0.0,eg,,EMPTY_DESC=38(100%),برنامج على مسؤليتي,Sabah Albalad
mena-eg,Sada El Balad Drama.eg,Sada El Balad Drama.eg,REVIEW,84,0,49,49.0,49.0,0,49,0.0,100.0,0.0,eg,,EMPTY_DESC=49(100%); LOW_TITLE_DIVERSITY=14%,The Coachman,Girls' Indulgence
mena-eg,Sada El Balad.eg,Sada El Balad.eg,REVIEW,92,0,40,48.0,48.0,0,40,65.0,35.0,0.0,eg,,EMPTY_DESC=40(100%),برنامج على مسؤليتي,برنامج الماتش
mena-eg,SadaElbalad.eg@SD,صدى البلد,REVIEW,84,0,29,35.0,41.0,1,17,100.0,0.0,100.0,eg,,EMPTY_DESC=17(59%); GAPS_GT_2H=1/TOTAL=6.0h,دلع بنات,أحلى أيام
mena-eg,SadaElbalad2.eg@SD,صدى البلد 2,REVIEW,92,0,34,45.0,45.0,0,32,100.0,5.9,100.0,eg,,EMPTY_DESC=32(94%),برنامج على مسؤليتي,صباح البلد
mena-eg,SadaElbaladDrama.eg@SD,صدى البلد دراما,PASS,100,1,11,11.0,11.0,0,0,100.0,0.0,100.0,eg,,,وجوه,دنيا تانية
mena-eg,South.Sinai.ae,South Sinai,NO_EPG,57,0,0,0.0,0.0,0,0,0.0,0.0,0.0,ae,NO_PROGRAMMES,FOREIGN_FEED_ID=AE_EXPECTED=EG,,
mena-eg,TeN.eg@SD,تن,REVIEW,84,0,33,35.0,41.0,1,23,100.0,0.0,100.0,eg,,EMPTY_DESC=23(70%); GAPS_GT_2H=1/TOTAL=6.0h,برنامج صحتين,برنامج بيت دعاء
mena-eg,The.Kingdom.Sat.ae,The Kingdom Sat,NO_EPG,57,0,0,0.0,0.0,0,0,0.0,0.0,0.0,ae,NO_PROGRAMMES,FOREIGN_FEED_ID=AE_EXPECTED=EG,,
mena-eg,Watan.TV.ae,Watan TV,NO_EPG,57,0,0,0.0,0.0,0,0,0.0,0.0,0.0,ae,NO_PROGRAMMES,FOREIGN_FEED_ID=AE_EXPECTED=EG,,
mena-eg,Zamalek.TV.ae,Zamalek TV,NO_EPG,57,0,0,0.0,0.0,0,0,0.0,0.0,0.0,ae,NO_PROGRAMMES,FOREIGN_FEED_ID=AE_EXPECTED=EG,,
mena-eg,Zee.Alwan.Egypt.ae,Zee Alwan Egypt,NO_EPG,57,0,0,0.0,0.0,0,0,0.0,0.0,0.0,ae,NO_PROGRAMMES,FOREIGN_FEED_ID=AE_EXPECTED=EG,,
mena-sa,AbdulmajeedAbdullah.sa@SD,عبدالمجيد عبدالله,NO_EPG,65,0,0,0.0,0.0,0,0,0.0,0.0,0.0,sa,NO_PROGRAMMES,,,
mena-sa,Aflam.sa@SD,أفلام,REVIEW,92,0,6,6.43,6.43,0,1,100.0,50.0,100.0,sa,,EMPTY_DESC=1(17%),جاءنا البيان التالي,ولد وبنت
mena-sa,Al Resalah.sa,Al Resalah.sa,PASS,100,1,116,45.83,45.83,0,0,100.0,0.0,100.0,sa,,,همسات,قدوة
mena-sa,Al.Majd.ae,Al Majd,NO_EPG,57,0,0,0.0,0.0,0,0,0.0,0.0,0.0,ae,NO_PROGRAMMES,FOREIGN_FEED_ID=AE_EXPECTED=SA,,
mena-sa,Al.Majd.Holy.Quran.ae,Al Majd Holy Quran,NO_EPG,57,0,0,0.0,0.0,0,0,0.0,0.0,0.0,ae,NO_PROGRAMMES,FOREIGN_FEED_ID=AE_EXPECTED=SA,,
mena-sa,Al.Sahraa.TV.ae,Al Sahraa TV,NO_EPG,57,0,0,0.0,0.0,0,0,0.0,0.0,0.0,ae,NO_PROGRAMMES,FOREIGN_FEED_ID=AE_EXPECTED=SA,,
mena-sa,AlEkhbariya.sa@SD,الإخبارية,NO_EPG,65,0,0,0.0,0.0,0,0,0.0,0.0,0.0,sa,NO_PROGRAMMES,,,
mena-sa,AlQuranAlKareemTV.sa@SD,Al Quran Al Kareem TV HD,REVIEW,76,0,16,17.0,17.0,0,16,100.0,100.0,0.0,sa,,EMPTY_DESC=16(100%); REPEATED_TITLE=100%; LOW_TITLE_DIVERSITY=6%,القرآن الكريم HD,القرآن الكريم HD
mena-sa,AlResalah.sa@SD,الرساله,REVIEW,92,0,99,38.5,38.5,0,1,100.0,0.0,100.0,sa,,EMPTY_DESC=1(1%),يستفتونك,الأرقام في القرآن
mena-sa,AlSaudiya.sa@SD,السعودية,REVIEW,92,0,50,37.83,37.83,0,22,100.0,0.0,100.0,sa,,EMPTY_DESC=22(44%),صباح السعودية,برنامج ابتكارات المملكة
mena-sa,AlSaudiyaAlaan.sa@SD,السعودية الآن,NO_EPG,65,0,0,0.0,0.0,0,0,0.0,0.0,0.0,sa,NO_PROGRAMMES,,,
mena-sa,AlSunnahAlNabawiyahTV.sa@SD,السنة النبوية,NO_EPG,65,0,0,0.0,0.0,0,0,0.0,0.0,0.0,sa,NO_PROGRAMMES,,,
mena-sa,AsharqDiscovery.sa@SD,الشرق ديسكفري,REVIEW,84,0,98,41.42,41.42,0,51,100.0,1.0,100.0,sa,,EMPTY_DESC=51(52%); PLACEHOLDER=49,جدول البرامج غير متاح,عالم الابتكارات
mena-sa,AsharqDocumentary.sa@SD,Asharq Documentary,REVIEW,84,0,13,52.0,52.0,0,0,100.0,0.0,100.0,sa,,REPEATED_TITLE=100%; LOW_TITLE_DIVERSITY=8%,الشرق الوثائقية,الشرق الوثائقية
mena-sa,AsharqNews.sa@SD,الشرق,PASS,100,1,38,29.0,29.0,0,0,100.0,0.0,100.0,sa,,,التجارة الآسيوية,حكايا وناس
mena-sa,BabAlHara.sa@SD,قناة باب الحارة,NO_EPG,65,0,0,0.0,0.0,0,0,0.0,0.0,0.0,sa,NO_PROGRAMMES,,,
mena-sa,BigTimePlus.sa@SD,Big Time Plus,NO_EPG,65,0,0,0.0,0.0,0,0,0.0,0.0,0.0,sa,NO_PROGRAMMES,,,
mena-sa,Bin.Othaimeen.ae,Bin Othaimeen,NO_EPG,57,0,0,0.0,0.0,0,0,0.0,0.0,0.0,ae,NO_PROGRAMMES,FOREIGN_FEED_ID=AE_EXPECTED=SA,,
mena-sa,Fairuz.sa@HD,فيروز,REVIEW,84,0,640,40.6,40.6,0,640,100.0,0.0,0.0,sa,,EMPTY_DESC=640(100%); LOW_TITLE_DIVERSITY=5%,عودك رنان,خطة قدمكم
mena-sa,GoalZone.sa,Goal Zone,NO_EPG,65,0,0,0.0,0.0,0,0,0.0,0.0,0.0,sa,NO_PROGRAMMES,,,
mena-sa,IqraaArabic.sa,إقرأ,NO_EPG,65,0,0,0.0,0.0,0,0,0.0,0.0,0.0,sa,NO_PROGRAMMES,,,
mena-sa,KSA Now.sa,KSA Now.sa,REVIEW,84,0,46,46.0,46.0,0,0,100.0,0.0,100.0,sa,,REPEATED_TITLE=100%; LOW_TITLE_DIVERSITY=2%,السعودية الآن,السعودية الآن
mena-sa,KSA.sports.2.HD.ae,KSA sports 2 HD,NO_EPG,57,0,0,0.0,0.0,0,0,0.0,0.0,0.0,ae,NO_PROGRAMMES,FOREIGN_FEED_ID=AE_EXPECTED=SA,,
mena-sa,KSA.Sports.3.HD.ae,KSA Sports 3 HD,REVIEW,68,0,34,42.5,43.0,0,34,0.0,100.0,0.0,ae,,EMPTY_DESC=34(100%); PLACEHOLDER=1; GENERIC_GUIDE=3%; FOREIGN_FEED_ID=AE_EXPECTED=SA; DUPLICATE_TIMELINE_GROUP=7,ON Time Stadium,Sport TV Magazine
mena-sa,KSASports1.sa@SD,KSA Sports 1 HD,REVIEW,84,0,84,42.42,42.42,0,5,100.0,6.0,100.0,sa,,EMPTY_DESC=5(6%); LOW_TITLE_DIVERSITY=12%,باسكتبول,اف دي ال
mena-sa,LBC.sa,LBC.sa,PASS,100,1,40,46.0,46.0,0,0,90.0,10.0,100.0,sa,,,أثينا:الحلقة 13,العهد:الحلقة 1
mena-sa,LBC.sa@SD,إل بي سي,REVIEW,92,0,35,40.0,40.0,0,2,100.0,0.0,100.0,sa,,EMPTY_DESC=2(6%),أثينا,العهد
mena-sa,MajidAlMohandis.sa@SD,ماجد المهندس,NO_EPG,65,0,0,0.0,0.0,0,0,0.0,0.0,0.0,sa,NO_PROGRAMMES,,,
mena-sa,Maraya.sa@HD,قناة مرايا,REVIEW,92,0,5,4.2,4.2,0,0,100.0,0.0,100.0,sa,,SPARSE_COVERAGE=4.2h,عشنا وشفنا الحلقة 13,حكايا المرايا الحلقة 28
mena-sa,Masah.sa@SD,ماسة,REVIEW,92,0,51,44.0,44.0,0,47,100.0,0.0,100.0,sa,,EMPTY_DESC=47(92%),برنامج,برنامج
mena-sa,MohammedAbdo.sa@SD,محمد عبده,NO_EPG,65,0,0,0.0,0.0,0,0,0.0,0.0,0.0,sa,NO_PROGRAMMES,,,
mena-sa,MoviesAction.sa@SD,Movies Action,PASS,100,1,23,42.33,42.33,0,0,100.0,91.3,100.0,sa,,,The Courier,12 Strong
mena-sa,MoviesThriller.sa@SD,Movies Thriller,PASS,100,1,15,29.58,29.58,0,0,100.0,100.0,100.0,sa,,,Ben Is Back,Cloud Atlas
mena-sa,Oyoun.Al.Watan.TV.ae,Oyoun Al Watan TV,NO_EPG,57,0,0,0.0,0.0,0,0,0.0,0.0,0.0,ae,NO_PROGRAMMES,FOREIGN_FEED_ID=AE_EXPECTED=SA,,
mena-sa,RabehSaqer.sa@HD,رابح صقر,REVIEW,84,0,415,40.55,40.55,0,415,100.0,0.0,0.0,sa,,EMPTY_DESC=415(100%); LOW_TITLE_DIVERSITY=17%,يستاهل الطيب,أزعل عليك
mena-sa,RashidAlMajed.sa@SD,راشد الماجد,NO_EPG,65,0,0,0.0,0.0,0,0,0.0,0.0,0.0,sa,NO_PROGRAMMES,,,
mena-sa,Saudi 1.sa,Saudi 1.sa,PASS,100,1,66,45.17,45.17,0,0,100.0,0.0,100.0,sa,,,صباح السعودية,الكاش في الطريق
mena-sa,Saudi Quran.sa,Saudi Quran.sa,REVIEW,84,0,46,46.0,46.0,0,0,100.0,0.0,100.0,sa,,REPEATED_TITLE=100%; LOW_TITLE_DIVERSITY=2%,القرآن الكريم,القرآن الكريم
mena-sa,Saudi Sports 1.sa,Saudi Sports 1.sa,REVIEW,84,0,46,46.0,46.0,0,0,100.0,0.0,100.0,sa,,REPEATED_TITLE=96%; LOW_TITLE_DIVERSITY=4%,السعودية الرياضية 1,السعودية الرياضية 1
mena-sa,Saudi Sports 2.sa,Saudi Sports 2.sa,REVIEW,84,0,46,46.0,46.0,0,0,0.0,100.0,100.0,sa,,REPEATED_TITLE=100%; LOW_TITLE_DIVERSITY=2%,Saudi Sports 2,Saudi Sports 2
mena-sa,Saudi Sports 3.sa,Saudi Sports 3.sa,REVIEW,84,0,46,46.0,46.0,0,0,0.0,100.0,100.0,sa,,REPEATED_TITLE=100%; LOW_TITLE_DIVERSITY=2%,Saudi Sports 3,Saudi Sports 3
mena-sa,Saudi Sunnah.sa,Saudi Sunnah.sa,REVIEW,84,0,46,46.0,46.0,0,0,100.0,0.0,100.0,sa,,REPEATED_TITLE=100%; LOW_TITLE_DIVERSITY=2%,أحاديث نبوية شريفة,أحاديث نبوية شريفة
mena-sa,Saudi.Al.Ekhbariya.HD.ae,Saudi Al Ekhbariya HD,REVIEW,76,0,105,48.58,48.58,0,105,0.0,100.0,0.0,ae,,EMPTY_DESC=105(100%); LOW_TITLE_DIVERSITY=16%; FOREIGN_FEED_ID=AE_EXPECTED=SA,Today's Show,The Analyst
mena-sa,Saudi.HD.ae,Saudi HD,REVIEW,84,0,63,49.0,49.0,0,63,0.0,100.0,0.0,ae,,EMPTY_DESC=63(100%); FOREIGN_FEED_ID=AE_EXPECTED=SA,Saudi Street,Our Country
mena-sa,Saudi.Quran.TV.HD.ae,Saudi Quran TV HD,NO_EPG,57,0,0,0.0,0.0,0,0,0.0,0.0,0.0,ae,NO_PROGRAMMES,FOREIGN_FEED_ID=AE_EXPECTED=SA,,
mena-sa,Saudi.Sunna.TV.HD.ae,Saudi Sunna TV HD,NO_EPG,57,0,0,0.0,0.0,0,0,0.0,0.0,0.0,ae,NO_PROGRAMMES,FOREIGN_FEED_ID=AE_EXPECTED=SA,,
mena-sa,Saudi.Thikrayat.ae,Saudi Thikrayat,REVIEW,84,0,69,49.5,49.5,0,69,0.0,100.0,0.0,ae,,EMPTY_DESC=69(100%); FOREIGN_FEED_ID=AE_EXPECTED=SA,Salvation,Remi The Homeless Girl
mena-sa,Saudia.Alaan.TV.ae,Saudia Alaan TV,NO_EPG,57,0,0,0.0,0.0,0,0,0.0,0.0,0.0,ae,NO_PROGRAMMES,FOREIGN_FEED_ID=AE_EXPECTED=SA,,
mena-sa,SaudiThaqafiyaTV.sa@SD,الثقافية,NO_EPG,65,0,0,0.0,0.0,0,0,0.0,0.0,0.0,sa,NO_PROGRAMMES,,,
mena-sa,Saudiya TV.eg,Saudiya TV.eg,REVIEW,84,0,50,37.83,37.83,0,50,44.0,56.0,0.0,eg,,EMPTY_DESC=50(100%); FOREIGN_FEED_ID=EG_EXPECTED=SA,Sabah Al Saudia,برنامج ابتكارات المملكة
mena-sa,SBC.sa@SD,SBC,PASS,100,1,50,46.0,46.0,0,0,100.0,0.0,100.0,sa,,,مطبخ ضحى,رمادي
mena-sa,Tarab.sa@SD,طرب,NO_EPG,65,0,0,0.0,0.0,0,0,0.0,0.0,0.0,sa,NO_PROGRAMMES,,,
mena-sa,ThikrayatTV.sa@SD,ذكريات,REVIEW,92,0,53,44.0,44.0,0,14,100.0,0.0,100.0,sa,,EMPTY_DESC=14(26%),أبناء الغد ج3,برنامج أديب من بلادي
mena-sa,Zad.TV.ae,Zad TV,NO_EPG,57,0,0,0.0,0.0,0,0,0.0,0.0,0.0,ae,NO_PROGRAMMES,FOREIGN_FEED_ID=AE_EXPECTED=SA,,
mena-ae,Ajman.TV.HD.ae,Ajman TV HD,NO_EPG,65,0,0,0.0,0.0,0,0,0.0,0.0,0.0,ae,NO_PROGRAMMES,,,
mena-ae,Al.Mashhad.ae,Al Mashhad,NO_EPG,65,0,0,0.0,0.0,0,0,0.0,0.0,0.0,ae,NO_PROGRAMMES,,,
mena-ae,Al.Qamar.TV.ae,Al Qamar TV,NO_EPG,65,0,0,0.0,0.0,0,0,0.0,0.0,0.0,ae,NO_PROGRAMMES,,,
mena-ae,AlDafrahTV.ae@SD,الظفرة,REVIEW,92,0,48,44.0,44.0,0,15,100.0,0.0,100.0,ae,,EMPTY_DESC=15(31%),نشميات من البادية,برنامج ودام وفوالة
mena-ae,AlSharqiyaMinKabla.ae@SD,الشرقية,REVIEW,92,0,19,13.0,13.0,0,10,100.0,0.0,100.0,ae,,EMPTY_DESC=10(53%),عفاريت عدلي علام,صباح الشرقية
mena-ae,Baynounah.TV.HD.ae,Baynounah TV HD,NO_EPG,65,0,0,0.0,0.0,0,0,0.0,0.0,0.0,ae,NO_PROGRAMMES,,,
mena-ae,CartoonNetworkArabic.ae@SD,CN Arabia,PASS,100,1,73,41.58,41.58,0,0,100.0,0.0,100.0,ae,,,كرايغ أوف ذا كريك,غريزي أند ذا ليمينغز
mena-ae,China.Arab.TV.ae,China Arab TV,NO_EPG,65,0,0,0.0,0.0,0,0,0.0,0.0,0.0,ae,NO_PROGRAMMES,,,
mena-ae,CNBC.Arabiya.ae,CNBC Arabiya,REVIEW,84,0,91,49.0,49.0,0,91,100.0,100.0,0.0,ae,,EMPTY_DESC=91(100%); LOW_TITLE_DIVERSITY=15%; DUPLICATE_TIMELINE_GROUP=2,عن كثب,صحتك بين يديك
mena-ae,Emarat.HD.ae,Emarat HD,REVIEW,92,0,65,49.0,49.0,0,65,0.0,100.0,0.0,ae,,EMPTY_DESC=65(100%),UAE Morning,Orchidia
mena-ae,Emirates.eg,Emirates.eg,REVIEW,84,0,53,38.5,38.5,0,53,35.8,64.2,0.0,eg,,EMPTY_DESC=53(100%); FOREIGN_FEED_ID=EG_EXPECTED=AE,Ayn Al Theeb,أخبار
mena-ae,Fujairah TV.sa,Fujairah TV.sa,REVIEW,76,0,46,46.0,46.0,0,0,100.0,0.0,100.0,sa,,REPEATED_TITLE=100%; LOW_TITLE_DIVERSITY=2%; FOREIGN_FEED_ID=SA_EXPECTED=AE,الفجيرة,الفجيرة
mena-ae,Fujairah.eg,Fujairah.eg,REVIEW,84,0,53,49.5,49.5,0,53,49.1,50.9,0.0,eg,,EMPTY_DESC=53(100%); FOREIGN_FEED_ID=EG_EXPECTED=AE,برنامج صباح الخير يا وطن,برنامج
mena-ae,FujairahTV.ae@SD,الفجيرة,REVIEW,84,0,37,35.0,41.0,1,16,100.0,0.0,100.0,ae,,EMPTY_DESC=16(43%); GAPS_GT_2H=1/TOTAL=6.0h,فارس بلا جواز,برنامج وثائقي
mena-ae,NickelodeonArabia.ae@SD,Nickelodeon HD,REVIEW,92,0,117,40.83,40.83,0,0,100.0,0.0,100.0,ae,,LOW_TITLE_DIVERSITY=15%,سبونجبوب سكويربانتس,سبونجبوب سكويربانتس
mena-ae,NickJrArabia.ae@SD,Nick Jr HD,REVIEW,92,0,141,40.75,40.75,0,0,100.0,0.0,100.0,ae,,LOW_TITLE_DIVERSITY=11%,تيم راكس إن سبايس,بان أند هولي فيري ليتل كيندغدوم
mena-ae,NicktoonsArabia.ae@SD,NickToons HD,REVIEW,92,0,123,40.92,40.92,0,0,100.0,0.8,100.0,ae,,LOW_TITLE_DIVERSITY=19%,وايلد باك,ذا فيرلي اود بارتنرز
mena-ae,Sharjah Quran.sa,Sharjah Quran.sa,REVIEW,76,0,46,46.0,46.0,0,0,100.0,0.0,100.0,sa,,REPEATED_TITLE=100%; LOW_TITLE_DIVERSITY=2%; FOREIGN_FEED_ID=SA_EXPECTED=AE,القرآن الكريم الشارقة,القرآن الكريم الشارقة
mena-ae,Sharjah Sports.sa,Sharjah Sports.sa,REVIEW,76,0,46,46.0,46.0,0,0,100.0,0.0,100.0,sa,,REPEATED_TITLE=100%; LOW_TITLE_DIVERSITY=2%; FOREIGN_FEED_ID=SA_EXPECTED=AE,الشارقة الرياضية,الشارقة الرياضية
mena-ae,Sharjah TV.sa,Sharjah TV.sa,REVIEW,76,0,46,46.0,46.0,0,0,100.0,0.0,100.0,sa,,REPEATED_TITLE=100%; LOW_TITLE_DIVERSITY=2%; FOREIGN_FEED_ID=SA_EXPECTED=AE,الشارقة,الشارقة
mena-ae,Sharjah.HD.ae,Sharjah HD,REVIEW,92,0,59,49.0,49.0,0,59,0.0,100.0,0.0,ae,,EMPTY_DESC=59(100%),Advisory Opinions,The Register Of The Arabs
mena-ae,Sharjah.Quran.TV.ae,Sharjah Quran TV,NO_EPG,65,0,0,0.0,0.0,0,0,0.0,0.0,0.0,ae,NO_PROGRAMMES,,,
mena-ae,SharjahTV.ae@SD,الشارقة,REVIEW,92,0,17,10.0,10.0,0,14,100.0,0.0,100.0,ae,,EMPTY_DESC=14(82%),برنامج الخط المباشر,النقطة العميا (فلاش باك)
mena-ae,SkyNewsArabia.ae@SD,Sky News Arabia HD,REVIEW,84,0,61,41.0,41.0,0,0,100.0,73.8,100.0,ae,,REPEATED_TITLE=74%; LOW_TITLE_DIVERSITY=13%,Sky News عربية HD,Sky News عربية HD
mena-ae,SpacetoonArabic.ae@SD,Spacetoon,NO_EPG,65,0,0,0.0,0.0,0,0,0.0,0.0,0.0,ae,NO_PROGRAMMES,,,
mena-ae,StarMoviesMiddleEast.ae@SD,Star Movies Middle East,REVIEW,92,0,8,13.17,13.17,0,8,100.0,0.0,0.0,ae,,EMPTY_DESC=8(100%),إيكوز أوف وور,بيرييرز باونتي
mena-ae,StarWorldMiddleEast.ae@SD,Star World Middle East,REVIEW,92,0,69,13.2,13.2,0,69,100.0,72.5,0.0,ae,,EMPTY_DESC=69(100%),Monchhichi S2-P1-2 EP 20 - THE NICE AIKOR,طبق الخضراوات المحمصة
mena-ae,Zayed.Quran.ae,Zayed Quran,NO_EPG,65,0,0,0.0,0.0,0,0,0.0,0.0,0.0,ae,NO_PROGRAMMES,,,
mena-ae,ZeeAlwan.ae@SD,زي ألوان,PASS,100,1,11,11.0,11.0,0,0,100.0,81.8,100.0,ae,,,Kundali Bhagya,Lakshmi's Lucky Destiny
mena-qa,Al.Jazeera.Documentary.HD.ae,Al Jazeera Documentary HD,NO_EPG,57,0,0,0.0,0.0,0,0,0.0,0.0,0.0,ae,NO_PROGRAMMES,FOREIGN_FEED_ID=AE_EXPECTED=QA,,
mena-qa,Al.Jazeera.English.HD.ae,Al Jazeera English HD,NO_EPG,57,0,0,0.0,0.0,0,0,0.0,0.0,0.0,ae,NO_PROGRAMMES,FOREIGN_FEED_ID=AE_EXPECTED=QA,,
mena-qa,Al.Jazeera.HD.ae,Al Jazeera HD,NO_EPG,57,0,0,0.0,0.0,0,0,0.0,0.0,0.0,ae,NO_PROGRAMMES,FOREIGN_FEED_ID=AE_EXPECTED=QA,,
mena-qa,Al.Jazeera.Mobasher.2.HD.ae,Al Jazeera Mobasher 2 HD,REVIEW,76,0,62,49.0,49.0,0,62,0.0,100.0,0.0,ae,,EMPTY_DESC=62(100%); LOW_TITLE_DIVERSITY=14%; FOREIGN_FEED_ID=AE_EXPECTED=QA; DUPLICATE_TIMELINE_GROUP=3,Morning Show,News
mena-qa,Al.Jazeera.Mobasher.HD.ae,Al Jazeera Mobasher HD,REVIEW,76,0,62,49.0,49.0,0,62,0.0,100.0,0.0,ae,,EMPTY_DESC=62(100%); LOW_TITLE_DIVERSITY=14%; FOREIGN_FEED_ID=AE_EXPECTED=QA; DUPLICATE_TIMELINE_GROUP=3,Morning Show,News
mena-qa,Al.Maaref.TV.ae,Al Maaref TV,NO_EPG,57,0,0,0.0,0.0,0,0,0.0,0.0,0.0,ae,NO_PROGRAMMES,FOREIGN_FEED_ID=AE_EXPECTED=QA,,
mena-qa,Al.Rayyan.Al.Qadeem.HD.ae,Al Rayyan Al Qadeem HD,REVIEW,84,0,52,49.0,49.0,0,52,0.0,100.0,0.0,ae,,EMPTY_DESC=52(100%); FOREIGN_FEED_ID=AE_EXPECTED=QA,Bandar's Adventures In Qatar,Sherbaka
mena-qa,Al.Rayyan.HD.ae,Al Rayyan HD,REVIEW,84,0,49,49.0,49.0,0,49,0.0,100.0,0.0,ae,,EMPTY_DESC=49(100%); FOREIGN_FEED_ID=AE_EXPECTED=QA; DUPLICATE_TIMELINE_GROUP=2; DUPLICATE_TIMELINE_UNRELATED,The Friends,A Blessing Morning
mena-qa,AlArabyTV.qa@SD,Al Araby TV,PASS,100,1,21,17.0,17.0,0,0,100.0,0.0,100.0,qa,,,الأخبار,الأخبار
mena-qa,AlArabyTV2.qa@SD,Al Araby 2,PASS,100,1,21,17.0,17.0,0,0,100.0,0.0,100.0,qa,,,عالم التوابل الساحر,عشرون
mena-qa,Aljazeera-Documentary-1.qa,Aljazeera-Documentary-1.qa,REVIEW,84,0,54,42.97,45.0,0,54,100.0,0.0,0.0,qa,,EMPTY_DESC=54(100%); LOW_TITLE_DIVERSITY=17%,نيوز,نيوز
mena-qa,AlJazeera.Arabic.net,AlJazeera Arabic,REVIEW,76,0,43,49.0,49.0,0,2,100.0,100.0,100.0,,,EMPTY_DESC=2(5%); REPEATED_TITLE=86%; LOW_TITLE_DIVERSITY=7%,نشرة الأخبار,نشرة الأخبار
mena-qa,AlJazeera.English.net,AlJazeera English,REVIEW,92,0,75,49.0,49.0,0,75,0.0,100.0,0.0,,,EMPTY_DESC=75(100%),NEWSHOUR,NEWS 30min
mena-qa,AlJazeera.qa@Arabic,Al Jazeera Arabic,REVIEW,76,0,33,41.0,41.0,0,2,100.0,0.0,100.0,qa,,EMPTY_DESC=2(6%); REPEATED_TITLE=88%; LOW_TITLE_DIVERSITY=9%,نشرة الأخبار,نشرة الأخبار
mena-qa,AlJazeera2.qa@HD,Al Jazeera 2,REVIEW,84,0,20,12.0,30.0,1,1,100.0,0.0,100.0,qa,,EMPTY_DESC=1(5%); GAPS_GT_2H=1/TOTAL=18.0h,نشرة الأخبار,شبكات
mena-qa,Baraem.qa@SD,BaraemTV,REVIEW,84,0,65,15.0,15.0,0,65,100.0,81.5,0.0,qa,,SHORT_LT_2M=2; EMPTY_DESC=65(100%),Baraem Night Loop EP 7,Baraem Night Loop EP 7
mena-qa,BeJunior.qa@SD,Be Junior,REVIEW,92,0,54,43.47,45.0,0,54,100.0,0.0,0.0,qa,,EMPTY_DESC=54(100%),كار إس أو إس,إير كراش إينفيستيجايشن
mena-qa,FoxActionMoviesMENA.hk@SD,Fox Action Movies MENA,REVIEW,84,0,6,12.02,12.02,0,6,100.0,0.0,0.0,,,EMPTY_DESC=6(100%); REPEATED_TITLE=100%,الفايكنغ الأخير,الفايكنغ الأخير
mena-qa,FoxMoviesMiddleEast.us@SD,Fox Movies Middle East,REVIEW,76,0,8,12.02,12.02,0,8,100.0,0.0,0.0,,,EMPTY_DESC=8(100%); REPEATED_TITLE=100%; LOW_TITLE_DIVERSITY=12%,سمكة البوت بوت,سمكة البوت بوت
mena-qa,Hola.Qatar.ae,Hola Qatar,NO_EPG,57,0,0,0.0,0.0,0,0,0.0,0.0,0.0,ae,NO_PROGRAMMES,FOREIGN_FEED_ID=AE_EXPECTED=QA,,
mena-qa,Qatar.2.HD.ae,Qatar 2 HD,REVIEW,84,0,91,51.0,51.0,0,91,0.0,100.0,0.0,ae,,EMPTY_DESC=91(100%); FOREIGN_FEED_ID=AE_EXPECTED=QA,Sports Files,SeaTek
mena-qa,Qatar.R.Quran.2.ae,Qatar R Quran 2,NO_EPG,57,0,0,0.0,0.0,0,0,0.0,0.0,0.0,ae,NO_PROGRAMMES,FOREIGN_FEED_ID=AE_EXPECTED=QA,,
mena-qa,Qatar.R.Quran.ae,Qatar R Quran,NO_EPG,57,0,0,0.0,0.0,0,0,0.0,0.0,0.0,ae,NO_PROGRAMMES,FOREIGN_FEED_ID=AE_EXPECTED=QA,,
mena-qa,Qatar.TV.HD.ae,Qatar TV HD,REVIEW,76,0,53,50.58,50.58,0,53,0.0,100.0,0.0,ae,,LONG_GT_6H=2; EMPTY_DESC=53(100%); FOREIGN_FEED_ID=AE_EXPECTED=QA,In The Morning,Family Support
mena-qa,Sout.Al.Islam.Doha.ae,Sout Al Islam Doha,NO_EPG,57,0,0,0.0,0.0,0,0,0.0,0.0,0.0,ae,NO_PROGRAMMES,FOREIGN_FEED_ID=AE_EXPECTED=QA,,
mena-qa,Sout.Al.Rayyan.ae,Sout Al Rayyan,NO_EPG,57,0,0,0.0,0.0,0,0,0.0,0.0,0.0,ae,NO_PROGRAMMES,FOREIGN_FEED_ID=AE_EXPECTED=QA,,
mena-qa,Sout.Alkhaleej.2.ae,Sout Alkhaleej 2,NO_EPG,57,0,0,0.0,0.0,0,0,0.0,0.0,0.0,ae,NO_PROGRAMMES,FOREIGN_FEED_ID=AE_EXPECTED=QA,,
mena-qa,Sout.Alkhaleej.3.ae,Sout Alkhaleej 3,NO_EPG,57,0,0,0.0,0.0,0,0,0.0,0.0,0.0,ae,NO_PROGRAMMES,FOREIGN_FEED_ID=AE_EXPECTED=QA,,
mena-qa,Sout.Alkhaleej.4.ae,Sout Alkhaleej 4,NO_EPG,57,0,0,0.0,0.0,0,0,0.0,0.0,0.0,ae,NO_PROGRAMMES,FOREIGN_FEED_ID=AE_EXPECTED=QA,,
mena-qa,Sout.Alkhaleej.Europe.ae,Sout Alkhaleej Europe,NO_EPG,57,0,0,0.0,0.0,0,0,0.0,0.0,0.0,ae,NO_PROGRAMMES,FOREIGN_FEED_ID=AE_EXPECTED=QA,,
mena-kw,Al.Anwar.TV.ae,Al Anwar TV,NO_EPG,57,0,0,0.0,0.0,0,0,0.0,0.0,0.0,ae,NO_PROGRAMMES,FOREIGN_FEED_ID=AE_EXPECTED=KW,,
mena-kw,AlraiTV.kw@SD,Al Rai TV,REVIEW,84,0,76,41.5,41.5,0,49,100.0,0.0,100.0,kw,,EMPTY_DESC=49(64%); LOW_TITLE_DIVERSITY=4%,الراي,الراي
mena-kw,KTV Channel 1 HD.sa,KTV Channel 1 HD.sa,REVIEW,84,0,58,25.0,25.0,0,58,100.0,0.0,0.0,sa,,EMPTY_DESC=58(100%); FOREIGN_FEED_ID=SA_EXPECTED=KW,صباح الخير يا كويت,الحياة فصول
mena-kw,Kuwait.Al.Akhbar.ae,Kuwait Al Akhbar,NO_EPG,57,0,0,0.0,0.0,0,0,0.0,0.0,0.0,ae,NO_PROGRAMMES,FOREIGN_FEED_ID=AE_EXPECTED=KW,,
mena-kw,Kuwait.Classical.ae,Kuwait Classical,NO_EPG,57,0,0,0.0,0.0,0,0,0.0,0.0,0.0,ae,NO_PROGRAMMES,FOREIGN_FEED_ID=AE_EXPECTED=KW,,
mena-kw,Kuwait.Easy.ae,Kuwait Easy,NO_EPG,57,0,0,0.0,0.0,0,0,0.0,0.0,0.0,ae,NO_PROGRAMMES,FOREIGN_FEED_ID=AE_EXPECTED=KW,,
mena-kw,Kuwait.Holy.Quran.ae,Kuwait Holy Quran,NO_EPG,57,0,0,0.0,0.0,0,0,0.0,0.0,0.0,ae,NO_PROGRAMMES,FOREIGN_FEED_ID=AE_EXPECTED=KW,,
mena-kw,Kuwait.Shaabyia.ae,Kuwait Shaabyia,NO_EPG,57,0,0,0.0,0.0,0,0,0.0,0.0,0.0,ae,NO_PROGRAMMES,FOREIGN_FEED_ID=AE_EXPECTED=KW,,
mena-kw,Kuwait.Sport.HD.ae,Kuwait Sport HD,REVIEW,68,0,34,42.5,43.0,0,34,0.0,100.0,0.0,ae,,EMPTY_DESC=34(100%); PLACEHOLDER=1; GENERIC_GUIDE=3%; FOREIGN_FEED_ID=AE_EXPECTED=KW; DUPLICATE_TIMELINE_GROUP=7,ON Time Stadium,Sport TV Magazine
mena-kw,Kuwait.Super.ae,Kuwait Super,NO_EPG,57,0,0,0.0,0.0,0,0,0.0,0.0,0.0,ae,NO_PROGRAMMES,FOREIGN_FEED_ID=AE_EXPECTED=KW,,
mena-kw,Kuwait.TV.1.HD.ae,Kuwait TV 1 HD,REVIEW,84,0,61,49.0,49.0,0,61,0.0,100.0,0.0,ae,,EMPTY_DESC=61(100%); FOREIGN_FEED_ID=AE_EXPECTED=KW,The Path,Cartoon
mena-kw,Kuwait.TV.2.HD.ae,Kuwait TV 2 HD,NO_EPG,57,0,0,0.0,0.0,0,0,0.0,0.0,0.0,ae,NO_PROGRAMMES,FOREIGN_FEED_ID=AE_EXPECTED=KW,,
mena-kw,Kuwait.TV.Sport.Plus.HD.ae,Kuwait TV Sport Plus HD,REVIEW,68,0,34,42.5,43.0,0,34,0.0,100.0,0.0,ae,,EMPTY_DESC=34(100%); PLACEHOLDER=1; GENERIC_GUIDE=3%; FOREIGN_FEED_ID=AE_EXPECTED=KW; DUPLICATE_TIMELINE_GROUP=7,ON Time Stadium,Sport TV Magazine
mena-bh,Bahrain Sports TV.sa,Bahrain Sports TV.sa,REVIEW,76,0,46,46.0,46.0,0,0,100.0,0.0,100.0,sa,,REPEATED_TITLE=100%; LOW_TITLE_DIVERSITY=2%; FOREIGN_FEED_ID=SA_EXPECTED=BH,البحرين الرياضية,البحرين الرياضية
mena-bh,Bahrain.International.ae,Bahrain International,NO_EPG,57,0,0,0.0,0.0,0,0,0.0,0.0,0.0,ae,NO_PROGRAMMES,FOREIGN_FEED_ID=AE_EXPECTED=BH,,
mena-bh,BahrainTV.bh@SD,Bahrain TV,PASS,100,1,92,41.07,41.07,0,0,100.0,0.0,100.0,bh,,,صباح البحرين,عوافي
mena-bh,LuaLua.TV.HD.ae,LuaLua TV HD,NO_EPG,57,0,0,0.0,0.0,0,0,0.0,0.0,0.0,ae,NO_PROGRAMMES,FOREIGN_FEED_ID=AE_EXPECTED=BH,,
mena-om,Alistiqama.TV.ae,Alistiqama TV,NO_EPG,57,0,0,0.0,0.0,0,0,0.0,0.0,0.0,ae,NO_PROGRAMMES,FOREIGN_FEED_ID=AE_EXPECTED=OM,,
mena-om,Oman Al Thakafeyah.sa,Oman Al Thakafeyah.sa,REVIEW,92,0,96,45.42,45.42,0,0,100.0,0.0,100.0,sa,,FOREIGN_FEED_ID=SA_EXPECTED=OM,لغتنا هويتنا,الوصول إلى النجوم
mena-om,Oman Mubasher.sa,Oman Mubasher.sa,REVIEW,92,0,93,45.25,45.25,0,0,100.0,0.0,100.0,sa,,FOREIGN_FEED_ID=SA_EXPECTED=OM,الأخبار,عطر الشام
mena-om,Oman Sport.sa,Oman Sport.sa,REVIEW,92,0,32,48.0,48.0,0,0,100.0,0.0,100.0,sa,,FOREIGN_FEED_ID=SA_EXPECTED=OM,الدكة,كأس العالم لخماسيات الهوكي - عمان
mena-om,Oman.eg,Oman.eg,REVIEW,84,0,90,48.0,48.0,0,90,57.8,42.2,0.0,eg,,EMPTY_DESC=90(100%); FOREIGN_FEED_ID=EG_EXPECTED=OM,نشرة أخبار الحادية عشر,Aetr Al-Sham 3
mena-om,Oman.TV.Culture.HD.ae,Oman TV Culture HD,NO_EPG,57,0,0,0.0,0.0,0,0,0.0,0.0,0.0,ae,NO_PROGRAMMES,FOREIGN_FEED_ID=AE_EXPECTED=OM,,
mena-om,Oman.TV.Mubasher.HD.ae,Oman TV Mubasher HD,REVIEW,84,0,49,49.0,49.0,0,49,0.0,100.0,0.0,ae,,EMPTY_DESC=49(100%); FOREIGN_FEED_ID=AE_EXPECTED=OM; DUPLICATE_TIMELINE_GROUP=2; DUPLICATE_TIMELINE_UNRELATED,The Friends,A Blessing Morning
mena-om,Oman.TV.Sport.HD.ae,Oman TV Sport HD,REVIEW,68,0,34,42.5,43.0,0,34,0.0,100.0,0.0,ae,,EMPTY_DESC=34(100%); PLACEHOLDER=1; GENERIC_GUIDE=3%; FOREIGN_FEED_ID=AE_EXPECTED=OM; DUPLICATE_TIMELINE_GROUP=7,ON Time Stadium,Sport TV Magazine
mena-om,OmanSportsTV.om,قناة عمان الرياضية,REVIEW,92,0,28,38.08,38.08,0,28,100.0,0.0,0.0,om,,EMPTY_DESC=28(100%),عمان × الإمارات - كأس الخليج الــ26 - الكويت 2024,الحدث - S2 - 2026 - الحلقة 10
mena-om,OmanTV.om,قناة عمان العامة,REVIEW,92,0,77,37.83,37.92,0,77,100.0,3.9,0.0,om,,EMPTY_DESC=77(100%); DUPLICATE_TIMELINE_GROUP=2,نشرة أخبار الحادية عشر,المسلسل العربي السوري _ عطر الشام ج3 - الحلقة 26
mena-om,OmanTV.om@SD,Oman TV,PASS,100,1,79,41.5,41.5,0,0,100.0,0.0,100.0,om,,,نشرة أخبار الحادية عشر,عطر الشام
mena-om,OmanTVCultural.om,قناة عمان الثقافية,REVIEW,92,0,77,37.58,37.75,0,77,100.0,0.0,0.0,om,,EMPTY_DESC=77(100%),برنامج - لغتنا هويتنا - الموسم الثالث,البرنامج الثقافي - الوصول الى النجوم
mena-om,OmanTVMubashir.om,قناة عمان مباشر,REVIEW,92,0,77,37.83,37.92,0,77,100.0,3.9,0.0,om,,EMPTY_DESC=77(100%); DUPLICATE_TIMELINE_GROUP=2,نشرة أخبار الحادية عشر,المسلسل العربي السوري _ عطر الشام ج3 - الحلقة 26
mena-jo,Al Mamlaka TV.sa,Al Mamlaka TV.sa,REVIEW,84,0,85,46.0,46.0,0,0,96.5,3.5,100.0,sa,,LOW_TITLE_DIVERSITY=15%; FOREIGN_FEED_ID=SA_EXPECTED=JO,الأخبار,تحديثات سوق الأسهم
mena-jo,AmmanTV.jo@SD,عَمان,REVIEW,92,0,11,11.5,11.5,0,8,100.0,9.1,100.0,jo,,EMPTY_DESC=8(73%),برنامج بهار ونار,برنامج صحتين وهنا
mena-jo,Azhari.TV.ae,Azhari TV,NO_EPG,57,0,0,0.0,0.0,0,0,0.0,0.0,0.0,ae,NO_PROGRAMMES,FOREIGN_FEED_ID=AE_EXPECTED=JO,,
mena-jo,Jordan TV.sa,Jordan TV.sa,REVIEW,76,0,46,46.0,46.0,0,0,100.0,0.0,100.0,sa,,REPEATED_TITLE=100%; LOW_TITLE_DIVERSITY=2%; FOREIGN_FEED_ID=SA_EXPECTED=JO,التلفزيون الأردني,التلفزيون الأردني
mena-jo,Jordan.sama.ae,Jordan sama,NO_EPG,57,0,0,0.0,0.0,0,0,0.0,0.0,0.0,ae,NO_PROGRAMMES,FOREIGN_FEED_ID=AE_EXPECTED=JO,,
mena-jo,Jordan.Sport.HD.ae,Jordan Sport HD,REVIEW,68,0,34,42.5,43.0,0,34,0.0,100.0,0.0,ae,,EMPTY_DESC=34(100%); PLACEHOLDER=1; GENERIC_GUIDE=3%; FOREIGN_FEED_ID=AE_EXPECTED=JO; DUPLICATE_TIMELINE_GROUP=7,ON Time Stadium,Sport TV Magazine
mena-jo,JordanTV.jo@SD,الأردن,REVIEW,92,0,62,44.0,44.0,0,42,100.0,0.0,100.0,jo,,EMPTY_DESC=42(68%),برنامج الو دكتور,برنامج يحدث اليوم
mena-jo,Kaifa.TV.ae,Kaifa TV,NO_EPG,57,0,0,0.0,0.0,0,0,0.0,0.0,0.0,ae,NO_PROGRAMMES,FOREIGN_FEED_ID=AE_EXPECTED=JO,,
mena-jo,Karameesh.ae,Karameesh,NO_EPG,57,0,0,0.0,0.0,0,0,0.0,0.0,0.0,ae,NO_PROGRAMMES,FOREIGN_FEED_ID=AE_EXPECTED=JO,,
mena-jo,Quran.Kareem.Jordan.ae,Quran Kareem Jordan,NO_EPG,57,0,0,0.0,0.0,0,0,0.0,0.0,0.0,ae,NO_PROGRAMMES,FOREIGN_FEED_ID=AE_EXPECTED=JO,,
mena-jo,RoyaComedy.jo@SD,Roya Comedy,REVIEW,92,0,88,37.92,37.92,0,0,100.0,0.0,100.0,jo,,LOW_TITLE_DIVERSITY=16%,يوميات مدير عام,4 في 1
mena-jo,RoyaKids.jo@SD,Roya Kids,REVIEW,76,0,58,38.13,38.13,0,4,100.0,10.3,100.0,jo,,SHORT_LT_2M=4; EMPTY_DESC=4(7%); LOW_TITLE_DIVERSITY=14%,فترة الاطفال - فيكسيز,الموسم الثامن
mena-jo,RoyaKitchen.jo@SD,Roya Kitchen,REVIEW,92,0,123,37.57,37.58,0,0,100.0,0.0,100.0,jo,,LOW_TITLE_DIVERSITY=7%,مطبخ رؤيا - حلويات غربية,مطبخ رؤيا - نصائح صحية
mena-jo,RoyaNews.jo@SD,Roya News,REVIEW,84,0,55,38.33,38.33,0,7,100.0,0.0,100.0,jo,,EMPTY_DESC=7(13%); LOW_TITLE_DIVERSITY=20%,من هنا نبدأ,موجز الأخبار
mena-jo,RoyaTV.jo@SD,Roya TV,PASS,100,1,34,40.0,40.0,0,0,100.0,0.0,100.0,jo,,,دنيا يا دنيا,مطبخ رؤيا
mena-jo,Toyor.Aljanah.TV.ae,Toyor Aljanah TV,NO_EPG,57,0,0,0.0,0.0,0,0,0.0,0.0,0.0,ae,NO_PROGRAMMES,FOREIGN_FEED_ID=AE_EXPECTED=JO,,
mena-lb,Aghani Aghani.sa,Aghani Aghani.sa,REVIEW,76,0,46,46.0,46.0,0,0,100.0,0.0,100.0,sa,,REPEATED_TITLE=100%; LOW_TITLE_DIVERSITY=2%; FOREIGN_FEED_ID=SA_EXPECTED=LB,أغاني,أغاني
mena-lb,Al Jadeed TV.eg,Al Jadeed TV.eg,REVIEW,84,0,15,15.0,15.0,0,15,46.7,53.3,0.0,eg,,EMPTY_DESC=15(100%); FOREIGN_FEED_ID=EG_EXPECTED=LB,برنامج صباح اليوم,موجزالأخبار
mena-lb,Al.Iman.TV.ae,Al Iman TV,NO_EPG,57,0,0,0.0,0.0,0,0,0.0,0.0,0.0,ae,NO_PROGRAMMES,FOREIGN_FEED_ID=AE_EXPECTED=LB,,
mena-lb,Al.Ittihad.TV.ae,Al Ittihad TV,NO_EPG,57,0,0,0.0,0.0,0,0,0.0,0.0,0.0,ae,NO_PROGRAMMES,FOREIGN_FEED_ID=AE_EXPECTED=LB,,
mena-lb,Al.Mayadeen.HD.ae,Al Mayadeen HD,NO_EPG,57,0,0,0.0,0.0,0,0,0.0,0.0,0.0,ae,NO_PROGRAMMES,FOREIGN_FEED_ID=AE_EXPECTED=LB,,
mena-lb,AlJadeed.lb@SD,الجديد,REVIEW,92,0,13,12.0,12.0,0,5,100.0,0.0,100.0,lb,,EMPTY_DESC=5(38%),تحت سابع أرض,الفخ
mena-lb,Beirut.Aflam.ae,Beirut Aflam,NO_EPG,57,0,0,0.0,0.0,0,0,0.0,0.0,0.0,ae,NO_PROGRAMMES,FOREIGN_FEED_ID=AE_EXPECTED=LB,,
mena-lb,Beirut.Alyoom.ae,Beirut Alyoom,NO_EPG,57,0,0,0.0,0.0,0,0,0.0,0.0,0.0,ae,NO_PROGRAMMES,FOREIGN_FEED_ID=AE_EXPECTED=LB,,
mena-lb,Beirut.Cinema.ae,Beirut Cinema,NO_EPG,57,0,0,0.0,0.0,0,0,0.0,0.0,0.0,ae,NO_PROGRAMMES,FOREIGN_FEED_ID=AE_EXPECTED=LB,,
mena-lb,Beirut.Drama.ae,Beirut Drama,NO_EPG,57,0,0,0.0,0.0,0,0,0.0,0.0,0.0,ae,NO_PROGRAMMES,FOREIGN_FEED_ID=AE_EXPECTED=LB,,
mena-lb,LanaTV.lb@SD,ال تي في,REVIEW,92,0,11,11.0,11.0,0,3,100.0,18.2,100.0,lb,,EMPTY_DESC=3(27%),كسر عضم ج2: السراديب,برنامج Album
mena-lb,LBCI.eg,LBCI.eg,REVIEW,84,0,36,38.0,38.0,0,36,47.2,66.7,0.0,eg,,EMPTY_DESC=36(100%); FOREIGN_FEED_ID=EG_EXPECTED=LB,برنامج شمس الصباح,Naharukum Saeid
mena-lb,LBCInternational.lb@SD,إل بي سي آي,REVIEW,92,0,23,24.0,24.0,0,9,100.0,8.7,100.0,lb,,EMPTY_DESC=9(39%),نشرة الاخبار,ولاد البلد
mena-lb,MTV.lb@SD,MTV Lebanon,REVIEW,92,0,16,46.92,46.92,0,0,100.0,100.0,100.0,lb,,LONG_GT_6H=2,ALIVE,Midday News
mena-lb,Nabaa.TV.ae,Nabaa TV,NO_EPG,57,0,0,0.0,0.0,0,0,0.0,0.0,0.0,ae,NO_PROGRAMMES,FOREIGN_FEED_ID=AE_EXPECTED=LB,,
mena-lb,Nour.Koddass.ae,Nour Koddass,NO_EPG,57,0,0,0.0,0.0,0,0,0.0,0.0,0.0,ae,NO_PROGRAMMES,FOREIGN_FEED_ID=AE_EXPECTED=LB,,
mena-lb,Noursat.TV.ae,Noursat TV,NO_EPG,57,0,0,0.0,0.0,0,0,0.0,0.0,0.0,ae,NO_PROGRAMMES,FOREIGN_FEED_ID=AE_EXPECTED=LB,,
mena-lb,Suboro.TV.ae,Suboro TV,NO_EPG,57,0,0,0.0,0.0,0,0,0.0,0.0,0.0,ae,NO_PROGRAMMES,FOREIGN_FEED_ID=AE_EXPECTED=LB,,
mena-iq,Afaq.TV.ae,Afaq TV,NO_EPG,57,0,0,0.0,0.0,0,0,0.0,0.0,0.0,ae,NO_PROGRAMMES,FOREIGN_FEED_ID=AE_EXPECTED=IQ,,
mena-iq,Al.Anbar.ae,Al Anbar,NO_EPG,57,0,0,0.0,0.0,0,0,0.0,0.0,0.0,ae,NO_PROGRAMMES,FOREIGN_FEED_ID=AE_EXPECTED=IQ,,
mena-iq,Al.Ayyam.TV.ae,Al Ayyam TV,NO_EPG,57,0,0,0.0,0.0,0,0,0.0,0.0,0.0,ae,NO_PROGRAMMES,FOREIGN_FEED_ID=AE_EXPECTED=IQ,,
mena-iq,Al.Eshraq.TV.ae,Al Eshraq TV,NO_EPG,57,0,0,0.0,0.0,0,0,0.0,0.0,0.0,ae,NO_PROGRAMMES,FOREIGN_FEED_ID=AE_EXPECTED=IQ,,
mena-iq,Al.Fallujah.TV.ae,Al Fallujah TV,NO_EPG,57,0,0,0.0,0.0,0,0,0.0,0.0,0.0,ae,NO_PROGRAMMES,FOREIGN_FEED_ID=AE_EXPECTED=IQ,,
mena-iq,Al.Forat.ae,Al Forat,NO_EPG,57,0,0,0.0,0.0,0,0,0.0,0.0,0.0,ae,NO_PROGRAMMES,FOREIGN_FEED_ID=AE_EXPECTED=IQ,,
mena-iq,Al.Iraqiya.HD.ae,Al Iraqiya HD,REVIEW,84,0,61,49.0,49.0,0,61,0.0,100.0,0.0,ae,,EMPTY_DESC=61(100%); FOREIGN_FEED_ID=AE_EXPECTED=IQ; DUPLICATE_TIMELINE_GROUP=2,Melon City Show,Reunited
mena-iq,Al.Iraqiya.Kurd.ae,Al Iraqiya Kurd,NO_EPG,57,0,0,0.0,0.0,0,0,0.0,0.0,0.0,ae,NO_PROGRAMMES,FOREIGN_FEED_ID=AE_EXPECTED=IQ,,
mena-iq,Al.Iraqiya.News.HD.ae,Al Iraqiya News HD,REVIEW,76,0,49,49.0,49.0,0,49,0.0,100.0,0.0,ae,,EMPTY_DESC=49(100%); LOW_TITLE_DIVERSITY=12%; FOREIGN_FEED_ID=AE_EXPECTED=IQ; DUPLICATE_TIMELINE_GROUP=2,A Red Highlight,The Report
mena-iq,Al.Iraqiya.Sport.HD.ae,Al Iraqiya Sport HD,NO_EPG,57,0,0,0.0,0.0,0,0,0.0,0.0,0.0,ae,NO_PROGRAMMES,FOREIGN_FEED_ID=AE_EXPECTED=IQ,,
mena-iq,Al.Iraqiya.Turkuman.ae,Al Iraqiya Turkuman,NO_EPG,57,0,0,0.0,0.0,0,0,0.0,0.0,0.0,ae,NO_PROGRAMMES,FOREIGN_FEED_ID=AE_EXPECTED=IQ,,
mena-iq,Al.Kafeel.ae,Al Kafeel,NO_EPG,57,0,0,0.0,0.0,0,0,0.0,0.0,0.0,ae,NO_PROGRAMMES,FOREIGN_FEED_ID=AE_EXPECTED=IQ,,
mena-iq,Al.Naeem.TV.ae,Al Naeem TV,NO_EPG,57,0,0,0.0,0.0,0,0,0.0,0.0,0.0,ae,NO_PROGRAMMES,FOREIGN_FEED_ID=AE_EXPECTED=IQ,,
mena-iq,Al.Najaf.Al.Ashraf.TV.ae,Al Najaf Al Ashraf TV,NO_EPG,57,0,0,0.0,0.0,0,0,0.0,0.0,0.0,ae,NO_PROGRAMMES,FOREIGN_FEED_ID=AE_EXPECTED=IQ,,
mena-iq,Al.Rasheed.TV.HD.ae,Al Rasheed TV HD,REVIEW,84,0,50,49.0,49.0,0,50,0.0,100.0,0.0,ae,,EMPTY_DESC=50(100%); FOREIGN_FEED_ID=AE_EXPECTED=IQ; DUPLICATE_TIMELINE_GROUP=2; DUPLICATE_TIMELINE_UNRELATED,Their Issues,Dijla Morning
mena-iq,Al.Salam.TV.ae,Al Salam TV,NO_EPG,57,0,0,0.0,0.0,0,0,0.0,0.0,0.0,ae,NO_PROGRAMMES,FOREIGN_FEED_ID=AE_EXPECTED=IQ,,
mena-iq,Al.sharqiya.News.HD.ae,Al sharqiya News HD,REVIEW,76,0,49,49.0,49.0,0,49,0.0,100.0,0.0,ae,,EMPTY_DESC=49(100%); LOW_TITLE_DIVERSITY=12%; FOREIGN_FEED_ID=AE_EXPECTED=IQ; DUPLICATE_TIMELINE_GROUP=2,A Red Highlight,The Report
mena-iq,Al.Sharqiya.TV.HD.ae,Al Sharqiya TV HD,REVIEW,84,0,61,49.0,49.0,0,61,0.0,100.0,0.0,ae,,EMPTY_DESC=61(100%); FOREIGN_FEED_ID=AE_EXPECTED=IQ; DUPLICATE_TIMELINE_GROUP=2,Melon City Show,Reunited
mena-iq,Al.Sumaria.TV.ae,Al Sumaria TV,REVIEW,84,0,64,49.17,49.17,0,64,0.0,100.0,0.0,ae,,EMPTY_DESC=64(100%); FOREIGN_FEED_ID=AE_EXPECTED=IQ,Leader's Chair,Love Of My Life
mena-iq,Alahad.TV.HD.ae,Alahad TV HD,NO_EPG,57,0,0,0.0,0.0,0,0,0.0,0.0,0.0,ae,NO_PROGRAMMES,FOREIGN_FEED_ID=AE_EXPECTED=IQ,,
mena-iq,Alghadeer.TV.ae,Alghadeer TV,NO_EPG,57,0,0,0.0,0.0,0,0,0.0,0.0,0.0,ae,NO_PROGRAMMES,FOREIGN_FEED_ID=AE_EXPECTED=IQ,,
mena-iq,AlIraqia.iq@SD,العراقية,REVIEW,84,0,44,35.0,41.0,1,30,100.0,9.1,100.0,iq,,EMPTY_DESC=30(68%); GAPS_GT_2H=1/TOTAL=6.0h,برنامج وقفة مرورية,برنامج كناية
mena-iq,Alrasheed.eg,Alrasheed.eg,REVIEW,84,0,48,48.0,48.0,0,48,91.7,8.3,0.0,eg,,EMPTY_DESC=48(100%); FOREIGN_FEED_ID=EG_EXPECTED=IQ,برنامج يوم جديد,نشرة الأخبار
mena-iq,AlRasheedTV.iq@SD,الرشيد,REVIEW,84,0,36,35.0,41.0,1,32,100.0,11.1,100.0,iq,,EMPTY_DESC=32(89%); GAPS_GT_2H=1/TOTAL=6.0h,برنامج مع ياسر عامر,برنامج مطبخي مع الشيف آية
mena-iq,Alshaaer.TV.ae,Alshaaer TV,NO_EPG,57,0,0,0.0,0.0,0,0,0.0,0.0,0.0,ae,NO_PROGRAMMES,FOREIGN_FEED_ID=AE_EXPECTED=IQ,,
mena-iq,Alsumaria.eg,Alsumaria.eg,REVIEW,84,0,12,13.83,13.83,0,12,50.0,66.7,0.0,eg,,EMPTY_DESC=12(100%); FOREIGN_FEED_ID=EG_EXPECTED=IQ,Moodi Qeta'a Min Zahab,برنامج ناس وناس
mena-iq,Alsumaria.iq@SD,السومرية,REVIEW,92,0,12,13.83,13.83,0,6,100.0,16.7,100.0,iq,,EMPTY_DESC=6(50%),موضي قطعة من ذهب,برنامج ناس وناس
mena-iq,Altaleaa.TV.ae,Altaleaa TV,NO_EPG,57,0,0,0.0,0.0,0,0,0.0,0.0,0.0,ae,NO_PROGRAMMES,FOREIGN_FEED_ID=AE_EXPECTED=IQ,,
mena-iq,Amozhgary.TV.ae,Amozhgary TV,NO_EPG,57,0,0,0.0,0.0,0,0,0.0,0.0,0.0,ae,NO_PROGRAMMES,FOREIGN_FEED_ID=AE_EXPECTED=IQ,,
mena-iq,Baghdad.TV.ae,Baghdad TV,NO_EPG,57,0,0,0.0,0.0,0,0,0.0,0.0,0.0,ae,NO_PROGRAMMES,FOREIGN_FEED_ID=AE_EXPECTED=IQ,,
mena-iq,Bangawaz.TV.ae,Bangawaz TV,NO_EPG,57,0,0,0.0,0.0,0,0,0.0,0.0,0.0,ae,NO_PROGRAMMES,FOREIGN_FEED_ID=AE_EXPECTED=IQ,,
mena-iq,Dijlah TV.eg,Dijlah TV.eg,REVIEW,84,0,46,48.0,48.0,0,46,93.5,6.5,0.0,eg,,EMPTY_DESC=46(100%); FOREIGN_FEED_ID=EG_EXPECTED=IQ,برنامج صباح دجلة,أخبار
mena-iq,Dijlah.Zaman.ae,Dijlah Zaman,REVIEW,84,0,25,50.0,50.0,0,25,0.0,100.0,0.0,ae,,EMPTY_DESC=25(100%); FOREIGN_FEED_ID=AE_EXPECTED=IQ; DUPLICATE_TIMELINE_GROUP=2; DUPLICATE_TIMELINE_UNRELATED,The Lovely Bus Conductors,My Daughters And I
mena-iq,DijlahTV.iq@SD,دجلة,REVIEW,92,0,42,44.0,44.0,0,39,100.0,0.0,100.0,iq,,EMPTY_DESC=39(93%),برنامج صباح دجلة,أخبار
mena-iq,Gali.Kurdistan.HD.ae,Gali Kurdistan HD,NO_EPG,57,0,0,0.0,0.0,0,0,0.0,0.0,0.0,ae,NO_PROGRAMMES,FOREIGN_FEED_ID=AE_EXPECTED=IQ,,
mena-iq,Imam.Hussein.TV.2.ae,Imam Hussein TV 2,NO_EPG,57,0,0,0.0,0.0,0,0,0.0,0.0,0.0,ae,NO_PROGRAMMES,FOREIGN_FEED_ID=AE_EXPECTED=IQ,,
mena-iq,Iraq.24.HD.ae,Iraq 24 HD,NO_EPG,57,0,0,0.0,0.0,0,0,0.0,0.0,0.0,ae,NO_PROGRAMMES,FOREIGN_FEED_ID=AE_EXPECTED=IQ,,
mena-iq,Iraq.Al.Hadath.ae,Iraq Al Hadath,REVIEW,84,0,50,49.0,49.0,0,50,0.0,100.0,0.0,ae,,EMPTY_DESC=50(100%); FOREIGN_FEED_ID=AE_EXPECTED=IQ; DUPLICATE_TIMELINE_GROUP=2; DUPLICATE_TIMELINE_UNRELATED,Their Issues,Dijla Morning
mena-iq,Iraq.Future.TV.ae,Iraq Future TV,NO_EPG,57,0,0,0.0,0.0,0,0,0.0,0.0,0.0,ae,NO_PROGRAMMES,FOREIGN_FEED_ID=AE_EXPECTED=IQ,,
mena-iq,Iraq.Now.ae,Iraq Now,NO_EPG,57,0,0,0.0,0.0,0,0,0.0,0.0,0.0,ae,NO_PROGRAMMES,FOREIGN_FEED_ID=AE_EXPECTED=IQ,,
mena-iq,Karbala.TV.HD.ae,Karbala TV HD,NO_EPG,57,0,0,0.0,0.0,0,0,0.0,0.0,0.0,ae,NO_PROGRAMMES,FOREIGN_FEED_ID=AE_EXPECTED=IQ,,
mena-iq,Kirkuk.TV.ae,Kirkuk TV,NO_EPG,57,0,0,0.0,0.0,0,0,0.0,0.0,0.0,ae,NO_PROGRAMMES,FOREIGN_FEED_ID=AE_EXPECTED=IQ,,
mena-iq,Kurdistan.TV.ae,Kurdistan TV,NO_EPG,57,0,0,0.0,0.0,0,0,0.0,0.0,0.0,ae,NO_PROGRAMMES,FOREIGN_FEED_ID=AE_EXPECTED=IQ,,
mena-iq,KurdMax.HD.ae,KurdMax HD,NO_EPG,57,0,0,0.0,0.0,0,0,0.0,0.0,0.0,ae,NO_PROGRAMMES,FOREIGN_FEED_ID=AE_EXPECTED=IQ,,
mena-iq,Kurdsat.ae,Kurdsat,NO_EPG,57,0,0,0.0,0.0,0,0,0.0,0.0,0.0,ae,NO_PROGRAMMES,FOREIGN_FEED_ID=AE_EXPECTED=IQ,,
mena-iq,Kurdsat.News.HD.ae,Kurdsat News HD,NO_EPG,57,0,0,0.0,0.0,0,0,0.0,0.0,0.0,ae,NO_PROGRAMMES,FOREIGN_FEED_ID=AE_EXPECTED=IQ,,
mena-iq,Manu.Chat.ae,Manu Chat,NO_EPG,57,0,0,0.0,0.0,0,0,0.0,0.0,0.0,ae,NO_PROGRAMMES,FOREIGN_FEED_ID=AE_EXPECTED=IQ,,
mena-iq,NRT.2.HD.ae,NRT 2 HD,NO_EPG,57,0,0,0.0,0.0,0,0,0.0,0.0,0.0,ae,NO_PROGRAMMES,FOREIGN_FEED_ID=AE_EXPECTED=IQ,,
mena-iq,NRT.HD.ae,NRT HD,NO_EPG,57,0,0,0.0,0.0,0,0,0.0,0.0,0.0,ae,NO_PROGRAMMES,FOREIGN_FEED_ID=AE_EXPECTED=IQ,,
mena-iq,Payam.TV.ae,Payam TV,NO_EPG,57,0,0,0.0,0.0,0,0,0.0,0.0,0.0,ae,NO_PROGRAMMES,FOREIGN_FEED_ID=AE_EXPECTED=IQ,,
mena-iq,Rûdaw.TV.HD.ae,Rûdaw TV HD,NO_EPG,57,0,0,0.0,0.0,0,0,0.0,0.0,0.0,ae,NO_PROGRAMMES,FOREIGN_FEED_ID=AE_EXPECTED=IQ,,
mena-iq,Sharqiya from Kalba.sa,Sharqiya from Kalba.sa,REVIEW,76,0,46,46.0,46.0,0,0,100.0,0.0,100.0,sa,,REPEATED_TITLE=100%; LOW_TITLE_DIVERSITY=2%; FOREIGN_FEED_ID=SA_EXPECTED=IQ,الشرقية من كلباء,الشرقية من كلباء
mena-iq,Speda.HD.ae,Speda HD,NO_EPG,57,0,0,0.0,0.0,0,0,0.0,0.0,0.0,ae,NO_PROGRAMMES,FOREIGN_FEED_ID=AE_EXPECTED=IQ,,
mena-iq,Türkmeneli.TV.HD.ae,Türkmeneli TV HD,NO_EPG,57,0,0,0.0,0.0,0,0,0.0,0.0,0.0,ae,NO_PROGRAMMES,FOREIGN_FEED_ID=AE_EXPECTED=IQ,,
mena-iq,UTV.iq@SD,يو تي في,REVIEW,92,0,14,13.0,13.0,0,7,100.0,0.0,100.0,iq,,EMPTY_DESC=7(50%),سعادة المجنون,مشاعر
mena-iq,UTV.Iraq.ae,UTV Iraq,NO_EPG,57,0,0,0.0,0.0,0,0,0.0,0.0,0.0,ae,NO_PROGRAMMES,FOREIGN_FEED_ID=AE_EXPECTED=IQ,,
mena-iq,VOA.IRAQ.ae,VOA IRAQ,NO_EPG,57,0,0,0.0,0.0,0,0,0.0,0.0,0.0,ae,NO_PROGRAMMES,FOREIGN_FEED_ID=AE_EXPECTED=IQ,,
mena-iq,Waar.HD.ae,Waar HD,NO_EPG,57,0,0,0.0,0.0,0,0,0.0,0.0,0.0,ae,NO_PROGRAMMES,FOREIGN_FEED_ID=AE_EXPECTED=IQ,,
mena-iq,Zagros.ae,Zagros,NO_EPG,57,0,0,0.0,0.0,0,0,0.0,0.0,0.0,ae,NO_PROGRAMMES,FOREIGN_FEED_ID=AE_EXPECTED=IQ,,
mena-ps,Al.Quds.Today.TV.ae,Al Quds Today TV,NO_EPG,57,0,0,0.0,0.0,0,0,0.0,0.0,0.0,ae,NO_PROGRAMMES,FOREIGN_FEED_ID=AE_EXPECTED=PS,,
mena-ps,Athan.Tulkarem.ae,Athan Tulkarem,NO_EPG,57,0,0,0.0,0.0,0,0,0.0,0.0,0.0,ae,NO_PROGRAMMES,FOREIGN_FEED_ID=AE_EXPECTED=PS,,
mena-ps,Falastini.TV.ae,Falastini TV,NO_EPG,57,0,0,0.0,0.0,0,0,0.0,0.0,0.0,ae,NO_PROGRAMMES,FOREIGN_FEED_ID=AE_EXPECTED=PS,,
mena-ps,falestinona.TV.ae,falestinona TV,NO_EPG,57,0,0,0.0,0.0,0,0,0.0,0.0,0.0,ae,NO_PROGRAMMES,FOREIGN_FEED_ID=AE_EXPECTED=PS,,
mena-ps,Hebron.Sat.ae,Hebron Sat,NO_EPG,57,0,0,0.0,0.0,0,0,0.0,0.0,0.0,ae,NO_PROGRAMMES,FOREIGN_FEED_ID=AE_EXPECTED=PS,,
mena-ps,Musawa.HD.ae,Musawa HD,NO_EPG,57,0,0,0.0,0.0,0,0,0.0,0.0,0.0,ae,NO_PROGRAMMES,FOREIGN_FEED_ID=AE_EXPECTED=PS,,
mena-ps,Palestine.Edu.HD.ae,Palestine Edu HD,NO_EPG,57,0,0,0.0,0.0,0,0,0.0,0.0,0.0,ae,NO_PROGRAMMES,FOREIGN_FEED_ID=AE_EXPECTED=PS,,
mena-ps,Palestine.HD.ae,Palestine HD,NO_EPG,57,0,0,0.0,0.0,0,0,0.0,0.0,0.0,ae,NO_PROGRAMMES,FOREIGN_FEED_ID=AE_EXPECTED=PS,,
mena-ps,Palestine.Live.HD.ae,Palestine Live HD,NO_EPG,57,0,0,0.0,0.0,0,0,0.0,0.0,0.0,ae,NO_PROGRAMMES,FOREIGN_FEED_ID=AE_EXPECTED=PS,,
mena-ps,Palestine.News.ae,Palestine News,NO_EPG,57,0,0,0.0,0.0,0,0,0.0,0.0,0.0,ae,NO_PROGRAMMES,FOREIGN_FEED_ID=AE_EXPECTED=PS,,
mena-ps,Palestine.Quraan.ae,Palestine Quraan,NO_EPG,57,0,0,0.0,0.0,0,0,0.0,0.0,0.0,ae,NO_PROGRAMMES,FOREIGN_FEED_ID=AE_EXPECTED=PS,,
mena-ps,Palestine.Quran.2.ae,Palestine Quran 2,NO_EPG,57,0,0,0.0,0.0,0,0,0.0,0.0,0.0,ae,NO_PROGRAMMES,FOREIGN_FEED_ID=AE_EXPECTED=PS,,
mena-ps,Palestine.Sport.ae,Palestine Sport,REVIEW,68,0,34,42.5,43.0,0,34,0.0,100.0,0.0,ae,,EMPTY_DESC=34(100%); PLACEHOLDER=1; GENERIC_GUIDE=3%; FOREIGN_FEED_ID=AE_EXPECTED=PS; DUPLICATE_TIMELINE_GROUP=7,ON Time Stadium,Sport TV Magazine
mena-ps,Palestine.Today.ae,Palestine Today,NO_EPG,57,0,0,0.0,0.0,0,0,0.0,0.0,0.0,ae,NO_PROGRAMMES,FOREIGN_FEED_ID=AE_EXPECTED=PS,,
mena-ps,Voice.Of.Palestine.ae,Voice Of Palestine,NO_EPG,57,0,0,0.0,0.0,0,0,0.0,0.0,0.0,ae,NO_PROGRAMMES,FOREIGN_FEED_ID=AE_EXPECTED=PS,,
mena-ps,Wadi.Al-Neil.&.Palestine.ae,Wadi Al-Neil & Palestine,NO_EPG,57,0,0,0.0,0.0,0,0,0.0,0.0,0.0,ae,NO_PROGRAMMES,FOREIGN_FEED_ID=AE_EXPECTED=PS,,
mena-ye,Aden.TV.ae,Aden TV,NO_EPG,57,0,0,0.0,0.0,0,0,0.0,0.0,0.0,ae,NO_PROGRAMMES,FOREIGN_FEED_ID=AE_EXPECTED=YE,,
mena-ye,Al.Hawyah.ae,Al Hawyah,NO_EPG,57,0,0,0.0,0.0,0,0,0.0,0.0,0.0,ae,NO_PROGRAMMES,FOREIGN_FEED_ID=AE_EXPECTED=YE,,
mena-ye,Al.Sahat.TV.ae,Al Sahat TV,REVIEW,76,0,93,49.0,49.0,0,93,0.0,100.0,0.0,ae,,EMPTY_DESC=93(100%); LOW_TITLE_DIVERSITY=13%; FOREIGN_FEED_ID=AE_EXPECTED=YE; DUPLICATE_TIMELINE_GROUP=2; DUPLICATE_TIMELINE_UNRELATED,News,Beyond The Story
mena-ye,Allahdhah.TV.ae,Allahdhah TV,NO_EPG,57,0,0,0.0,0.0,0,0,0.0,0.0,0.0,ae,NO_PROGRAMMES,FOREIGN_FEED_ID=AE_EXPECTED=YE,,
mena-ye,Almasirah.TV.ae,Almasirah TV,NO_EPG,57,0,0,0.0,0.0,0,0,0.0,0.0,0.0,ae,NO_PROGRAMMES,FOREIGN_FEED_ID=AE_EXPECTED=YE,,
mena-ye,Almasirah.TV.Mubasher.ae,Almasirah TV Mubasher,NO_EPG,57,0,0,0.0,0.0,0,0,0.0,0.0,0.0,ae,NO_PROGRAMMES,FOREIGN_FEED_ID=AE_EXPECTED=YE,,
mena-ye,HadhramautTV.ye@SD,تلفزيون حضرموت,REVIEW,84,0,43,35.5,42.67,1,36,100.0,2.3,100.0,ye,,EMPTY_DESC=36(84%); GAPS_GT_2H=1/TOTAL=7.2h,برنامج وثائقي,فقرة غنائية
mena-ye,Reef.AlYemen.ae,Reef AlYemen,NO_EPG,57,0,0,0.0,0.0,0,0,0.0,0.0,0.0,ae,NO_PROGRAMMES,FOREIGN_FEED_ID=AE_EXPECTED=YE,,
mena-ye,Sheba.TV.ae,Sheba TV,NO_EPG,57,0,0,0.0,0.0,0,0,0.0,0.0,0.0,ae,NO_PROGRAMMES,FOREIGN_FEED_ID=AE_EXPECTED=YE,,
mena-ye,Suhail.TV.ae,Suhail TV,NO_EPG,57,0,0,0.0,0.0,0,0,0.0,0.0,0.0,ae,NO_PROGRAMMES,FOREIGN_FEED_ID=AE_EXPECTED=YE,,
mena-ye,Yemen.Documentary.ae,Yemen Documentary,NO_EPG,57,0,0,0.0,0.0,0,0,0.0,0.0,0.0,ae,NO_PROGRAMMES,FOREIGN_FEED_ID=AE_EXPECTED=YE,,
mena-ye,Yemen.Education.ae,Yemen Education,NO_EPG,57,0,0,0.0,0.0,0,0,0.0,0.0,0.0,ae,NO_PROGRAMMES,FOREIGN_FEED_ID=AE_EXPECTED=YE,,
mena-ye,Yemen.Shabab.ae,Yemen Shabab,NO_EPG,57,0,0,0.0,0.0,0,0,0.0,0.0,0.0,ae,NO_PROGRAMMES,FOREIGN_FEED_ID=AE_EXPECTED=YE,,
mena-ye,Yemen.Today.TV.ae,Yemen Today TV,NO_EPG,57,0,0,0.0,0.0,0,0,0.0,0.0,0.0,ae,NO_PROGRAMMES,FOREIGN_FEED_ID=AE_EXPECTED=YE,,
mena-ye,Yemen.TV.ae,Yemen TV,NO_EPG,57,0,0,0.0,0.0,0,0,0.0,0.0,0.0,ae,NO_PROGRAMMES,FOREIGN_FEED_ID=AE_EXPECTED=YE,,
mena-dz,Al.Djazair.N°1.ae,Al Djazair N°1,NO_EPG,57,0,0,0.0,0.0,0,0,0.0,0.0,0.0,ae,NO_PROGRAMMES,FOREIGN_FEED_ID=AE_EXPECTED=DZ,,
mena-dz,Algérie.3.HD.ae,Algérie 3 HD,NO_EPG,57,0,0,0.0,0.0,0,0,0.0,0.0,0.0,ae,NO_PROGRAMMES,FOREIGN_FEED_ID=AE_EXPECTED=DZ,,
mena-dz,Algérie.4.ae,Algérie 4,NO_EPG,57,0,0,0.0,0.0,0,0,0.0,0.0,0.0,ae,NO_PROGRAMMES,FOREIGN_FEED_ID=AE_EXPECTED=DZ,,
mena-dz,Algérie.5.ae,Algérie 5,NO_EPG,57,0,0,0.0,0.0,0,0,0.0,0.0,0.0,ae,NO_PROGRAMMES,FOREIGN_FEED_ID=AE_EXPECTED=DZ,,
mena-dz,Algérie.6.HD.ae,Algérie 6 HD,NO_EPG,57,0,0,0.0,0.0,0,0,0.0,0.0,0.0,ae,NO_PROGRAMMES,FOREIGN_FEED_ID=AE_EXPECTED=DZ,,
mena-dz,Algérie.7.ae,Algérie 7,NO_EPG,57,0,0,0.0,0.0,0,0,0.0,0.0,0.0,ae,NO_PROGRAMMES,FOREIGN_FEED_ID=AE_EXPECTED=DZ,,
mena-dz,Algérie.8.HD.ae,Algérie 8 HD,NO_EPG,57,0,0,0.0,0.0,0,0,0.0,0.0,0.0,ae,NO_PROGRAMMES,FOREIGN_FEED_ID=AE_EXPECTED=DZ,,
mena-dz,Bahia.TV.ae,Bahia TV,NO_EPG,57,0,0,0.0,0.0,0,0,0.0,0.0,0.0,ae,NO_PROGRAMMES,FOREIGN_FEED_ID=AE_EXPECTED=DZ,,
mena-dz,Canal.Algerie.ae,Canal Algerie,NO_EPG,57,0,0,0.0,0.0,0,0,0.0,0.0,0.0,ae,NO_PROGRAMMES,FOREIGN_FEED_ID=AE_EXPECTED=DZ,,
mena-dz,Echorouk TV.eg,Echorouk TV.eg,REVIEW,84,0,40,39.5,39.5,0,40,52.5,47.5,0.0,eg,,EMPTY_DESC=40(100%); FOREIGN_FEED_ID=EG_EXPECTED=DZ,برنامج صباح الشروق,Rebaa 2
mena-dz,Echorouk.News.ae,Echorouk News,NO_EPG,57,0,0,0.0,0.0,0,0,0.0,0.0,0.0,ae,NO_PROGRAMMES,FOREIGN_FEED_ID=AE_EXPECTED=DZ,,
mena-dz,EchoroukTV.dz@SD,الشروق الجزائرية,REVIEW,84,0,38,35.75,41.25,1,19,100.0,31.6,100.0,dz,,EMPTY_DESC=19(50%); GAPS_GT_2H=1/TOTAL=5.5h,رباعة ج2,Bahar S3
mena-dz,El.Hayat.TV.ae,El Hayat TV,NO_EPG,57,0,0,0.0,0.0,0,0,0.0,0.0,0.0,ae,NO_PROGRAMMES,FOREIGN_FEED_ID=AE_EXPECTED=DZ,,
mena-dz,Ennahar.TV.ae,Ennahar TV,NO_EPG,57,0,0,0.0,0.0,0,0,0.0,0.0,0.0,ae,NO_PROGRAMMES,FOREIGN_FEED_ID=AE_EXPECTED=DZ,,
mena-dz,Zahra.TV.ae,Zahra TV,NO_EPG,57,0,0,0.0,0.0,0,0,0.0,0.0,0.0,ae,NO_PROGRAMMES,FOREIGN_FEED_ID=AE_EXPECTED=DZ,,
mena-tn,Nessma.eg,Nessma.eg,REVIEW,84,0,46,39.75,39.75,0,46,65.2,34.8,0.0,eg,,EMPTY_DESC=46(100%); FOREIGN_FEED_ID=EG_EXPECTED=TN,برنامج البازار,Meryem
mena-tn,NessmaElJadida.tn@SD,نسمة,REVIEW,92,0,28,24.0,24.0,0,19,100.0,28.6,100.0,tn,,EMPTY_DESC=19(68%),برنامج,برنامج
mena-tn,Tunisia.Nat.1.ae,Tunisia Nat 1,NO_EPG,57,0,0,0.0,0.0,0,0,0.0,0.0,0.0,ae,NO_PROGRAMMES,FOREIGN_FEED_ID=AE_EXPECTED=TN,,
mena-tn,Tunisia.Nat.2.ae,Tunisia Nat 2,NO_EPG,57,0,0,0.0,0.0,0,0,0.0,0.0,0.0,ae,NO_PROGRAMMES,FOREIGN_FEED_ID=AE_EXPECTED=TN,,
mena-tn,Zaytoona.ae,Zaytoona,NO_EPG,57,0,0,0.0,0.0,0,0,0.0,0.0,0.0,ae,NO_PROGRAMMES,FOREIGN_FEED_ID=AE_EXPECTED=TN,,
mena-ly,Al.Jamahiriya.TV.ae,Al Jamahiriya TV,NO_EPG,57,0,0,0.0,0.0,0,0,0.0,0.0,0.0,ae,NO_PROGRAMMES,FOREIGN_FEED_ID=AE_EXPECTED=LY,,
mena-ly,Libya.Al.Ahrar.HD.ae,Libya Al Ahrar HD,NO_EPG,57,0,0,0.0,0.0,0,0,0.0,0.0,0.0,ae,NO_PROGRAMMES,FOREIGN_FEED_ID=AE_EXPECTED=LY,,
mena-ly,Libya.Al.Hedaya.ae,Libya Al Hedaya,NO_EPG,57,0,0,0.0,0.0,0,0,0.0,0.0,0.0,ae,NO_PROGRAMMES,FOREIGN_FEED_ID=AE_EXPECTED=LY,,
mena-ly,Libya.Alhadath.HD.ae,Libya Alhadath HD,NO_EPG,57,0,0,0.0,0.0,0,0,0.0,0.0,0.0,ae,NO_PROGRAMMES,FOREIGN_FEED_ID=AE_EXPECTED=LY,,
mena-ly,Libya.Alrasmia.Channel.ae,Libya Alrasmia Channel,NO_EPG,57,0,0,0.0,0.0,0,0,0.0,0.0,0.0,ae,NO_PROGRAMMES,FOREIGN_FEED_ID=AE_EXPECTED=LY,,
mena-ly,Libya.Future.TV.HD.ae,Libya Future TV HD,NO_EPG,57,0,0,0.0,0.0,0,0,0.0,0.0,0.0,ae,NO_PROGRAMMES,FOREIGN_FEED_ID=AE_EXPECTED=LY,,
mena-ly,Libya.Ifta.TV.ae,Libya Ifta TV,NO_EPG,57,0,0,0.0,0.0,0,0,0.0,0.0,0.0,ae,NO_PROGRAMMES,FOREIGN_FEED_ID=AE_EXPECTED=LY,,
mena-ly,Libya.Sport.2.HD.ae,Libya Sport 2 HD,NO_EPG,57,0,0,0.0,0.0,0,0,0.0,0.0,0.0,ae,NO_PROGRAMMES,FOREIGN_FEED_ID=AE_EXPECTED=LY,,
mena-ly,Libya.Sport.ae,Libya Sport,NO_EPG,57,0,0,0.0,0.0,0,0,0.0,0.0,0.0,ae,NO_PROGRAMMES,FOREIGN_FEED_ID=AE_EXPECTED=LY,,
mena-sd,Khartoum.TV.ae,Khartoum TV,NO_EPG,57,0,0,0.0,0.0,0,0,0.0,0.0,0.0,ae,NO_PROGRAMMES,FOREIGN_FEED_ID=AE_EXPECTED=SD,,
mena-sd,Shamalia.TV.ae,Shamalia TV,NO_EPG,57,0,0,0.0,0.0,0,0,0.0,0.0,0.0,ae,NO_PROGRAMMES,FOREIGN_FEED_ID=AE_EXPECTED=SD,,
mena-sd,Sudan.TV.ae,Sudan TV,REVIEW,76,0,48,51.0,51.0,0,48,0.0,100.0,0.0,ae,,EMPTY_DESC=48(100%); LOW_TITLE_DIVERSITY=17%; FOREIGN_FEED_ID=AE_EXPECTED=SD,Still Have A Dream,Fly Us My Heart
mena-sd,Tayba.TV.ae,Tayba TV,NO_EPG,57,0,0,0.0,0.0,0,0,0.0,0.0,0.0,ae,NO_PROGRAMMES,FOREIGN_FEED_ID=AE_EXPECTED=SD,,
mena-sy,AlSouriyaTV.sy@HD,السورية,NO_EPG,65,0,0,0.0,0.0,0,0,0.0,0.0,0.0,sy,NO_PROGRAMMES,,,
mena-sy,Althania.sy@SD,الثانية,REVIEW,92,0,10,11.0,11.0,0,4,100.0,20.0,100.0,sy,,EMPTY_DESC=4(40%),Baba,برنامج أخذ ورد
mena-sy,Halab.Today.TV.ae,Halab Today TV,NO_EPG,57,0,0,0.0,0.0,0,0,0.0,0.0,0.0,ae,NO_PROGRAMMES,FOREIGN_FEED_ID=AE_EXPECTED=SY,,
mena-sy,Syria.One.TV.ae,Syria One TV,NO_EPG,57,0,0,0.0,0.0,0,0,0.0,0.0,0.0,ae,NO_PROGRAMMES,FOREIGN_FEED_ID=AE_EXPECTED=SY,,
mena-sy,Syria.TV.HD.ae,Syria TV HD,NO_EPG,57,0,0,0.0,0.0,0,0,0.0,0.0,0.0,ae,NO_PROGRAMMES,FOREIGN_FEED_ID=AE_EXPECTED=SY,,
mena-mr,Albarlemania.al.Mauritania.TV.ae,Albarlemania al Mauritania TV,NO_EPG,57,0,0,0.0,0.0,0,0,0.0,0.0,0.0,ae,NO_PROGRAMMES,FOREIGN_FEED_ID=AE_EXPECTED=MR,,
mena-other,4k DIGITAL.qa,4k DIGITAL.qa,REVIEW,92,0,10,20.52,22.13,0,10,0.0,100.0,0.0,qa,,EMPTY_DESC=10(100%),Ipswich Town v Liverpool - English Premier League 2026/2027,Everton v Manchester United - English Premier League 2026/2027
mena-other,Adala.TV.HD.ae,Adala TV HD,NO_EPG,65,0,0,0.0,0.0,0,0,0.0,0.0,0.0,ae,NO_PROGRAMMES,,,
mena-other,ADM.R3.ae,ADM R3,NO_EPG,65,0,0,0.0,0.0,0,0,0.0,0.0,0.0,ae,NO_PROGRAMMES,,,
mena-other,ADM.R4.ae,ADM R4,NO_EPG,65,0,0,0.0,0.0,0,0,0.0,0.0,0.0,ae,NO_PROGRAMMES,,,
mena-other,AFC 4.qa,AFC 4.qa,NO_EPG,65,0,0,0.0,0.0,0,0,0.0,0.0,0.0,qa,NO_PROGRAMMES,,,
mena-other,AFC 5.qa,AFC 5.qa,NO_EPG,65,0,0,0.0,0.0,0,0,0.0,0.0,0.0,qa,NO_PROGRAMMES,,,
mena-other,Ahadu.TV.ae,Ahadu TV,NO_EPG,65,0,0,0.0,0.0,0,0,0.0,0.0,0.0,ae,NO_PROGRAMMES,,,
mena-other,Al Araby TV.sa,Al Araby TV.sa,REVIEW,92,0,31,25.0,25.0,0,31,100.0,0.0,0.0,sa,,EMPTY_DESC=31(100%),الأخبار,الأخبار
mena-other,Al Dafrah.sa,Al Dafrah.sa,PASS,100,1,50,46.0,46.0,0,0,100.0,0.0,100.0,sa,,,نشميات من البادية,ودام وفوالة
mena-other,Al Ekhbariya.sa,Al Ekhbariya.sa,REVIEW,84,0,46,46.0,46.0,0,0,100.0,0.0,100.0,sa,,REPEATED_TITLE=100%; LOW_TITLE_DIVERSITY=2%,الأخبار,الأخبار
mena-other,AL-Bernameg.AL-moussekey.ae,AL-Bernameg AL-moussekey,NO_EPG,65,0,0,0.0,0.0,0,0,0.0,0.0,0.0,ae,NO_PROGRAMMES,,,
mena-other,Al.24.News.ae,Al 24 News,NO_EPG,65,0,0,0.0,0.0,0,0,0.0,0.0,0.0,ae,NO_PROGRAMMES,,,
mena-other,Al.Aghani.ae,Al Aghani,NO_EPG,65,0,0,0.0,0.0,0,0,0.0,0.0,0.0,ae,NO_PROGRAMMES,,,
mena-other,Al.Ahvaz.TV.ae,Al Ahvaz TV,NO_EPG,65,0,0,0.0,0.0,0,0,0.0,0.0,0.0,ae,NO_PROGRAMMES,,,
mena-other,Al.Amal.ae,Al Amal,NO_EPG,65,0,0,0.0,0.0,0,0,0.0,0.0,0.0,ae,NO_PROGRAMMES,,,
mena-other,Al.Anwar.TV.2.ae,Al Anwar TV 2,NO_EPG,65,0,0,0.0,0.0,0,0,0.0,0.0,0.0,ae,NO_PROGRAMMES,,,
mena-other,Al.Aqila.TV.ae,Al Aqila TV,NO_EPG,65,0,0,0.0,0.0,0,0,0.0,0.0,0.0,ae,NO_PROGRAMMES,,,
mena-other,Al.Araby.2.HD.ae,Al Araby 2 HD,NO_EPG,65,0,0,0.0,0.0,0,0,0.0,0.0,0.0,ae,NO_PROGRAMMES,,,
mena-other,Al.Araby.HD.ae,Al Araby HD,REVIEW,84,0,62,49.0,49.0,0,62,0.0,100.0,0.0,ae,,EMPTY_DESC=62(100%); LOW_TITLE_DIVERSITY=14%; DUPLICATE_TIMELINE_GROUP=3,Morning Show,News
mena-other,Al.Baghdadia.Now.ae,Al Baghdadia Now,NO_EPG,65,0,0,0.0,0.0,0,0,0.0,0.0,0.0,ae,NO_PROGRAMMES,,,
mena-other,Al.Bernameg.Al.Aam.ae,Al Bernameg Al Aam,NO_EPG,65,0,0,0.0,0.0,0,0,0.0,0.0,0.0,ae,NO_PROGRAMMES,,,
mena-other,Al.Bernameg.Al.Oropi.ae,Al Bernameg Al Oropi,NO_EPG,65,0,0,0.0,0.0,0,0,0.0,0.0,0.0,ae,NO_PROGRAMMES,,,
mena-other,Al.Dawaar.ae,Al Dawaar,NO_EPG,65,0,0,0.0,0.0,0,0,0.0,0.0,0.0,ae,NO_PROGRAMMES,,,
mena-other,Al.Dawla.TV.ae,Al Dawla TV,NO_EPG,65,0,0,0.0,0.0,0,0,0.0,0.0,0.0,ae,NO_PROGRAMMES,,,
mena-other,Al.Delta.6.ae,Al Delta 6,NO_EPG,65,0,0,0.0,0.0,0,0,0.0,0.0,0.0,ae,NO_PROGRAMMES,,,
mena-other,Al.Ghad.ae,Al Ghad,NO_EPG,65,0,0,0.0,0.0,0,0,0.0,0.0,0.0,ae,NO_PROGRAMMES,,,
mena-other,Al.Haqeqa.Al.Dawliah.(Fact.Int'l).ae,Al Haqeqa Al Dawliah (Fact Int'l),NO_EPG,65,0,0,0.0,0.0,0,0,0.0,0.0,0.0,ae,NO_PROGRAMMES,,,
mena-other,Al.Hayah.2.ae,Al Hayah 2,REVIEW,84,0,51,48.72,48.72,0,51,0.0,100.0,0.0,ae,,EMPTY_DESC=51(100%); LOW_TITLE_DIVERSITY=20%; DUPLICATE_TIMELINE_GROUP=2; DUPLICATE_TIMELINE_UNRELATED,Charades,The 18th Wife
mena-other,Al.Hayah.HD.ae,Al Hayah HD,REVIEW,92,0,47,49.5,49.5,0,47,0.0,100.0,0.0,ae,,EMPTY_DESC=47(100%); DUPLICATE_TIMELINE_GROUP=4,Everyday Football,The Story Of Narges
mena-other,Al.Hayah.Mosalsalat.ae,Al Hayah Mosalsalat,REVIEW,92,0,25,50.0,50.0,0,25,0.0,100.0,0.0,ae,,EMPTY_DESC=25(100%); DUPLICATE_TIMELINE_GROUP=2; DUPLICATE_TIMELINE_UNRELATED,The Lovely Bus Conductors,My Daughters And I
mena-other,Al.Hiwar.TV.HD.ae,Al Hiwar TV HD,NO_EPG,65,0,0,0.0,0.0,0,0,0.0,0.0,0.0,ae,NO_PROGRAMMES,,,
mena-other,Al.Horreya.TV.ae,Al Horreya TV,NO_EPG,65,0,0,0.0,0.0,0,0,0.0,0.0,0.0,ae,NO_PROGRAMMES,,,
mena-other,Al.Janoub.ae,Al Janoub,NO_EPG,65,0,0,0.0,0.0,0,0,0.0,0.0,0.0,ae,NO_PROGRAMMES,,,
mena-other,Al.Kalema.ae,Al Kalema,NO_EPG,65,0,0,0.0,0.0,0,0,0.0,0.0,0.0,ae,NO_PROGRAMMES,,,
mena-other,Al.Kanal.4.ae,Al Kanal 4,NO_EPG,65,0,0,0.0,0.0,0,0,0.0,0.0,0.0,ae,NO_PROGRAMMES,,,
mena-other,Al.Karma.NewGen.ae,Al Karma NewGen,NO_EPG,65,0,0,0.0,0.0,0,0,0.0,0.0,0.0,ae,NO_PROGRAMMES,,,
mena-other,Al.Kawthar.TV.ae,Al Kawthar TV,NO_EPG,65,0,0,0.0,0.0,0,0,0.0,0.0,0.0,ae,NO_PROGRAMMES,,,
mena-other,Al.Kawther.ae,Al Kawther,NO_EPG,65,0,0,0.0,0.0,0,0,0.0,0.0,0.0,ae,NO_PROGRAMMES,,,
mena-other,Al.Madeeh.ae,Al Madeeh,NO_EPG,65,0,0,0.0,0.0,0,0,0.0,0.0,0.0,ae,NO_PROGRAMMES,,,
mena-other,Al.Mahdi.TV.ae,Al Mahdi TV,NO_EPG,65,0,0,0.0,0.0,0,0,0.0,0.0,0.0,ae,NO_PROGRAMMES,,,
mena-other,Al.Masar.TV.HD.ae,Al Masar TV HD,NO_EPG,65,0,0,0.0,0.0,0,0,0.0,0.0,0.0,ae,NO_PROGRAMMES,,,
mena-other,Al.Mawqef.ae,Al Mawqef,NO_EPG,65,0,0,0.0,0.0,0,0,0.0,0.0,0.0,ae,NO_PROGRAMMES,,,
mena-other,Al.Menia.ae,Al Menia,NO_EPG,65,0,0,0.0,0.0,0,0,0.0,0.0,0.0,ae,NO_PROGRAMMES,,,
mena-other,Al.Nas.ae,Al Nas,NO_EPG,65,0,0,0.0,0.0,0,0,0.0,0.0,0.0,ae,NO_PROGRAMMES,,,
mena-other,Al.Qanat.9.ae,Al Qanat 9,NO_EPG,65,0,0,0.0,0.0,0,0,0.0,0.0,0.0,ae,NO_PROGRAMMES,,,
mena-other,Al.Quran.Al.Karem.ae,Al Quran Al Karem,NO_EPG,65,0,0,0.0,0.0,0,0,0.0,0.0,0.0,ae,NO_PROGRAMMES,,,
mena-other,Al.Rabiaa.HD.ae,Al Rabiaa HD,NO_EPG,65,0,0,0.0,0.0,0,0,0.0,0.0,0.0,ae,NO_PROGRAMMES,,,
mena-other,Al.Resala.ae,Al Resala,NO_EPG,65,0,0,0.0,0.0,0,0,0.0,0.0,0.0,ae,NO_PROGRAMMES,,,
mena-other,Al.Saeed.7.ae,Al Saeed 7,NO_EPG,65,0,0,0.0,0.0,0,0,0.0,0.0,0.0,ae,NO_PROGRAMMES,,,
mena-other,Al.Shabab.W.Al.Reyadah.ae,Al Shabab W Al Reyadah,NO_EPG,65,0,0,0.0,0.0,0,0,0.0,0.0,0.0,ae,NO_PROGRAMMES,,,
mena-other,AL.Sharg.Al.Awsat.ae,AL Sharg Al Awsat,NO_EPG,65,0,0,0.0,0.0,0,0,0.0,0.0,0.0,ae,NO_PROGRAMMES,,,
mena-other,Al.Sharq.TV.ae,Al Sharq TV,NO_EPG,65,0,0,0.0,0.0,0,0,0.0,0.0,0.0,ae,NO_PROGRAMMES,,,
mena-other,Al.Shasha.Alwan.ae,Al Shasha Alwan,NO_EPG,65,0,0,0.0,0.0,0,0,0.0,0.0,0.0,ae,NO_PROGRAMMES,,,
mena-other,Al.Shasha.Cinema.ae,Al Shasha Cinema,NO_EPG,65,0,0,0.0,0.0,0,0,0.0,0.0,0.0,ae,NO_PROGRAMMES,,,
mena-other,Al.Shasha.Drama.ae,Al Shasha Drama,NO_EPG,65,0,0,0.0,0.0,0,0,0.0,0.0,0.0,ae,NO_PROGRAMMES,,,
mena-other,Al.Shasha.Film.ae,Al Shasha Film,NO_EPG,65,0,0,0.0,0.0,0,0,0.0,0.0,0.0,ae,NO_PROGRAMMES,,,
mena-other,Al.Shasha.Hekayat.ae,Al Shasha Hekayat,NO_EPG,65,0,0,0.0,0.0,0,0,0.0,0.0,0.0,ae,NO_PROGRAMMES,,,
mena-other,Al.Shasha.Musalsalat.ae,Al Shasha Musalsalat,NO_EPG,65,0,0,0.0,0.0,0,0,0.0,0.0,0.0,ae,NO_PROGRAMMES,,,
mena-other,Al.Tanasuh.TV.ae,Al Tanasuh TV,NO_EPG,65,0,0,0.0,0.0,0,0,0.0,0.0,0.0,ae,NO_PROGRAMMES,,,
mena-other,Al.Thanya.ae,Al Thanya,REVIEW,92,0,47,49.5,49.5,0,47,0.0,100.0,0.0,ae,,EMPTY_DESC=47(100%); DUPLICATE_TIMELINE_GROUP=4,Everyday Football,The Story Of Narges
mena-other,Al.Waqie.ae,Al Waqie,NO_EPG,65,0,0,0.0,0.0,0,0,0.0,0.0,0.0,ae,NO_PROGRAMMES,,,
mena-other,Al.Wousta.TV.HD.ae,Al Wousta TV HD,NO_EPG,65,0,0,0.0,0.0,0,0,0.0,0.0,0.0,ae,NO_PROGRAMMES,,,
mena-other,Alaraby TV 2.eg,Alaraby TV 2.eg,REVIEW,92,0,58,48.0,48.0,0,58,86.2,19.0,0.0,eg,,EMPTY_DESC=58(100%),برنامج عالم البهارات,برنامج عشرون
mena-other,Alawla.ae,Alawla,NO_EPG,65,0,0,0.0,0.0,0,0,0.0,0.0,0.0,ae,NO_PROGRAMMES,,,
mena-other,Alerth.Alnabawi.ae,Alerth Alnabawi,NO_EPG,65,0,0,0.0,0.0,0,0,0.0,0.0,0.0,ae,NO_PROGRAMMES,,,
mena-other,Alkarma.Praise.ae,Alkarma Praise,NO_EPG,65,0,0,0.0,0.0,0,0,0.0,0.0,0.0,ae,NO_PROGRAMMES,,,
mena-other,Alkarma.TV.Middle.East.1.ae,Alkarma TV Middle East 1,NO_EPG,65,0,0,0.0,0.0,0,0,0.0,0.0,0.0,ae,NO_PROGRAMMES,,,
mena-other,Alking.Drama.TV.ae,Alking Drama TV,NO_EPG,65,0,0,0.0,0.0,0,0,0.0,0.0,0.0,ae,NO_PROGRAMMES,,,
mena-other,Almagd.TV.ae,Almagd TV,NO_EPG,65,0,0,0.0,0.0,0,0,0.0,0.0,0.0,ae,NO_PROGRAMMES,,,
mena-other,Almustakillah.TV.ae,Almustakillah TV,NO_EPG,65,0,0,0.0,0.0,0,0,0.0,0.0,0.0,ae,NO_PROGRAMMES,,,
mena-other,Aloula.eg,Aloula.eg,REVIEW,92,0,35,36.0,36.0,0,35,51.4,48.6,0.0,eg,,EMPTY_DESC=35(100%); DUPLICATE_TIMELINE_GROUP=2; DUPLICATE_TIMELINE_UNRELATED,Nelly W Sherihan,Lann Aeish fi Gilbab Aby
mena-other,Als3yda.Madeeh.ae,Als3yda Madeeh,NO_EPG,65,0,0,0.0,0.0,0,0,0.0,0.0,0.0,ae,NO_PROGRAMMES,,,
mena-other,AlSharqiya.eg,AlSharqiya.eg,REVIEW,92,0,19,13.0,13.0,0,19,52.6,47.4,0.0,eg,,EMPTY_DESC=19(100%),Afaret Adly Allam,Sabah Al Sharqiya
mena-other,AlSukariya.Drama.ae,AlSukariya Drama,NO_EPG,65,0,0,0.0,0.0,0,0,0.0,0.0,0.0,ae,NO_PROGRAMMES,,,
mena-other,Althania.eg,Althania.eg,REVIEW,92,0,44,48.0,48.0,0,44,36.4,63.6,0.0,eg,,EMPTY_DESC=44(100%),برنامج صباح سوريا,أخبار
mena-other,ALWadi.ALGaded.ae,ALWadi ALGaded,NO_EPG,65,0,0,0.0,0.0,0,0,0.0,0.0,0.0,ae,NO_PROGRAMMES,,,
mena-other,Alzrga.ae,Alzrga,NO_EPG,65,0,0,0.0,0.0,0,0,0.0,0.0,0.0,ae,NO_PROGRAMMES,,,
mena-other,Amman TV.sa,Amman TV.sa,REVIEW,84,0,46,46.0,46.0,0,0,100.0,0.0,100.0,sa,,REPEATED_TITLE=100%; LOW_TITLE_DIVERSITY=2%,تلفزيون عمّان,تلفزيون عمّان
mena-other,Amman.eg,Amman.eg,REVIEW,92,0,44,47.5,47.5,0,44,79.5,20.5,0.0,eg,,EMPTY_DESC=44(100%),برنامج صح صح,برنامج وثائقي كليك
mena-other,ANC.sa,ANC.sa,REVIEW,92,0,29,16.98,16.98,0,29,0.0,93.1,0.0,sa,,EMPTY_DESC=29(100%),Market Edge,SUCCESSION
mena-other,Anewz.ae,Anewz,REVIEW,84,0,93,49.0,49.0,0,93,0.0,100.0,0.0,ae,,EMPTY_DESC=93(100%); LOW_TITLE_DIVERSITY=13%; DUPLICATE_TIMELINE_GROUP=2; DUPLICATE_TIMELINE_UNRELATED,News,Beyond The Story
mena-other,AnimalPlanetEurope.uk@SD,Animal Planet HD,PASS,100,1,46,40.83,40.83,0,0,100.0,0.0,100.0,,,,تانكد,أنيمال كوبس فيلادلفيا
mena-other,ar:.آسيا.نت.ae,ar: آسيا نت,PASS,100,1,42,50.0,50.0,0,0,100.0,11.9,100.0,ae,,,أنجاني أورو أفادهيكالاتهو,كاتاتي كيليكودو
mena-other,ar:.آسيا.نت.بلس.ae,ar: آسيا نت بلس,REVIEW,84,0,42,50.0,50.0,0,0,100.0,0.0,100.0,ae,,REPEATED_TITLE=100%; LOW_TITLE_DIVERSITY=2%,فيلم,فيلم
mena-other,ar:.آسيا.نت.موفيز.ae,ar: آسيا نت موفيز,PASS,100,1,19,54.0,54.0,0,0,100.0,5.3,100.0,ae,,,كومبالانغي نايتس,ماليكابورام
mena-other,ar:.أبوظبي.الرياضية.إكسترا.ae,ar: أبوظبي الرياضية إكسترا,REVIEW,84,0,49,49.0,49.0,0,0,100.0,0.0,100.0,ae,,REPEATED_TITLE=100%; LOW_TITLE_DIVERSITY=2%,أبوظبي الرياضية آسيا 2,أبوظبي الرياضية آسيا 2
mena-other,ar:.أبوظبي.الرياضية.بريميوم.2.-.الدوري.الإيطالي.ae,ar: أبوظبي الرياضية بريميوم 2 - الدوري الإيطالي,REVIEW,84,0,49,49.0,49.0,0,0,100.0,100.0,100.0,ae,,REPEATED_TITLE=100%; LOW_TITLE_DIVERSITY=2%,StarzPLAY Sports 2,StarzPLAY Sports 2
mena-other,ar:.العربية.بيزنس.-.مباشر.ae,ar: العربية بيزنس - مباشر,REVIEW,92,0,48,49.0,49.0,0,0,100.0,52.1,100.0,ae,,LOW_TITLE_DIVERSITY=15%,نبض السوق,الأسواق العربية
mena-other,ar:.بلوم.ae,ar: بلوم,REVIEW,92,0,292,48.23,48.23,0,0,100.0,12.7,100.0,ae,,LOW_TITLE_DIVERSITY=17%,لي ميني-إيغو دولا فوغي,بوكويو سونغز
mena-other,ar:.زي.تي.في.ae,ar: زي تي في,REVIEW,92,0,90,49.0,49.0,0,0,100.0,0.0,100.0,ae,,LOW_TITLE_DIVERSITY=12%,أنت محبوبي,جاغريتي
mena-other,ar:.ست.ماكس.ae,ar: ست ماكس,PASS,100,1,27,50.55,50.55,0,0,100.0,7.4,100.0,ae,,,بياري موهن,ناماستيي لندن
mena-other,ar:.ستار.بلس.ae,ar: ستار بلس,REVIEW,92,0,92,49.0,49.0,0,0,100.0,0.0,100.0,ae,,LOW_TITLE_DIVERSITY=12%,ييه فيتور تيرا,يي ريشتا كيا كيهلاتا هي
mena-other,ar:.ستارز.بلاي.سبورتس.1.ae,ar: ستارز بلاي سبورتس 1,REVIEW,84,0,49,49.0,49.0,0,0,100.0,100.0,100.0,ae,,REPEATED_TITLE=100%; LOW_TITLE_DIVERSITY=2%,StarzPLAY Sports 1,StarzPLAY Sports 1
mena-other,ar:.ستارزبلاي.رغبي.ae,ar: ستارزبلاي رغبي,REVIEW,92,0,15,51.07,51.07,0,0,100.0,100.0,100.0,ae,,LONG_GT_6H=1,South Africa vs. England - Nations Championship 2026,South Africa U20 vs. Uruguay U20 - World Rugby Under 20 Championship
mena-other,ar:.ستارزبلاي.كريكيت.1.ae,ar: ستارزبلاي كريكيت 1,PASS,100,1,44,49.0,49.0,0,0,100.0,68.2,100.0,ae,,,ICC Men's T20 World Cup 2024: Namibia vs Oman - Kick-Off Classics,Rajasthan Royals vs Kolkata Knight Riders - Tata IPL Rewinds
mena-other,ar:.سوني.تي.في.ae,ar: سوني تي في,REVIEW,92,0,59,49.5,49.5,0,0,100.0,0.0,100.0,ae,,LOW_TITLE_DIVERSITY=12%,كان بانيغا كوربيراتي,تاراك ميهتا كا أولتاه تشاشماه
mena-other,ar:.قناة.الحدث.-.مباشر.ae,ar: قناة الحدث - مباشر,REVIEW,84,0,72,49.0,49.0,0,0,100.0,0.0,100.0,ae,,REPEATED_TITLE=94%; LOW_TITLE_DIVERSITY=4%,أخبار الحدث,أخبار الحدث
mena-other,ar:.كلرز.إتش.دي.ae,ar: كلرز إتش دي,REVIEW,92,0,81,49.5,49.5,0,0,100.0,0.0,100.0,ae,,LOW_TITLE_DIVERSITY=11%,لافتؤ شيفس أنليمتد إنترتينمنت,جوهي موي
mena-other,ar:.ياس.تي.في.إكسترا.ae,ar: ياس تي في إكسترا,REVIEW,84,0,49,49.0,49.0,0,0,100.0,0.0,100.0,ae,,REPEATED_TITLE=100%; LOW_TITLE_DIVERSITY=2%,أبوظبي الرياضية آسيا 1,أبوظبي الرياضية آسيا 1
mena-other,Arirang.World.ae,Arirang World,REVIEW,92,0,108,48.83,48.83,0,108,0.0,100.0,0.0,ae,,EMPTY_DESC=108(100%); DUPLICATE_TIMELINE_GROUP=2; DUPLICATE_TIMELINE_UNRELATED,Trip In Korea,K-Culture Minutes: K-Now
mena-other,Asharq Discovery.sa,Asharq Discovery.sa,REVIEW,84,0,13,52.0,52.0,0,0,100.0,0.0,100.0,sa,,REPEATED_TITLE=100%; LOW_TITLE_DIVERSITY=8%,الشرق ديسكفري,الشرق ديسكفري
mena-other,Asharq.News.HD.ae,Asharq News HD,NO_EPG,65,0,0,0.0,0.0,0,0,0.0,0.0,0.0,ae,NO_PROGRAMMES,,,
mena-other,Asharq.sa,Asharq.sa,REVIEW,84,0,13,52.0,52.0,0,0,100.0,0.0,100.0,sa,,REPEATED_TITLE=100%; LOW_TITLE_DIVERSITY=8%,الشرق,الشرق
mena-other,Asil.TV.ae,Asil TV,NO_EPG,65,0,0,0.0,0.0,0,0,0.0,0.0,0.0,ae,NO_PROGRAMMES,,,
mena-other,Ava.TV.ae,Ava TV,NO_EPG,65,0,0,0.0,0.0,0,0,0.0,0.0,0.0,ae,NO_PROGRAMMES,,,
mena-other,Awdeh.HD.ae,Awdeh HD,NO_EPG,65,0,0,0.0,0.0,0,0,0.0,0.0,0.0,ae,NO_PROGRAMMES,,,
mena-other,Baby-TV-2.qa,Baby-TV-2.qa,REVIEW,92,0,40,43.97,46.0,0,40,100.0,0.0,0.0,qa,,EMPTY_DESC=40(100%),سي إن إن نيوز رووم,سي إن إن نيوز رووم
mena-other,Bara3em-1.qa,Bara3em-1.qa,REVIEW,92,0,121,44.8,45.0,0,121,0.0,100.0,0.0,qa,,EMPTY_DESC=121(100%),"Kiff: Lore of the Ring Light - Other Movie, The/ Roy",Big City Greens - Pen Pals/ Study Abroad
mena-other,BBC Arabic.sa,BBC Arabic.sa,REVIEW,84,0,46,46.0,46.0,0,0,100.0,100.0,100.0,sa,,REPEATED_TITLE=100%; LOW_TITLE_DIVERSITY=2%,BBC عربي,BBC عربي
mena-other,BBC World News.sa,BBC World News.sa,REVIEW,92,0,115,45.5,45.5,0,0,100.0,0.0,100.0,sa,,LOW_TITLE_DIVERSITY=16%,أخبار بي بي سي,أخبار بي بي سي
mena-other,BBC.E.ae,BBC E,NO_EPG,65,0,0,0.0,0.0,0,0,0.0,0.0,0.0,ae,NO_PROGRAMMES,,,
mena-other,BBC.Horn.of.Africa.ae,BBC Horn of Africa,NO_EPG,65,0,0,0.0,0.0,0,0,0.0,0.0,0.0,ae,NO_PROGRAMMES,,,
mena-other,BBCArabic.uk@SD,BBC World,REVIEW,92,0,103,41.0,41.0,0,0,100.0,10.7,100.0,,,LOW_TITLE_DIVERSITY=16%,بي بي سي نيوز,بي بي سي نيوز
mena-other,beJUNIOR-1.qa,beJUNIOR-1.qa,REVIEW,92,0,72,46.47,48.0,0,72,0.0,100.0,0.0,qa,,EMPTY_DESC=72(100%),The Amazing World of Gumball,The Tom and Jerry Show
mena-other,Bengali.ae,Bengali,NO_EPG,65,0,0,0.0,0.0,0,0,0.0,0.0,0.0,ae,NO_PROGRAMMES,,,
mena-other,Bigg.sa,Bigg.sa,REVIEW,84,0,46,46.0,46.0,0,0,0.0,100.0,100.0,sa,,REPEATED_TITLE=100%; LOW_TITLE_DIVERSITY=2%,Bigg TV,Bigg TV
mena-other,Bilad.ae,Bilad,NO_EPG,65,0,0,0.0,0.0,0,0,0.0,0.0,0.0,ae,NO_PROGRAMMES,,,
mena-other,Blippi And Friends.sa,Blippi And Friends.sa,PASS,100,1,104,45.27,45.27,0,0,100.0,0.0,100.0,sa,,,أودّبادس:بود بايك أوف، نياندِرثال آند بودي جارد!,أودّبادس:آي آم ببلز، جتباكس & سبيس أدّبوديتي!
mena-other,Bloomberg.sa,Bloomberg.sa,REVIEW,92,0,36,47.0,47.0,0,36,0.0,100.0,0.0,sa,,EMPTY_DESC=36(100%),Bloomberg: The Opening Trade,The Pulse with Francine Lacqua
mena-other,BloombergOriginals.us@SD,Bloomberg Originals,REVIEW,84,0,49,40.67,40.67,0,0,100.0,81.6,100.0,,,REPEATED_TITLE=82%; LOW_TITLE_DIVERSITY=6%,Bloomberg Originals,Bloomberg Originals
mena-other,BoxOffice1 DIGITAL.qa,BoxOffice1 DIGITAL.qa,REVIEW,76,0,28,42.03,45.0,0,28,100.0,0.0,0.0,qa,,EMPTY_DESC=28(100%); REPEATED_TITLE=100%; LOW_TITLE_DIVERSITY=4%,سمكة البوت بوت,سمكة البوت بوت
mena-other,BoxOffice2 DIGITAL.qa,BoxOffice2 DIGITAL.qa,REVIEW,76,0,21,42.0,46.0,0,21,100.0,0.0,0.0,qa,,EMPTY_DESC=21(100%); REPEATED_TITLE=100%; LOW_TITLE_DIVERSITY=5%,الفايكنغ الأخير,الفايكنغ الأخير
mena-other,C.Sat.ae,C Sat,NO_EPG,65,0,0,0.0,0.0,0,0,0.0,0.0,0.0,ae,NO_PROGRAMMES,,,
mena-other,Calssic.ae,Calssic,NO_EPG,65,0,0,0.0,0.0,0,0,0.0,0.0,0.0,ae,NO_PROGRAMMES,,,
mena-other,Cartoon Network Arabic.sa,Cartoon Network Arabic.sa,PASS,100,1,77,45.67,45.67,0,0,100.0,0.0,100.0,sa,,,كريغ أوف ذا كريك,غريزي آند ذا ليمنغز
mena-other,Cartoon-Network-Arabic-1.qa,Cartoon-Network-Arabic-1.qa,REVIEW,84,0,216,42.65,44.62,0,216,91.7,81.9,0.0,qa,,SHORT_LT_2M=6; EMPTY_DESC=216(100%),أوغي أوغي - اختفاء النجوم,أوغي أوغي - فن الملصقات
mena-other,Cartoonito.sa,Cartoonito.sa,REVIEW,92,0,234,44.83,44.83,0,0,100.0,0.0,100.0,sa,,SHORT_LT_2M=2,مستر بيين:بين هاتشز إيه بلان,مستر بيين:غراونديد
mena-other,CartoonNetworkMENA.uk@SD,Cartoon Network HD,REVIEW,92,0,208,40.58,40.58,0,0,100.0,0.0,100.0,,,LOW_TITLE_DIVERSITY=12%,كلارنس,كلارنس
mena-other,CBeebies-1.qa,CBeebies-1.qa,REVIEW,92,0,199,43.75,44.18,0,199,89.4,81.9,0.0,qa,,EMPTY_DESC=199(100%),E9 | S1 كلمات وحكايات,E55 | S1 دونكي هودي
mena-other,CGTN.ae,CGTN,REVIEW,84,0,92,49.0,49.0,0,92,0.0,100.0,0.0,ae,,EMPTY_DESC=92(100%); LOW_TITLE_DIVERSITY=16%,The World Today,Razor
mena-other,CGTN.Arabic.ae,CGTN Arabic,REVIEW,84,0,90,49.0,49.0,0,90,100.0,100.0,0.0,ae,,EMPTY_DESC=90(100%); LOW_TITLE_DIVERSITY=12%,CGTN — أخبار,حديقة الرسوم المتحركة
mena-other,CHAINE.1.ae,CHAINE 1,NO_EPG,65,0,0,0.0,0.0,0,0,0.0,0.0,0.0,ae,NO_PROGRAMMES,,,
mena-other,CHAINE.2.ae,CHAINE 2,NO_EPG,65,0,0,0.0,0.0,0,0,0.0,0.0,0.0,ae,NO_PROGRAMMES,,,
mena-other,CHAINE.3.ae,CHAINE 3,NO_EPG,65,0,0,0.0,0.0,0,0,0.0,0.0,0.0,ae,NO_PROGRAMMES,,,
mena-other,Channel.8.ae,Channel 8,NO_EPG,65,0,0,0.0,0.0,0,0,0.0,0.0,0.0,ae,NO_PROGRAMMES,,,
mena-other,Cinema One Global.sa,Cinema One Global.sa,REVIEW,92,0,9,16.98,16.98,0,9,0.0,88.9,0.0,sa,,EMPTY_DESC=9(100%),Ang Pinakamahabang Baba Sa Balat Ng Lupa,Love Me Again
mena-other,CineMo.sa,CineMo.sa,REVIEW,92,0,10,17.98,17.98,0,10,0.0,100.0,0.0,sa,,EMPTY_DESC=10(100%),CINEKAMAO,Cinetawanan
mena-other,CN Arabic.sa,CN Arabic.sa,PASS,100,1,77,45.67,45.67,0,0,100.0,0.0,100.0,sa,,,كريغ أوف ذا كريك:أرض الحمم!,غريزي آند ذا ليمينغز:ليمينغز إنداجيسشِن
mena-other,CN English.sa,CN English.sa,PASS,100,1,67,45.92,45.92,0,0,100.0,0.0,100.0,sa,,,كلارنس:وورم بين,عالم غامبول الرائع:ذا فايروس
mena-other,CNBC Arabia.sa,CNBC Arabia.sa,PASS,100,1,68,46.5,46.5,0,0,100.0,4.4,100.0,sa,,,البوصلة,تحت الضوء
mena-other,CNN.International.ae,CNN International,REVIEW,76,0,242,48.42,48.42,0,242,0.0,100.0,0.0,ae,,SHORT_LT_2M=15; EMPTY_DESC=242(100%); LOW_TITLE_DIVERSITY=12%; DUPLICATE_TIMELINE_GROUP=2; DUPLICATE_TIMELINE_UNRELATED,Press Review,News
mena-other,CNNInternational.us@MENA,CNN HD,PASS,100,1,50,41.0,41.0,0,0,100.0,6.0,100.0,,,,سي ان ان نيوزروم,ورلد سبورت
mena-other,Cookies.TV.ae,Cookies TV,NO_EPG,65,0,0,0.0,0.0,0,0,0.0,0.0,0.0,ae,NO_PROGRAMMES,,,
mena-other,CrimePlusInvestigation.us@SD,C & I,PASS,100,1,55,41.25,41.25,0,0,100.0,0.0,100.0,,,,ميردر أت ذا موتيل,ميردر ان ذا 21ست
mena-other,CTV.ae,CTV,NO_EPG,65,0,0,0.0,0.0,0,0,0.0,0.0,0.0,ae,NO_PROGRAMMES,,,
mena-other,Daewa.TV.ae,Daewa TV,NO_EPG,65,0,0,0.0,0.0,0,0,0.0,0.0,0.0,ae,NO_PROGRAMMES,,,
mena-other,Discovery Family HD.sa,Discovery Family HD.sa,PASS,100,1,58,45.0,45.0,0,0,100.0,0.0,100.0,sa,,,سريع ومزعج:دليل ريتشارد لسيارات غالاكسي,من أجل البقاء:باتاغونيا
mena-other,Discovery HD.sa,Discovery HD.sa,PASS,100,1,58,45.72,45.72,0,0,100.0,0.0,100.0,sa,,,بارنوود بيلدرز:كامينغ هوم,بارنوود بيلدرز:بارنوود باكيارد
mena-other,Discovery ID.sa,Discovery ID.sa,PASS,100,1,46,46.0,46.0,0,0,100.0,0.0,100.0,sa,,,ساموان يو ثوت يو نيو:هاي سكول هوموسايد,القاتل بجانبي:الأعمال القاتلة
mena-other,DiscoveryChannelMiddleEastAfrica.us@SD,Discovery Channel HD,PASS,100,1,53,41.82,41.82,0,0,100.0,0.0,100.0,,,,بارنوود بيلدرز,بارنوود بيلدرز
mena-other,Disney Channel.sa,Disney Channel.sa,PASS,100,1,121,44.83,44.83,0,0,100.0,0.0,100.0,sa,,,بيغ سيتي غرينز:كريكيتس شوز / فيود فايت,فينياس آند فيرب:سيبّينغ ويذ ذي إنيمي ...
mena-other,Disney Junior.sa,Disney Junior.sa,REVIEW,92,0,182,44.83,44.83,0,0,100.0,0.0,100.0,sa,,SHORT_LT_2M=2,بلوي:سليبيتايم,بلوي:دادي دروبوفّ
mena-other,Dolly.Alyoom.ae,Dolly Alyoom,NO_EPG,65,0,0,0.0,0.0,0,0,0.0,0.0,0.0,ae,NO_PROGRAMMES,,,
mena-other,Dolly.Cinema.ae,Dolly Cinema,NO_EPG,65,0,0,0.0,0.0,0,0,0.0,0.0,0.0,ae,NO_PROGRAMMES,,,
mena-other,Dolly.Drama.ae,Dolly Drama,NO_EPG,65,0,0,0.0,0.0,0,0,0.0,0.0,0.0,ae,NO_PROGRAMMES,,,
mena-other,Dolly.Mosalsalat.ae,Dolly Mosalsalat,NO_EPG,65,0,0,0.0,0.0,0,0,0.0,0.0,0.0,ae,NO_PROGRAMMES,,,
mena-other,Dolly.Movies.ae,Dolly Movies,NO_EPG,65,0,0,0.0,0.0,0,0,0.0,0.0,0.0,ae,NO_PROGRAMMES,,,
mena-other,Dua.Channel.ae,Dua Channel,NO_EPG,65,0,0,0.0,0.0,0,0,0.0,0.0,0.0,ae,NO_PROGRAMMES,,,
mena-other,Dubai.sa,Dubai.sa,PASS,100,1,54,46.0,46.0,0,0,100.0,0.0,100.0,sa,,,أحلام سعيدة:الحلقة 15,دروب
mena-other,DW.A2.ae,DW A2,NO_EPG,65,0,0,0.0,0.0,0,0,0.0,0.0,0.0,ae,NO_PROGRAMMES,,,
mena-other,DW.Arabia.HD.ae,DW Arabia HD,REVIEW,84,0,91,49.0,49.0,0,91,100.0,100.0,0.0,ae,,EMPTY_DESC=91(100%); LOW_TITLE_DIVERSITY=15%; DUPLICATE_TIMELINE_GROUP=2,عن كثب,صحتك بين يديك
mena-other,DW05.ae,DW05,NO_EPG,65,0,0,0.0,0.0,0,0,0.0,0.0,0.0,ae,NO_PROGRAMMES,,,
mena-other,DZMM TeleRadyo.sa,DZMM TeleRadyo.sa,REVIEW,76,0,17,16.98,16.98,0,17,0.0,100.0,0.0,sa,,EMPTY_DESC=17(100%); REPEATED_TITLE=100%; LOW_TITLE_DIVERSITY=6%,DZMM TeleRadyo,DZMM TeleRadyo
mena-other,eClutch Access.sa,eClutch Access.sa,REVIEW,76,0,46,46.0,46.0,0,46,0.0,100.0,0.0,sa,,EMPTY_DESC=46(100%); REPEATED_TITLE=100%; LOW_TITLE_DIVERSITY=2%,EClutch Access,EClutch Access
mena-other,eClutch Arabic.sa,eClutch Arabic.sa,REVIEW,76,0,46,46.0,46.0,0,46,0.0,100.0,0.0,sa,,EMPTY_DESC=46(100%); REPEATED_TITLE=100%; LOW_TITLE_DIVERSITY=2%,EClutch Live Arabic,EClutch Live Arabic
mena-other,eClutch LIVE 2.sa,eClutch LIVE 2.sa,REVIEW,76,0,46,46.0,46.0,0,46,0.0,100.0,0.0,sa,,EMPTY_DESC=46(100%); REPEATED_TITLE=100%; LOW_TITLE_DIVERSITY=2%,EClutch Live 2,EClutch Live 2
mena-other,eClutch LIVE.sa,eClutch LIVE.sa,REVIEW,76,0,46,46.0,46.0,0,46,0.0,100.0,0.0,sa,,EMPTY_DESC=46(100%); REPEATED_TITLE=100%; LOW_TITLE_DIVERSITY=2%,EClutch Live 1,EClutch Live 1
mena-other,Educational.Channel.ae,Educational Channel,NO_EPG,65,0,0,0.0,0.0,0,0,0.0,0.0,0.0,ae,NO_PROGRAMMES,,,
mena-other,Ekhbaria.ae,Ekhbaria,NO_EPG,65,0,0,0.0,0.0,0,0,0.0,0.0,0.0,ae,NO_PROGRAMMES,,,
mena-other,EL.FadjrDrama.DZ.HD.ae,EL FadjrDrama DZ HD,NO_EPG,65,0,0,0.0,0.0,0,0,0.0,0.0,0.0,ae,NO_PROGRAMMES,,,
mena-other,El.Omda.Al.yom.ae,El Omda Al yom,NO_EPG,65,0,0,0.0,0.0,0,0,0.0,0.0,0.0,ae,NO_PROGRAMMES,,,
mena-other,El.Omda.Drama.ae,El Omda Drama,NO_EPG,65,0,0,0.0,0.0,0,0,0.0,0.0,0.0,ae,NO_PROGRAMMES,,,
mena-other,El.Omda.Hekayat.Film.ae,El Omda Hekayat Film,NO_EPG,65,0,0,0.0,0.0,0,0,0.0,0.0,0.0,ae,NO_PROGRAMMES,,,
mena-other,Elasema.welanas.ae,Elasema welanas,NO_EPG,65,0,0,0.0,0.0,0,0,0.0,0.0,0.0,ae,NO_PROGRAMMES,,,
mena-other,Elzaeem.Cinema.ae,Elzaeem Cinema,NO_EPG,65,0,0,0.0,0.0,0,0,0.0,0.0,0.0,ae,NO_PROGRAMMES,,,
mena-other,Elzaeem.Drama.ae,Elzaeem Drama,NO_EPG,65,0,0,0.0,0.0,0,0,0.0,0.0,0.0,ae,NO_PROGRAMMES,,,
mena-other,EN:.Abdul.Majeed.Abdullah.sa,EN: Abdul Majeed Abdullah,NO_EPG,65,0,0,0.0,0.0,0,0,0.0,0.0,0.0,sa,NO_PROGRAMMES,,,
mena-other,EN:.Aflam.sa,EN: Aflam,REVIEW,84,0,8,18.52,18.52,0,8,0.0,100.0,0.0,sa,,LONG_GT_6H=1; EMPTY_DESC=8(100%),Ga'ana El Bayan El Tali,Walad Wa Bent
mena-other,en:.Al.Arabiya.Business.-.Live.ae,en: Al Arabiya Business - Live,REVIEW,84,0,48,49.0,49.0,0,48,0.0,100.0,0.0,ae,,EMPTY_DESC=48(100%); LOW_TITLE_DIVERSITY=15%,Market Pulse,Al-Aswaq Al-Arabiya
mena-other,EN:.Al.Asouf.Channel.sa,EN: Al Asouf Channel,REVIEW,76,0,64,48.75,48.78,0,64,0.0,100.0,0.0,sa,,EMPTY_DESC=64(100%); REPEATED_TITLE=100%; LOW_TITLE_DIVERSITY=2%,Al Asouf,Al Asouf
mena-other,en:.Al.Hadath.Live.ae,en: Al Hadath Live,REVIEW,76,0,72,49.0,49.0,0,72,0.0,100.0,0.0,ae,,EMPTY_DESC=72(100%); REPEATED_TITLE=94%; LOW_TITLE_DIVERSITY=4%,Al Hadath News,Al Hadath News
mena-other,EN:.Al.Hisn.Channel.sa,EN: Al Hisn Channel,NO_EPG,65,0,0,0.0,0.0,0,0,0.0,0.0,0.0,sa,NO_PROGRAMMES,,,
mena-other,en:.Asianet.ME.ae,en: Asianet ME,REVIEW,92,0,42,50.0,50.0,0,42,0.0,100.0,0.0,ae,,EMPTY_DESC=42(100%),Angane Oru Avadhikkalathu,Kattathe Kilikoodu
mena-other,en:.Asianet.Movies.HD.ae,en: Asianet Movies HD,REVIEW,92,0,19,54.0,54.0,0,19,0.0,100.0,0.0,ae,,EMPTY_DESC=19(100%),Kumbalangi Nights,Malikappuram
mena-other,en:.Asianet.Plus.HD.ae,en: Asianet Plus HD,REVIEW,76,0,42,50.0,50.0,0,42,0.0,100.0,0.0,ae,,EMPTY_DESC=42(100%); REPEATED_TITLE=100%; LOW_TITLE_DIVERSITY=2%,Movie,Movie
mena-other,EN:.Bab.Al.Hara.Channel.sa,EN: Bab Al Hara Channel,NO_EPG,65,0,0,0.0,0.0,0,0,0.0,0.0,0.0,sa,NO_PROGRAMMES,,,
mena-other,EN:.BIG.TIME.sa,EN: BIG TIME,NO_EPG,65,0,0,0.0,0.0,0,0,0.0,0.0,0.0,sa,NO_PROGRAMMES,,,
mena-other,en:.Bloom.ae,en: Bloom,REVIEW,84,0,292,48.23,48.23,0,292,0.0,100.0,0.0,ae,,EMPTY_DESC=292(100%); LOW_TITLE_DIVERSITY=18%,Miniheroes of the forest,Pocoyo
mena-other,en:.Colors.HD.ae,en: Colors HD,REVIEW,84,0,81,49.5,49.5,0,81,0.0,100.0,0.0,ae,,EMPTY_DESC=81(100%); LOW_TITLE_DIVERSITY=11%,Laughter Chefs Unlimited Entertainment,Juhi Mui
mena-other,EN:.El-Podcasters.Channel.sa,EN: El-Podcasters Channel,NO_EPG,65,0,0,0.0,0.0,0,0,0.0,0.0,0.0,sa,NO_PROGRAMMES,,,
mena-other,EN:.El.Le'ba.Channel.sa,EN: El Le'ba Channel,REVIEW,76,0,80,48.2,48.23,0,80,0.0,100.0,0.0,sa,,EMPTY_DESC=80(100%); REPEATED_TITLE=100%; LOW_TITLE_DIVERSITY=1%,El Le'ba: Dawri El Abtal,El Le'ba: Dawri El Abtal
mena-other,EN:.Fairuz.sa,EN: Fairuz,REVIEW,84,0,759,48.18,48.22,0,759,0.0,100.0,0.0,sa,,EMPTY_DESC=759(100%); LOW_TITLE_DIVERSITY=4%,Oudak Rannan,Khetet Qademkom
mena-other,EN:.Majid.Almohandis.sa,EN: Majid Almohandis,NO_EPG,65,0,0,0.0,0.0,0,0,0.0,0.0,0.0,sa,NO_PROGRAMMES,,,
mena-other,EN:.Maraya.Channel.sa,EN: Maraya Channel,REVIEW,84,0,7,16.83,16.83,0,7,0.0,100.0,0.0,sa,,LONG_GT_6H=1; EMPTY_DESC=7(100%),Eshna W Shofna Episode 13,Hakaya Al Maraya Episode 28
mena-other,EN:.Mohammed.Abdu.sa,EN: Mohammed Abdu,NO_EPG,65,0,0,0.0,0.0,0,0,0.0,0.0,0.0,sa,NO_PROGRAMMES,,,
mena-other,EN:.Rabeh.Saqer.sa,EN: Rabeh Saqer,REVIEW,84,0,494,48.22,48.25,0,494,0.0,100.0,0.0,sa,,EMPTY_DESC=494(100%); LOW_TITLE_DIVERSITY=14%,Ystahel Al Tayeb,Azaal Aleak
mena-other,EN:.Red.Bull.TV.sa,EN: Red Bull TV,NO_EPG,65,0,0,0.0,0.0,0,0,0.0,0.0,0.0,sa,NO_PROGRAMMES,,,
mena-other,en:.SET.Max.ae,en: SET Max,REVIEW,92,0,27,50.55,50.55,0,27,0.0,100.0,0.0,ae,,EMPTY_DESC=27(100%),Pyare Mohan,Namastey London
mena-other,EN:.Sikkat.Safar.Channel.sa,EN: Sikkat Safar Channel,NO_EPG,65,0,0,0.0,0.0,0,0,0.0,0.0,0.0,sa,NO_PROGRAMMES,,,
mena-other,en:.Sony.TV.ae,en: Sony TV,REVIEW,84,0,59,49.5,49.5,0,59,0.0,100.0,0.0,ae,,EMPTY_DESC=59(100%); LOW_TITLE_DIVERSITY=12%,Kaun Banega Crorepati,Taarak Mehta Ka Ooltah Chashmah
mena-other,en:.Star.Plus.HD.ae,en: Star Plus HD,REVIEW,84,0,92,49.0,49.0,0,92,0.0,100.0,0.0,ae,,EMPTY_DESC=92(100%); LOW_TITLE_DIVERSITY=12%,Yeh Fitoor Tera,Yeh Rishta Kya Kehlata Hai
mena-other,EN:.Tarab.sa,EN: Tarab,NO_EPG,65,0,0,0.0,0.0,0,0,0.0,0.0,0.0,sa,NO_PROGRAMMES,,,
mena-other,EN:.Wanasa.sa,EN: Wanasa,NO_EPG,65,0,0,0.0,0.0,0,0,0.0,0.0,0.0,sa,NO_PROGRAMMES,,,
mena-other,EN:.WIZZO.Esports.World.Cup.sa,EN: WIZZO Esports World Cup,NO_EPG,65,0,0,0.0,0.0,0,0,0.0,0.0,0.0,sa,NO_PROGRAMMES,,,
mena-other,en:.Zee.TV.HD.ae,en: Zee TV HD,REVIEW,84,0,90,49.0,49.0,0,90,0.0,100.0,0.0,ae,,EMPTY_DESC=90(100%); LOW_TITLE_DIVERSITY=12%,Rabb Se Hai Dua,Jagruti
mena-other,Esport 24.sa,Esport 24.sa,REVIEW,76,0,11,31.02,31.02,0,11,27.3,72.7,0.0,sa,,LONG_GT_6H=3; EMPTY_DESC=11(100%); REPEATED_TITLE=73%,بلاست بريمير,كأس العالم للرياضات الإلكترونية
mena-other,Euro-News.qa,Euro-News.qa,REVIEW,84,0,81,43.77,44.8,0,81,100.0,0.0,0.0,qa,,EMPTY_DESC=81(100%); LOW_TITLE_DIVERSITY=15%,العالم اليوم,ملفات
mena-other,FATAFEAT-1.qa,FATAFEAT-1.qa,REVIEW,84,0,60,44.47,45.0,0,60,100.0,0.0,0.0,qa,,EMPTY_DESC=60(100%); LOW_TITLE_DIVERSITY=12%,ذي إنكريدبول دكتور بول,ذي إنكريدبول دكتور بول
mena-other,Fatafeat.sa,Fatafeat.sa,PASS,100,1,58,45.33,45.33,0,0,100.0,0.0,100.0,sa,,,شو بحب الأورف:الحلقة 15,مع سو أطيب:الحلقة 10
mena-other,FIFAPlus.uk,FIFA+,NO_EPG,65,0,0,0.0,0.0,0,0,0.0,0.0,0.0,,NO_PROGRAMMES,,,
mena-other,Food Network.sa,Food Network.sa,PASS,100,1,62,45.5,45.5,0,0,100.0,0.0,100.0,sa,,,فليفرتاون فود فايت:هيت داي,24 في 24: آخر طاهٍ في المكانة:المرحلة السابعة: الدقة
mena-other,France 24.sa,France 24.sa,REVIEW,92,0,226,44.9,44.9,0,0,100.0,0.0,100.0,sa,,LOW_TITLE_DIVERSITY=15%,رياضة 24,الأخبار
mena-other,France.24.Arabic.ae,France 24 Arabic,REVIEW,76,0,272,48.32,48.32,0,272,91.2,100.0,0.0,ae,,SHORT_LT_2M=24; EMPTY_DESC=272(100%); LOW_TITLE_DIVERSITY=13%,قراءة في الصحف,الأخبار
mena-other,France.24.English.ae,France 24 English,REVIEW,76,0,242,48.42,48.42,0,242,0.0,100.0,0.0,ae,,SHORT_LT_2M=15; EMPTY_DESC=242(100%); LOW_TITLE_DIVERSITY=12%; DUPLICATE_TIMELINE_GROUP=2; DUPLICATE_TIMELINE_UNRELATED,Press Review,News
mena-other,French.ae,French,NO_EPG,65,0,0,0.0,0.0,0,0,0.0,0.0,0.0,ae,NO_PROGRAMMES,,,
mena-other,Gametoon.nl@SD,Gametoon,REVIEW,84,0,24,24.0,24.0,0,0,100.0,100.0,100.0,,,REPEATED_TITLE=100%; LOW_TITLE_DIVERSITY=4%,Gametoon,Gametoon
mena-other,GINXTV.uk@SD,Ginx,PASS,100,1,46,42.0,42.0,0,0,100.0,0.0,100.0,,,,ذا فريست اور,شات اب اند بلاي
mena-other,GMA Life TV.sa,GMA Life TV.sa,REVIEW,92,0,15,16.73,16.73,0,15,0.0,100.0,0.0,sa,,EMPTY_DESC=15(100%),Kalerks,REEL LIFE
mena-other,GMA News TV.sa,GMA News TV.sa,REVIEW,92,0,25,16.98,16.98,0,25,0.0,100.0,0.0,sa,,EMPTY_DESC=25(100%),Agripreneur,Born Impact
mena-other,GMA Pinoy TV.sa,GMA Pinoy TV.sa,REVIEW,92,0,23,16.65,16.65,0,23,0.0,100.0,0.0,sa,,EMPTY_DESC=23(100%),Maria Clara at Ibarra,Born to Shine
mena-other,H2 HD.sa,H2 HD.sa,REVIEW,92,0,22,16.5,16.5,0,22,0.0,100.0,0.0,sa,,EMPTY_DESC=22(100%),Unidentified: Inside America's UFO Investigation,UFO Hunters
mena-other,Hadhramaut TV.eg,Hadhramaut TV.eg,REVIEW,92,0,57,48.0,48.0,0,57,82.5,17.5,0.0,eg,,EMPTY_DESC=57(100%),Riah Al Simom,برنامج أعلام حضرموت وفترة غنائية
mena-other,Haq.TV.ae,Haq TV,NO_EPG,65,0,0,0.0,0.0,0,0,0.0,0.0,0.0,ae,NO_PROGRAMMES,,,
mena-other,HGTV.sa,HGTV.sa,PASS,100,1,79,45.27,45.27,0,0,100.0,0.0,100.0,sa,,,ساعدوني! دمّرت منزلي:هِي سِيد شي سِيد، كول جاسمن,ساعدوني! دمّرت منزلي:هوز ديسجن إز ات أني واي؟
mena-other,HGTVArabia.us@SD,HGTVArabia,REVIEW,92,0,15,13.42,13.42,0,15,100.0,0.0,0.0,,,EMPTY_DESC=15(100%),ماستر شيف أستراليا (موسم 17، حلقة18),بريتنز جوت تالنت (موسم 19، حلقة2)
mena-other,History2MiddleEast.us@SD,H2 HD,PASS,100,1,55,41.25,41.25,0,0,100.0,0.0,100.0,,,,أنيدنتفايد: إنسايد أميركاس يو إف أو إنفستغيشن,يوفو هانترز
mena-other,HistoryMiddleEast.us@SD,History HD,REVIEW,92,0,62,41.25,41.25,0,0,100.0,0.0,100.0,,,LOW_TITLE_DIVERSITY=19%,هستوريز غريتيست مستريز,هستوريز غريتيست مستريز
mena-other,HodHod.TV.ae,HodHod TV,NO_EPG,65,0,0,0.0,0.0,0,0,0.0,0.0,0.0,ae,NO_PROGRAMMES,,,
mena-other,Hogan.TV.ae,Hogan TV,NO_EPG,65,0,0,0.0,0.0,0,0,0.0,0.0,0.0,ae,NO_PROGRAMMES,,,
mena-other,Holly.Quran.ae,Holly Quran,NO_EPG,65,0,0,0.0,0.0,0,0,0.0,0.0,0.0,ae,NO_PROGRAMMES,,,
mena-other,Home.TV.ae,Home TV,NO_EPG,65,0,0,0.0,0.0,0,0,0.0,0.0,0.0,ae,NO_PROGRAMMES,,,
mena-other,Houna.alazm.ae,Houna alazm,NO_EPG,65,0,0,0.0,0.0,0,0,0.0,0.0,0.0,ae,NO_PROGRAMMES,,,
mena-other,I.News.HD.ae,I News HD,NO_EPG,65,0,0,0.0,0.0,0,0,0.0,0.0,0.0,ae,NO_PROGRAMMES,,,
mena-other,i24NEWSArabic.il@SD,I24NEWS عربى,REVIEW,92,0,39,36.0,37.0,0,39,100.0,12.8,0.0,,,EMPTY_DESC=39(100%),الأخبار,المناظرة المسائية
mena-other,iFILM TV.eg,iFILM TV.eg,REVIEW,92,0,13,13.0,13.0,0,13,0.0,100.0,0.0,eg,,EMPTY_DESC=13(100%),The Engineer Child S4,Capital S7
mena-other,iFilm.Arabic.ae,iFilm Arabic,NO_EPG,65,0,0,0.0,0.0,0,0,0.0,0.0,0.0,ae,NO_PROGRAMMES,,,
mena-other,iFilmArabic.ir@SD,آي فيلم,PASS,100,1,11,11.0,11.0,0,0,100.0,36.4,100.0,,,,الروح الطيبة,سيدة العمارة
mena-other,iKA.TV.ae,iKA TV,NO_EPG,65,0,0,0.0,0.0,0,0,0.0,0.0,0.0,ae,NO_PROGRAMMES,,,
mena-other,Imam.Ali.Shrine.TV.ae,Imam Ali Shrine TV,NO_EPG,65,0,0,0.0,0.0,0,0,0.0,0.0,0.0,ae,NO_PROGRAMMES,,,
mena-other,InvestigationDiscovery.uk@SD,Discovery IDX HD,PASS,100,1,41,41.0,41.0,0,0,100.0,4.9,100.0,,,,سوموان يو ثوت يو نيو,ذا كيلر بيسايد مي
mena-other,Iraqia TV.eg,Iraqia TV.eg,REVIEW,92,0,58,47.5,47.5,0,58,69.0,31.0,0.0,eg,,EMPTY_DESC=58(100%),برنامج صباح الخير يا عراق,برنامج صحافتنا
mena-other,Iraqia.Syriac.ae,Iraqia Syriac,NO_EPG,65,0,0,0.0,0.0,0,0,0.0,0.0,0.0,ae,NO_PROGRAMMES,,,
mena-other,Jeem-HD-1-01.qa,Jeem-HD-1-01.qa,REVIEW,92,0,44,43.97,46.0,0,44,0.0,100.0,0.0,qa,,EMPTY_DESC=44(100%),The Powerpuff Girls,Ekans
mena-other,Jin.TV.HD.ae,Jin TV HD,NO_EPG,65,0,0,0.0,0.0,0,0,0.0,0.0,0.0,ae,NO_PROGRAMMES,,,
mena-other,Kadak.ae,Kadak,NO_EPG,65,0,0,0.0,0.0,0,0,0.0,0.0,0.0,ae,NO_PROGRAMMES,,,
mena-other,Kapatid TV5 International.sa,Kapatid TV5 International.sa,REVIEW,92,0,9,16.98,16.98,0,9,0.0,100.0,0.0,sa,,EMPTY_DESC=9(100%),Kusina Ni Mamang,One Balita Pilipinas
mena-other,KBS.World.ae,KBS World,REVIEW,92,0,61,48.92,48.92,0,61,0.0,100.0,0.0,ae,,EMPTY_DESC=61(100%),Love On The Menu,KBS World News Today
mena-other,KidZone Max.sa,KidZone Max.sa,REVIEW,84,0,46,46.0,46.0,0,0,0.0,100.0,100.0,sa,,REPEATED_TITLE=100%; LOW_TITLE_DIVERSITY=2%,KidZone Max,KidZone Max
mena-other,KTO.ae,KTO,NO_EPG,65,0,0,0.0,0.0,0,0,0.0,0.0,0.0,ae,NO_PROGRAMMES,,,
mena-other,LDC.eg,LDC.eg,REVIEW,92,0,36,38.0,38.0,0,36,47.2,66.7,0.0,eg,,EMPTY_DESC=36(100%),برنامج شمس الصباح,Naharukum Saeid
mena-other,Logos.TV.ae,Logos TV,NO_EPG,65,0,0,0.0,0.0,0,0,0.0,0.0,0.0,ae,NO_PROGRAMMES,,,
mena-other,LTV.sa,LTV.sa,REVIEW,84,0,46,46.0,46.0,0,0,100.0,0.0,100.0,sa,,REPEATED_TITLE=100%; LOW_TITLE_DIVERSITY=2%,إل تي في,إل تي في
mena-other,Makan33.il@SD,مكان,REVIEW,92,0,51,39.25,39.25,0,18,100.0,3.9,100.0,,,EMPTY_DESC=18(35%),שידורי רדיו מכאן - מריה וערין (ש.ח.),שידורי רדיו מכאן - כותרת צהריים
mena-other,Marina.HD.ae,Marina HD,NO_EPG,65,0,0,0.0,0.0,0,0,0.0,0.0,0.0,ae,NO_PROGRAMMES,,,
mena-other,MarjaeyatTV.2.HD.ae,MarjaeyatTV 2 HD,NO_EPG,65,0,0,0.0,0.0,0,0,0.0,0.0,0.0,ae,NO_PROGRAMMES,,,
mena-other,Masah.eg,Masah.eg,REVIEW,92,0,55,48.0,48.0,0,55,92.7,7.3,0.0,eg,,EMPTY_DESC=55(100%),برنامج,برنامج
mena-other,Maspero Zaman.eg,Maspero Zaman.eg,REVIEW,92,0,49,37.0,37.0,0,49,34.7,65.3,0.0,eg,,EMPTY_DESC=49(100%),برنامج قصة قصيرة,The City of the Alphabet
mena-other,MCMTop.fr@SD,MCM TOP,REVIEW,76,0,41,41.0,41.0,0,40,100.0,0.0,100.0,,,EMPTY_DESC=40(98%); REPEATED_TITLE=80%; LOW_TITLE_DIVERSITY=10%,توب ميكس,توب ميكس
mena-other,Med.Muzîk.ae,Med Muzîk,NO_EPG,65,0,0,0.0,0.0,0,0,0.0,0.0,0.0,ae,NO_PROGRAMMES,,,
mena-other,Mix Bel Araby.eg,Mix Bel Araby.eg,REVIEW,84,0,46,48.0,48.0,0,46,13.0,87.0,0.0,eg,,EMPTY_DESC=46(100%); LOW_TITLE_DIVERSITY=20%,Forbidden Apple S5,"Love, Reason, Get Even"
mena-other,Mix ONE.eg,Mix ONE.eg,REVIEW,92,0,44,48.0,48.0,0,44,18.2,81.8,0.0,eg,,EMPTY_DESC=44(100%),Forbidden Love,Saraswatichandra
mena-other,Mix.ae,Mix,REVIEW,92,0,23,50.75,50.75,0,23,0.0,100.0,0.0,ae,,EMPTY_DESC=23(100%),Divergent,Avengers: Infinity War
mena-other,Mix.bel.Araby.TV.ae,Mix bel Araby TV,REVIEW,92,0,25,50.0,50.0,0,25,0.0,100.0,0.0,ae,,EMPTY_DESC=25(100%),Al Sharabya,"Desire, Envy, And Revenge"
mena-other,MoonbugKids.uk@SD,Moonbug Kids,REVIEW,92,0,75,42.92,42.92,0,0,100.0,0.0,100.0,,,LOW_TITLE_DIVERSITY=19%,بليبي,بليبي
mena-other,MotorvisionPlus.de@SD,MOTORVISION,PASS,100,1,79,41.42,41.42,0,0,100.0,0.0,100.0,,,,استراليان دراغ رايسنغ تشامبونشب 2024,بطولة فيم كوادكروس العالمية 2026
mena-other,MOVIES1 PREMIERE DIGITAL.qa,MOVIES1 PREMIERE DIGITAL.qa,REVIEW,92,0,23,43.78,46.25,0,23,100.0,0.0,0.0,qa,,EMPTY_DESC=23(100%),المنزل آمن!,هاي غراوند
mena-other,MOVIES2 ACTION DIGITAL.qa,MOVIES2 ACTION DIGITAL.qa,REVIEW,92,0,24,44.27,44.73,0,24,100.0,0.0,0.0,qa,,EMPTY_DESC=24(100%),رجال البدلة السوداء 3,رجال بملابس السوداء: دوليين
mena-other,MOVIES3 DRAMA DIGITAL.qa,MOVIES3 DRAMA DIGITAL.qa,REVIEW,92,0,23,43.22,46.25,0,23,91.3,8.7,0.0,qa,,EMPTY_DESC=23(100%),12 الأيتام الأقوياء,إجازة تطوعية
mena-other,MOVIES4 FAMILY DIGITAL.qa,MOVIES4 FAMILY DIGITAL.qa,REVIEW,92,0,27,43.28,46.28,0,27,100.0,0.0,0.0,qa,,EMPTY_DESC=27(100%),السنافر,بادينجتون في بيرو
mena-other,Mowagahat-1.ae,Mowagahat-1,NO_EPG,65,0,0,0.0,0.0,0,0,0.0,0.0,0.0,ae,NO_PROGRAMMES,,,
mena-other,Mowagahat-2.ae,Mowagahat-2,NO_EPG,65,0,0,0.0,0.0,0,0,0.0,0.0,0.0,ae,NO_PROGRAMMES,,,
mena-other,Mowagahat-8.ae,Mowagahat-8,NO_EPG,65,0,0,0.0,0.0,0,0,0.0,0.0,0.0,ae,NO_PROGRAMMES,,,
mena-other,Mowajahat.ae,Mowajahat,NO_EPG,65,0,0,0.0,0.0,0,0,0.0,0.0,0.0,ae,NO_PROGRAMMES,,,
mena-other,MTA.3.ae,MTA 3,NO_EPG,65,0,0,0.0,0.0,0,0,0.0,0.0,0.0,ae,NO_PROGRAMMES,,,
mena-other,MTV.eg,MTV.eg,REVIEW,92,0,59,47.42,47.42,0,59,67.8,35.6,0.0,eg,,EMPTY_DESC=59(100%),Six of Us,برنامج
mena-other,MTV80s.uk@SD,MTV80s,REVIEW,92,0,18,13.92,13.92,0,18,100.0,0.0,0.0,,,EMPTY_DESC=18(100%),ذي إنكريدبول دكتور بول (موسم 20، حلقة20),ذي إنكريدبول دكتور بول (موسم 20، حلقة12)
mena-other,Myx.sa,Myx.sa,REVIEW,92,0,17,16.98,16.98,0,17,0.0,100.0,0.0,sa,,EMPTY_DESC=17(100%),Press Play,Fresh Content on Myx
mena-other,Nat geo hd.qa,Nat geo hd.qa,REVIEW,84,0,41,38.97,45.0,2,41,100.0,0.0,0.0,qa,,EMPTY_DESC=41(100%); GAPS_GT_2H=2/TOTAL=6.0h,معركة البقاء في المتوسط,في حب الخيول البرية
mena-other,Nat. Geo. AD.sa,Nat. Geo. AD.sa,PASS,100,1,60,45.25,45.25,0,0,100.0,0.0,100.0,sa,,,غوردن رامزي: المجهول,اكتشاف عالم المحيطات
mena-other,Nat. Geo. Wild HD.sa,Nat. Geo. Wild HD.sa,PASS,100,1,63,45.75,45.75,0,0,100.0,0.0,100.0,sa,,,ذي إنكريدابل د. بول:ذا بيغل هاز لانديد,ذي إنكريدابل د. بول:ليلو آند ستيتشيز
mena-other,Nat. Geographic.sa,Nat. Geographic.sa,PASS,100,1,60,45.0,45.0,0,0,100.0,0.0,100.0,sa,,,هاو ذا تيودرز لوست ذير هيدز:بيركن ووربك آند ذا برنسز إن ذا تاور,كار إس.أو.إس:لوتس إيليس
mena-other,NBA DIGITAL.qa,NBA DIGITAL.qa,NO_EPG,65,0,0,0.0,0.0,0,0,0.0,0.0,0.0,qa,NO_PROGRAMMES,,,
mena-other,Nedaa.El.Islam.ae,Nedaa El Islam,NO_EPG,65,0,0,0.0,0.0,0,0,0.0,0.0,0.0,ae,NO_PROGRAMMES,,,
mena-other,Network Arabic.eg,Network Arabic.eg,REVIEW,92,0,48,48.0,48.0,0,48,0.0,100.0,0.0,eg,,EMPTY_DESC=48(100%),Ben 10 S1,The Tom and Jerry Show S5
mena-other,NEWS DIGITAL.qa,NEWS DIGITAL.qa,REVIEW,92,0,79,42.0,44.0,0,79,0.0,100.0,0.0,qa,,EMPTY_DESC=79(100%),News Bulletin,Special Interview - 13/09/26
mena-other,NHK.World.Japan.ae,NHK World Japan,REVIEW,92,0,136,48.75,48.75,0,136,0.0,100.0,0.0,ae,,EMPTY_DESC=136(100%),Newsline Asia 24,Magical Japanese
mena-other,On.Time.Sport.2.HD.ae,On Time Sport 2 HD,NO_EPG,65,0,0,0.0,0.0,0,0,0.0,0.0,0.0,ae,NO_PROGRAMMES,,,
mena-other,One Drama.eg,One Drama.eg,REVIEW,92,0,14,14.0,14.0,0,14,0.0,100.0,0.0,eg,,EMPTY_DESC=14(100%),Cherry Season,My Siblings
mena-other,One Movies.eg,One Movies.eg,NO_EPG,65,0,0,0.0,0.0,0,0,0.0,0.0,0.0,eg,NO_PROGRAMMES,,,
mena-other,One TV.sa,One TV.sa,REVIEW,92,0,35,41.5,41.5,0,5,100.0,100.0,100.0,sa,,EMPTY_DESC=5(14%),Dubai Eye : 2026: Ep 177,Desperate Mrs.Seonju: Ep 109
mena-other,One.America.News.Network.ae,One America News Network,NO_EPG,65,0,0,0.0,0.0,0,0,0.0,0.0,0.0,ae,NO_PROGRAMMES,,,
mena-other,Outdoor.Channel.ae,Outdoor Channel,NO_EPG,65,0,0,0.0,0.0,0,0,0.0,0.0,0.0,ae,NO_PROGRAMMES,,,
mena-other,Padel TV.sa,Padel TV.sa,REVIEW,76,0,29,29.0,29.0,0,29,0.0,100.0,0.0,sa,,EMPTY_DESC=29(100%); REPEATED_TITLE=100%; LOW_TITLE_DIVERSITY=3%,Padel Time TV,Padel Time TV
mena-other,Panorama.Drama.2.ae,Panorama Drama 2,NO_EPG,65,0,0,0.0,0.0,0,0,0.0,0.0,0.0,ae,NO_PROGRAMMES,,,
mena-other,Panorama.Drama.ae,Panorama Drama,NO_EPG,65,0,0,0.0,0.0,0,0,0.0,0.0,0.0,ae,NO_PROGRAMMES,,,
mena-other,Panorama.Film.ae,Panorama Film,NO_EPG,65,0,0,0.0,0.0,0,0,0.0,0.0,0.0,ae,NO_PROGRAMMES,,,
mena-other,Panorama.Food.ae,Panorama Food,REVIEW,84,0,41,49.0,49.0,0,41,0.0,100.0,0.0,ae,,EMPTY_DESC=41(100%); LOW_TITLE_DIVERSITY=20%,Food Secrets,Folk Meals
mena-other,Pishto.ae,Pishto,NO_EPG,65,0,0,0.0,0.0,0,0,0.0,0.0,0.0,ae,NO_PROGRAMMES,,,
mena-other,PraiseLive.Global.ae,PraiseLive Global,NO_EPG,65,0,0,0.0,0.0,0,0,0.0,0.0,0.0,ae,NO_PROGRAMMES,,,
mena-other,Press.TV.HD.ae,Press TV HD,REVIEW,92,0,108,48.83,48.83,0,108,0.0,100.0,0.0,ae,,EMPTY_DESC=108(100%); DUPLICATE_TIMELINE_GROUP=2; DUPLICATE_TIMELINE_UNRELATED,Trip In Korea,K-Culture Minutes: K-Now
mena-other,Quran.Kareem.ae,Quran Kareem,NO_EPG,65,0,0,0.0,0.0,0,0,0.0,0.0,0.0,ae,NO_PROGRAMMES,,,
mena-other,RDK.ae,RDK,NO_EPG,65,0,0,0.0,0.0,0,0,0.0,0.0,0.0,ae,NO_PROGRAMMES,,,
mena-other,RFMTV.fr@SD,RFM TV,REVIEW,84,0,41,41.0,41.0,0,0,100.0,0.0,100.0,,,REPEATED_TITLE=71%; LOW_TITLE_DIVERSITY=10%,ذا بيست وايك اب,ار اف ام هيتس
mena-other,Riyadh Season.sa,Riyadh Season.sa,REVIEW,84,0,46,46.0,46.0,0,0,100.0,0.0,100.0,sa,,REPEATED_TITLE=100%; LOW_TITLE_DIVERSITY=2%,موسم الرياض,موسم الرياض
mena-other,Rojava.TV.HD.ae,Rojava TV HD,NO_EPG,65,0,0,0.0,0.0,0,0,0.0,0.0,0.0,ae,NO_PROGRAMMES,,,
mena-other,Ronahε.TV.ae,Ronahε TV,NO_EPG,65,0,0,0.0,0.0,0,0,0.0,0.0,0.0,ae,NO_PROGRAMMES,,,
mena-other,Roya.sa,Roya.sa,REVIEW,84,0,46,46.0,46.0,0,0,100.0,0.0,100.0,sa,,REPEATED_TITLE=100%; LOW_TITLE_DIVERSITY=2%,رؤيا,رؤيا
mena-other,RT Documentary.sa,RT Documentary.sa,REVIEW,92,0,180,45.02,45.02,0,0,100.0,0.0,100.0,sa,,LOW_TITLE_DIVERSITY=8%,حروب وكوارث,حروب وكوارث
mena-other,RT News.sa,RT News.sa,REVIEW,92,0,91,45.5,45.5,0,0,100.0,0.0,100.0,sa,,LOW_TITLE_DIVERSITY=9%,هيدلاين نيوز,برنامج وثائقي
mena-other,RT.ru@SD,RT English,REVIEW,92,0,82,41.0,41.0,0,0,100.0,9.8,100.0,,,LOW_TITLE_DIVERSITY=8%,أهم الأخبار,وثائقي
mena-other,RTArabic.ru@SD,RT Arabic,REVIEW,76,0,144,40.52,40.52,0,0,100.0,92.4,100.0,,,SHORT_LT_2M=13; REPEATED_TITLE=92%; LOW_TITLE_DIVERSITY=1%,RT Arabic,RT Arabic
mena-other,Sahar.Kurdi.ae,Sahar Kurdi,NO_EPG,65,0,0,0.0,0.0,0,0,0.0,0.0,0.0,ae,NO_PROGRAMMES,,,
mena-other,Salam.HD.ae,Salam HD,NO_EPG,65,0,0,0.0,0.0,0,0,0.0,0.0,0.0,ae,NO_PROGRAMMES,,,
mena-other,Samira.HD.ae,Samira HD,REVIEW,84,0,33,56.0,56.0,0,33,0.0,100.0,0.0,ae,,LONG_GT_6H=3; EMPTY_DESC=33(100%),Fatma,Morning Talks
mena-other,Saout.Alaqila.ae,Saout Alaqila,NO_EPG,65,0,0,0.0,0.0,0,0,0.0,0.0,0.0,ae,NO_PROGRAMMES,,,
mena-other,Sat-7.Arabic.ae,Sat-7 Arabic,NO_EPG,65,0,0,0.0,0.0,0,0,0.0,0.0,0.0,ae,NO_PROGRAMMES,,,
mena-other,Sat-7.Kids.ae,Sat-7 Kids,NO_EPG,65,0,0,0.0,0.0,0,0,0.0,0.0,0.0,ae,NO_PROGRAMMES,,,
mena-other,Sawt.Al-alam.ae,Sawt Al-alam,NO_EPG,65,0,0,0.0,0.0,0,0,0.0,0.0,0.0,ae,NO_PROGRAMMES,,,
mena-other,SBN.ae,SBN,NO_EPG,65,0,0,0.0,0.0,0,0,0.0,0.0,0.0,ae,NO_PROGRAMMES,,,
mena-other,SERIES1 DIGITAL.qa,SERIES1 DIGITAL.qa,REVIEW,84,0,51,43.1,45.0,0,51,94.1,94.1,0.0,qa,,EMPTY_DESC=51(100%); LOW_TITLE_DIVERSITY=20%,E9 | S1 فروم,E4 | S1 يور أونر
mena-other,SERIES2 DIGITAL.qa,SERIES2 DIGITAL.qa,REVIEW,92,0,45,43.0,45.0,0,45,95.6,66.7,0.0,qa,,EMPTY_DESC=45(100%),E2 | S1 القاتل الذي أحبني,E6 | S1 أوراق النسيان
mena-other,Shehab.TV.HD.ae,Shehab TV HD,NO_EPG,65,0,0,0.0,0.0,0,0,0.0,0.0,0.0,ae,NO_PROGRAMMES,,,
mena-other,SmartZone.sa,SmartZone.sa,REVIEW,84,0,46,46.0,46.0,0,0,0.0,100.0,100.0,sa,,REPEATED_TITLE=100%; LOW_TITLE_DIVERSITY=2%,SmartZone,SmartZone
mena-other,Sout.AL.Arab.ae,Sout AL Arab,NO_EPG,65,0,0,0.0,0.0,0,0,0.0,0.0,0.0,ae,NO_PROGRAMMES,,,
mena-other,Space Toon.sa,Space Toon.sa,PASS,100,1,98,45.25,45.25,0,0,100.0,0.0,100.0,sa,,,44 كاتس,بلوي
mena-other,Sport 24.sa,Sport 24.sa,PASS,100,1,46,46.0,46.0,0,0,100.0,0.0,100.0,sa,,,ملفّات:الحلقة 18,سيكرتس أوف سكسيس
mena-other,Sports.First.ae,Sports First,REVIEW,92,0,216,46.62,48.3,0,216,0.0,100.0,0.0,ae,,EMPTY_DESC=216(100%),Belcar 2024 Ep 2 pt 2,Asian Le Mans 2024 Ep 1 pt 1
mena-other,Star Action.sa,Star Action.sa,PASS,100,1,28,47.58,47.58,0,0,100.0,3.6,100.0,sa,,,إكوز أوف وور,بيرييرز باونتي
mena-other,Star Movies HD.sa,Star Movies HD.sa,PASS,100,1,26,46.58,46.58,0,0,100.0,0.0,100.0,sa,,,ويتينغ فور ذا باربيريانز,ذي آنّنون كانتري
mena-other,Star World HD.sa,Star World HD.sa,PASS,100,1,52,46.0,46.0,0,0,100.0,0.0,100.0,sa,,,أفضل طباخ في أستراليا:بريشر تيست: بلين بيرتونتشيلوز ...,بريطانيا لديها مواهب:تجارب الأداء 2
mena-other,stc tv cinema.sa,stc tv cinema.sa,PASS,100,1,27,46.42,46.42,0,0,100.0,0.0,100.0,sa,,,برين أون فاير,جريمة الإيموبيليا
mena-other,stc tv drama.sa,stc tv drama.sa,PASS,100,1,61,45.75,45.75,0,0,100.0,0.0,100.0,sa,,,اليتيم:الحلقة 11,ورد وشوكولاتة:عتبة مباركة
mena-other,stc tv family.sa,stc tv family.sa,PASS,100,1,76,46.0,46.0,0,0,100.0,0.0,100.0,sa,,,ذا ليتل غوست,عيال الحالة:أزمة شارع الثلاثين 2
mena-other,stc tv sports 1 HD.sa,stc tv sports 1 HD.sa,PASS,100,1,28,47.17,47.17,0,0,75.0,25.0,100.0,sa,,,فروسينوني × فينيزيا 2026/27,بارما × مونزا 2026/27
mena-other,stc tv sports HD.sa,stc tv sports HD.sa,PASS,100,1,29,46.5,46.5,0,0,75.9,24.1,100.0,sa,,,فينيزيا × ليتشي 2026/27,نابولي × بولونيا 2026/27
mena-other,STV1 HD.sa,STV1 HD.sa,REVIEW,92,0,38,26.0,26.0,0,38,100.0,0.0,0.0,sa,,EMPTY_DESC=38(100%),صباح السعودية,الأيام الخالية
mena-other,Stêrk.TV.HD.ae,Stêrk TV HD,NO_EPG,65,0,0,0.0,0.0,0,0,0.0,0.0,0.0,ae,NO_PROGRAMMES,,,
mena-other,Sukariya.Cinema.ae,Sukariya Cinema,NO_EPG,65,0,0,0.0,0.0,0,0,0.0,0.0,0.0,ae,NO_PROGRAMMES,,,
mena-other,Sukariya.Classic.ae,Sukariya Classic,NO_EPG,65,0,0,0.0,0.0,0,0,0.0,0.0,0.0,ae,NO_PROGRAMMES,,,
mena-other,Sukariya.Hekayat.ae,Sukariya Hekayat,NO_EPG,65,0,0,0.0,0.0,0,0,0.0,0.0,0.0,ae,NO_PROGRAMMES,,,
mena-other,Sukariya.Zaman.ae,Sukariya Zaman,NO_EPG,65,0,0,0.0,0.0,0,0,0.0,0.0,0.0,ae,NO_PROGRAMMES,,,
mena-other,Taha.ae,Taha,NO_EPG,65,0,0,0.0,0.0,0,0,0.0,0.0,0.0,ae,NO_PROGRAMMES,,,
mena-other,TCM.sa,TCM.sa,PASS,100,1,25,46.58,46.58,0,0,100.0,0.0,100.0,sa,,,لاڤ & آذر دراغز,فيري باد ثينغز
mena-other,Teba.8.ae,Teba 8,NO_EPG,65,0,0,0.0,0.0,0,0,0.0,0.0,0.0,ae,NO_PROGRAMMES,,,
mena-other,TeN TV.eg,TeN TV.eg,REVIEW,92,0,45,48.0,48.0,0,45,68.9,31.1,0.0,eg,,EMPTY_DESC=45(100%),برنامج,Bel Waraqa wel Qalam
mena-other,TFC HD.sa,TFC HD.sa,REVIEW,92,0,19,16.73,16.73,0,19,0.0,100.0,0.0,sa,,EMPTY_DESC=19(100%),TANDEM NG BAYAN,OH MY GAN!
mena-other,Thaqalayn.TV.ae,Thaqalayn TV,NO_EPG,65,0,0,0.0,0.0,0,0,0.0,0.0,0.0,ae,NO_PROGRAMMES,,,
mena-other,Thikrayat Tv.eg,Thikrayat Tv.eg,REVIEW,84,0,57,47.5,47.5,0,57,35.1,64.9,0.0,eg,,EMPTY_DESC=57(100%); LOW_TITLE_DIVERSITY=19%,Abnaa El Ghad 3,برنامج أديب من بلادي
mena-other,TLCArabia.us@SD,TLC HD,PASS,100,1,52,40.98,40.98,0,0,100.0,0.0,100.0,,,,دابيلينغ داون ويذ ذا ديريكوز,90 داي فيانسي: هابيلي إيفر أفتر؟
mena-other,Travel.sa,Travel.sa,PASS,100,1,46,46.0,46.0,0,0,100.0,0.0,100.0,sa,,,بناء آلاسكا:ايه هيليكوبتر دروب,ميستريز آت ذا كاسل:ديكينز أفير
mena-other,TRT.Arabiya.ae,TRT Arabiya,REVIEW,84,0,78,41.0,41.0,0,78,0.0,100.0,0.0,ae,,EMPTY_DESC=78(100%); LOW_TITLE_DIVERSITY=15%,News,Interaction
mena-other,TRT.Kurdî.ae,TRT Kurdî,NO_EPG,65,0,0,0.0,0.0,0,0,0.0,0.0,0.0,ae,NO_PROGRAMMES,,,
mena-other,TRT.World.ae,TRT World,REVIEW,84,0,92,49.0,49.0,0,92,0.0,100.0,0.0,ae,,EMPTY_DESC=92(100%); LOW_TITLE_DIVERSITY=17%; DUPLICATE_TIMELINE_GROUP=2; DUPLICATE_TIMELINE_UNRELATED,Business News,Nexus
mena-other,TV5.Monde.ae,TV5 Monde,REVIEW,84,0,69,47.02,49.23,1,69,5.8,100.0,0.0,ae,,EMPTY_DESC=69(100%); GAPS_GT_2H=1/TOTAL=2.2h,VROUM,CHÂTEAU !
mena-other,TWR.ARABIC.ae,TWR ARABIC,NO_EPG,65,0,0,0.0,0.0,0,0,0.0,0.0,0.0,ae,NO_PROGRAMMES,,,
mena-other,Télé.Tchad.ae,Télé Tchad,NO_EPG,65,0,0,0.0,0.0,0,0,0.0,0.0,0.0,ae,NO_PROGRAMMES,,,
mena-other,Utv.eg,Utv.eg,REVIEW,92,0,14,13.0,13.0,0,14,57.1,42.9,0.0,eg,,EMPTY_DESC=14(100%),Saadaet Al Magnoun,Mashaeir
mena-other,WATAR.SHJ.ae,WATAR SHJ,NO_EPG,65,0,0,0.0,0.0,0,0,0.0,0.0,0.0,ae,NO_PROGRAMMES,,,
mena-other,Wedotv.Big.Stories.ae,Wedotv Big Stories,NO_EPG,65,0,0,0.0,0.0,0,0,0.0,0.0,0.0,ae,NO_PROGRAMMES,,,
mena-other,West.Elbalad.Zaman.ae,West Elbalad Zaman,NO_EPG,65,0,0,0.0,0.0,0,0,0.0,0.0,0.0,ae,NO_PROGRAMMES,,,
mena-other,World.Fishing.Network.ae,World Fishing Network,REVIEW,92,0,97,47.45,48.45,0,97,0.0,100.0,0.0,ae,,EMPTY_DESC=97(100%),Two Conchs Heads to Alaska,Two Conchs Heads to Alaska
mena-other,Wousta from Al Dhaid.sa,Wousta from Al Dhaid.sa,REVIEW,84,0,46,46.0,46.0,0,0,100.0,0.0,100.0,sa,,REPEATED_TITLE=100%; LOW_TITLE_DIVERSITY=2%,الوسطى من الذيد,الوسطى من الذيد
mena-other,WTV.eg,WTV.eg,REVIEW,92,0,62,46.5,47.5,0,62,77.4,22.6,0.0,eg,,EMPTY_DESC=62(100%),Omla Nadra,برنامج وثائقي
mena-other,Yalla.Mosar3a.ae,Yalla Mosar3a,NO_EPG,65,0,0,0.0,0.0,0,0,0.0,0.0,0.0,ae,NO_PROGRAMMES,,,
mena-other,Zarok.TV.ae,Zarok TV,NO_EPG,65,0,0,0.0,0.0,0,0,0.0,0.0,0.0,ae,NO_PROGRAMMES,,,
mena-other,Zee Aflam.sa,Zee Aflam.sa,PASS,100,1,26,48.0,48.0,0,0,100.0,0.0,100.0,sa,,,غودباي,علي
mena-other,Zee Alwan.sa,Zee Alwan.sa,PASS,100,1,46,46.0,46.0,0,0,100.0,0.0,100.0,sa,,,الساحرات الأربعة:الحلقة 4,توابع:الحلقة 6
mena-other,Zekrayat.sa,Zekrayat.sa,PASS,100,1,55,45.5,45.5,0,0,100.0,0.0,100.0,sa,,,المناهل,اختلاف على الهوا
mena-other,Çira.TV.ae,Çira TV,NO_EPG,65,0,0,0.0,0.0,0,0,0.0,0.0,0.0,ae,NO_PROGRAMMES,,,
mena-other,أبو ظبي.eg,أبو ظبي.eg,REVIEW,92,0,18,14.0,14.0,0,10,83.3,22.2,100.0,eg,,EMPTY_DESC=10(56%),internatiol news 2026,برنامج بلادنا امانة
mena-other,أو إس إن شو كايس.eg,أو إس إن شو كايس.eg,PASS,100,1,66,43.75,43.75,0,0,0.0,100.0,100.0,eg,,,After the Thrones,After the Thrones
mena-other,أو إس إن فاميلي موفيز.eg,أو إس إن فاميلي موفيز.eg,PASS,100,1,8,12.42,12.42,0,0,0.0,100.0,100.0,eg,,,Alvin and the Chipmunks: The Road Chip,The Lego Movie
mena-other,أو إس إن كرايم.eg,أو إس إن كرايم.eg,REVIEW,92,0,51,43.75,43.75,0,0,0.0,100.0,100.0,eg,,LOW_TITLE_DIVERSITY=16%,Murder in a Small Town S2,Chicago Fire S14
mena-other,أو إس إن كوميدي.eg,أو إس إن كوميدي.eg,REVIEW,92,0,83,36.83,36.83,0,0,0.0,100.0,100.0,eg,,LOW_TITLE_DIVERSITY=10%,Friends S9,The Big Bang Theory S5
mena-other,أو إس إن كيدز.eg,أو إس إن كيدز.eg,PASS,100,1,59,13.67,13.67,0,0,3.4,96.6,100.0,eg,,,The Croods: Family Tree S2,Tee and Mo
mena-other,أو إس إن موفيز أكشن.eg,أو إس إن موفيز أكشن.eg,PASS,100,1,7,13.75,13.75,0,0,0.0,100.0,100.0,eg,,,Superman IV: The Quest for Peace,Superman
mena-other,أو إس إن موفيز بريميير.eg,أو إس إن موفيز بريميير.eg,PASS,100,1,7,13.33,13.33,0,0,0.0,100.0,100.0,eg,,,The Little Things,In the Heights
mena-other,أو إس إن موفيز كوميدي.eg,أو إس إن موفيز كوميدي.eg,PASS,100,1,25,44.75,44.75,0,0,0.0,100.0,100.0,eg,,,Magic in the Moonlight,Last Love
mena-other,أو إس إن موفيز هوليوود.eg,أو إس إن موفيز هوليوود.eg,PASS,100,1,8,14.5,14.5,0,0,0.0,100.0,100.0,eg,,,Wonder Woman 1984,Jane Got a Gun
mena-other,أو إس إن وان.eg,أو إس إن وان.eg,REVIEW,92,0,54,37.25,37.25,0,6,11.1,100.0,100.0,eg,,EMPTY_DESC=6(11%),Night Court,Vigil S3
mena-other,أو إس إن ياهلا أفلام.eg,أو إس إن ياهلا أفلام.eg,PASS,100,1,28,46.58,46.58,0,0,92.9,7.1,100.0,eg,,,تسليم أهالي,ابن الحاج أحمد
mena-other,أو إس إن ياهلا بالعربي.eg,أو إس إن ياهلا بالعربي.eg,REVIEW,92,0,52,44.67,44.67,0,0,0.0,100.0,100.0,eg,,LOW_TITLE_DIVERSITY=15%,Cranberry Sorbet,My Siblings S4
mena-other,أو إس إن ياهلا.eg,أو إس إن ياهلا.eg,REVIEW,92,0,59,43.92,43.92,0,0,100.0,0.0,100.0,eg,,LOW_TITLE_DIVERSITY=15%,الكبير أوي ج7,سما عالية
mena-other,أو إٍس إن ناو.eg,أو إٍس إن ناو.eg,REVIEW,92,0,48,37.33,37.33,0,6,12.5,100.0,100.0,eg,,EMPTY_DESC=6(12%),برنامج واقعي The Final Pitch: Dubai,CryptoKnights
mena-other,إس بي سي.eg,إس بي سي.eg,REVIEW,92,0,14,14.0,14.0,0,4,100.0,0.0,100.0,eg,,EMPTY_DESC=4(29%),برنامج مطبخ ضحي,رمادي
mena-other,إم بي سي 2.eg,إم بي سي 2.eg,REVIEW,92,0,32,44.5,44.5,0,3,18.8,90.6,100.0,eg,,EMPTY_DESC=3(9%),Batman Begins,The Man from U.N.C.L.E
mena-other,إم بي سي 3.eg,إم بي سي 3.eg,REVIEW,92,0,88,44.0,44.0,0,3,12.5,87.5,100.0,eg,,EMPTY_DESC=3(3%),"Coconut, the Little Dragon",جايمي الفضائي
mena-other,إم بي سي 4.eg,إم بي سي 4.eg,REVIEW,92,0,53,44.25,44.25,0,4,43.4,58.5,100.0,eg,,EMPTY_DESC=4(8%),إش إش,للموت ج3
mena-other,إم بي سي 5.eg,إم بي سي 5.eg,REVIEW,92,0,52,45.08,45.08,0,9,69.2,30.8,100.0,eg,,EMPTY_DESC=9(17%),Vanshaj,بصراحة مع
mena-other,إم بي سي أكشن.eg,إم بي سي أكشن.eg,REVIEW,92,0,46,46.0,46.0,0,26,76.1,76.1,100.0,eg,,EMPTY_DESC=26(57%),أكشن مع وليد,برنامج bear grylls
mena-other,إم بي سي العراق.eg,إم بي سي العراق.eg,REVIEW,92,0,51,44.5,44.5,0,3,76.5,23.5,100.0,eg,,EMPTY_DESC=3(6%),النويلاتي,علي كلاي
mena-other,إم بي سي بوليوود.eg,إم بي سي بوليوود.eg,PASS,100,1,32,44.25,44.25,0,0,12.5,87.5,100.0,eg,,,Mannat: Harr Khushi Paane Ki,Mahnoor
mena-other,إم بي سي دراما.eg,إم بي سي دراما.eg,PASS,100,1,44,44.0,44.0,0,0,75.0,25.0,100.0,eg,,,المداح ج2: أسطورة الوادي,الحفرة ج1
mena-other,إم بي سي ماكس.eg,إم بي سي ماكس.eg,REVIEW,92,0,33,46.17,46.17,0,5,18.2,97.0,100.0,eg,,EMPTY_DESC=5(15%),New Year's Eve,Crazy Stupid Love
mena-other,إم بي سي مصر 2.eg,إم بي سي مصر 2.eg,REVIEW,92,0,40,44.0,44.0,0,4,82.5,17.5,100.0,eg,,EMPTY_DESC=4(10%),صباحك مصري,Uff Yeh Love Hai Mushkil
mena-other,إم بي سي مصر دراما.eg,إم بي سي مصر دراما.eg,REVIEW,92,0,53,43.83,43.83,0,0,83.0,17.0,100.0,eg,,LOW_TITLE_DIVERSITY=11%,ع الحلوة والمرة,الأسطورة
mena-other,إم بي سي مصر.eg,إم بي سي مصر.eg,PASS,100,1,38,46.42,46.42,0,0,76.3,23.7,100.0,eg,,,الحكاية مع عمرو أديب,كلام الناس
mena-other,إم بي سي.eg,إم بي سي.eg,REVIEW,92,0,52,43.75,43.75,0,6,84.6,19.2,100.0,eg,,EMPTY_DESC=6(12%),النويلاتي,صباح الخير يا عرب
mena-other,إم تي في.eg,إم تي في.eg,REVIEW,92,0,52,44.0,44.0,0,31,88.5,13.5,100.0,eg,,EMPTY_DESC=31(60%),Six of Us,برنامج
mena-other,ال دي سي.eg,ال دي سي.eg,REVIEW,92,0,36,38.0,38.0,0,16,100.0,13.9,100.0,eg,,EMPTY_DESC=16(44%),برنامج شمس الصباح,نهاركم سعيد
mena-other,الأولى المغربية.eg,الأولى المغربية.eg,REVIEW,92,0,63,43.83,43.83,0,32,77.8,0.0,100.0,eg,,EMPTY_DESC=32(51%),برنامج أماكن في الذاكرة,برنامج رحلة الخط المغربي
mena-other,التلفزيون العربي 2.eg,التلفزيون العربي 2.eg,REVIEW,92,0,53,44.0,44.0,0,45,100.0,5.7,100.0,eg,,EMPTY_DESC=45(85%),برنامج عالم البهارات,برنامج عشرون
mena-other,الحدث.ae,الحدث.ae,REVIEW,76,0,40,28.0,28.0,0,5,87.5,0.0,100.0,ae,,EMPTY_DESC=5(12%); REPEATED_TITLE=80%; LOW_TITLE_DIVERSITY=10%,أخبار الحدث,أخبار الحدث
mena-other,المحور.eg,المحور.eg,REVIEW,92,0,10,13.0,13.0,0,5,100.0,0.0,100.0,eg,,EMPTY_DESC=5(50%); DUPLICATE_TIMELINE_GROUP=2,حكايات بنات ج2,فيلم
mena-other,الوسط.eg,الوسط.eg,REVIEW,92,0,54,43.25,44.25,0,41,90.7,9.3,100.0,eg,,EMPTY_DESC=41(76%),عملة نادرة,برنامج وثائقي
mena-other,ان ايتش كي الدولي.ps,ان ايتش كي الدولي.ps,REVIEW,92,0,115,40.98,40.98,0,115,0.0,100.0,0.0,ps,,EMPTY_DESC=115(100%),Newsline Asia 24,Magical Japanese
mena-other,اﻹمارات.eg,اﻹمارات.eg,REVIEW,92,0,53,38.5,38.5,0,19,100.0,0.0,100.0,eg,,EMPTY_DESC=19(36%),عين الذيب,أخبار
mena-other,بي إن سيريس إتش دي 2.eg,بي إن سيريس إتش دي 2.eg,PASS,100,1,15,13.42,13.42,0,0,0.0,100.0,100.0,eg,,,NCIS: Sydney S3,King & Conqueror
mena-other,بي إن سيريس.eg,بي إن سيريس.eg,PASS,100,1,13,13.0,13.0,0,0,0.0,84.6,100.0,eg,,,Matlock S2,The Good Doctor S1
mena-other,بي إن موفيز أكشن.eg,بي إن موفيز أكشن.eg,PASS,100,1,25,47.27,47.27,0,0,0.0,100.0,100.0,eg,,,Men in Black: International,My Nanny Stole My Life
mena-other,بي إن موفيز بريمير.eg,بي إن موفيز بريمير.eg,PASS,100,1,24,45.27,45.27,0,0,0.0,100.0,100.0,eg,,,Force of Nature: The Dry 2,Adulthood
mena-other,بي إن موفيز دراما.eg,بي إن موفيز دراما.eg,PASS,100,1,24,44.48,44.48,0,0,0.0,100.0,100.0,eg,,,The Addams Family,Forrest Gump
mena-other,بي إن موفيز فاميلي.eg,بي إن موفيز فاميلي.eg,PASS,100,1,28,46.25,46.25,0,0,0.0,100.0,100.0,eg,,,Are We Done Yet?,Paw Patrol: Jet to the Rescue
mena-other,بي بي سي وورلد نيوز.ps,بي بي سي وورلد نيوز.ps,REVIEW,84,0,104,40.98,40.98,0,104,0.0,100.0,0.0,ps,,EMPTY_DESC=104(100%); LOW_TITLE_DIVERSITY=17%,BBC News,Business Today
mena-other,تن.eg,تن.eg,REVIEW,92,0,43,44.5,44.5,0,27,100.0,0.0,100.0,eg,,EMPTY_DESC=27(63%),برنامج,بالورقة والقلم
mena-other,دبي.eg,دبي.eg,REVIEW,92,0,43,36.5,36.5,0,20,76.7,25.6,100.0,eg,,EMPTY_DESC=20(47%),برنامج دروب,جزيرة غمام
mena-other,دي إم سي.eg,دي إم سي.eg,REVIEW,84,0,20,35.33,35.33,0,9,100.0,0.0,100.0,eg,,LONG_GT_6H=1; EMPTY_DESC=9(45%),حفل غنائي,فيلم عربي
mena-other,رؤيا.eg,رؤيا.eg,REVIEW,92,0,36,46.0,46.0,0,10,100.0,0.0,100.0,eg,,EMPTY_DESC=10(28%),دنيا يا دنيا,مطبخ رؤيا
mena-other,روتانا سينما.eg,روتانا سينما.eg,PASS,100,1,22,40.0,40.0,0,0,100.0,0.0,100.0,eg,,,عسل إسود,مهمة صعبة جدا
mena-other,ستار ورلد.eg,ستار ورلد.eg,PASS,100,1,15,13.42,13.42,0,0,0.0,100.0,100.0,eg,,,MasterChef Australia S15,Britain's Got Talent 14
mena-other,سما دبي.eg,سما دبي.eg,REVIEW,92,0,54,44.0,44.0,0,26,100.0,0.0,100.0,eg,,EMPTY_DESC=26(48%),برنامج عليكم بالعافية,برنامج رواق الفكر
mena-other,عمان.eg,عمان.eg,REVIEW,92,0,83,44.5,44.5,0,44,85.5,14.5,100.0,eg,,EMPTY_DESC=44(53%),نشرة أخبار الحادية عشر,عطر الشام ج3
mena-other,قناة العاصوف.ae,قناة العاصوف.ae,REVIEW,92,0,7,5.08,5.08,0,0,100.0,0.0,100.0,ae,,SPARSE_COVERAGE=5.1h,العاصوف الموسم 3 الحلقة 16,العاصوف الموسم 3 الحلقة 17
mena-other,قناة الكبير أوي.ae,قناة الكبير أوي.ae,REVIEW,92,0,10,4.55,4.55,0,0,100.0,0.0,100.0,ae,,SPARSE_COVERAGE=4.5h,الكبير الموسم 1 الحلقة 2,الكبير الموسم 1 الحلقة 3
mena-other,قناة اللعبة.ae,قناة اللعبة.ae,PASS,100,1,45,27.55,27.55,0,0,100.0,0.0,100.0,ae,,,اللعبة: دوري الأبطال موسم 4 حلقة 4,اللعبة: دوري الأبطال موسم 4 حلقة 5
mena-other,قناة طاش.ae,قناة طاش.ae,REVIEW,92,0,8,4.5,4.5,0,0,100.0,0.0,100.0,ae,,SPARSE_COVERAGE=4.5h,طاش ما طاش موسم 17 حلقة 22,طاش ما طاش موسم 17 حلقة 23
mena-other,قناة مسرح مصر.ae,قناة مسرح مصر.ae,REVIEW,92,0,4,5.27,5.27,0,0,100.0,0.0,100.0,ae,,SPARSE_COVERAGE=5.3h,مسرح مصر الموسم 4 الحلقة 20,مسرح مصر الموسم 1 الحلقة 17
mena-other,قناة مصر الأولى.eg,قناة مصر الأولى.eg,REVIEW,92,0,35,36.0,36.0,0,18,100.0,0.0,100.0,eg,,EMPTY_DESC=18(51%); DUPLICATE_TIMELINE_GROUP=2; DUPLICATE_TIMELINE_UNRELATED,نيللي وشريهان,لن أعيش في جلباب أبي
mena-other,ميكس وان.eg,ميكس وان.eg,REVIEW,92,0,40,44.0,44.0,0,7,45.0,55.0,100.0,eg,,EMPTY_DESC=7(18%),Forbidden Love,Saraswatichandra
mena-other,ناصر القصبي.ae,ناصر القصبي.ae,PASS,100,1,36,27.47,27.47,0,0,100.0,0.0,100.0,ae,,,ابو الملايين موسم 1 حلقة 6,ابو الملايين موسم 1 حلقة 7
mena-other,نايل دراما.eg,نايل دراما.eg,PASS,100,1,13,13.0,13.0,0,0,100.0,0.0,100.0,eg,,,حلم الجنوبي,حلم الجنوبي
mena-other,نايل لايف.eg,نايل لايف.eg,REVIEW,92,0,37,38.0,38.0,0,23,100.0,0.0,100.0,eg,,EMPTY_DESC=23(62%),نهارك سعيد,برنامج سبوت لايت
mena-other,نتورك بالعربية.eg,نتورك بالعربية.eg,PASS,100,1,44,44.0,44.0,0,0,0.0,100.0,100.0,eg,,,Ben 10 S1,The Tom and Jerry Show S5
mena-other,وان دراما.eg,وان دراما.eg,PASS,100,1,14,14.0,14.0,0,0,0.0,100.0,100.0,eg,,,Cherry Season,My Siblings
mena-other,وان موفيز.eg,وان موفيز.eg,NO_EPG,65,0,0,0.0,0.0,0,0,0.0,0.0,0.0,eg,NO_PROGRAMMES,,,
mena-other,يو تي في.eg,يو تي في.eg,REVIEW,92,0,14,13.0,13.0,0,8,100.0,0.0,100.0,eg,,EMPTY_DESC=8(57%),سعادة المجنون,مشاعر
